1792 17920 81536
1 324
1 638
1 939
1 2443
1 2534
1 3211
1 3288
1 3454
1 3512
1 5875
1 6037
1 6123
1 6204
1 7018
1 7786
1 8109
1 8243
1 8397
1 8463
1 8969
1 9079
1 9281
1 9382
1 9595
1 11006
1 11748
1 11798
1 11910
1 12012
1 12353
1 13479
1 13953
1 14025
1 14220
1 14303
1 15223
1 15687
1 16275
1 17078
1 17196
1 17309
1 17389
2 325
2 639
2 940
2 2444
2 2535
2 3212
2 3289
2 3455
2 3513
2 5876
2 6038
2 6124
2 6205
2 7019
2 7787
2 8110
2 8244
2 8398
2 8464
2 8970
2 9080
2 9282
2 9383
2 9596
2 11007
2 11749
2 11799
2 11911
2 12013
2 12354
2 13480
2 13954
2 14026
2 14221
2 14304
2 15224
2 15688
2 16276
2 17079
2 17197
2 17310
2 17390
3 326
3 640
3 941
3 2445
3 2536
3 3213
3 3290
3 3456
3 3514
3 5877
3 6039
3 6125
3 6206
3 7020
3 7788
3 8111
3 8245
3 8399
3 8465
3 8971
3 9081
3 9283
3 9384
3 9597
3 11008
3 11750
3 11800
3 11912
3 12014
3 12355
3 13481
3 13955
3 14027
3 14222
3 14305
3 15225
3 15689
3 16277
3 17080
3 17198
3 17311
3 17391
4 327
4 641
4 942
4 2446
4 2537
4 3214
4 3291
4 3457
4 3515
4 5878
4 6040
4 6126
4 6207
4 7021
4 7789
4 8112
4 8246
4 8400
4 8466
4 8972
4 9082
4 9284
4 9385
4 9598
4 11009
4 11751
4 11801
4 11913
4 12015
4 12356
4 13482
4 13956
4 14028
4 14223
4 14306
4 15226
4 15690
4 16278
4 17081
4 17199
4 17312
4 17392
5 328
5 642
5 943
5 2447
5 2538
5 3215
5 3292
5 3458
5 3516
5 5879
5 6041
5 6127
5 6208
5 7022
5 7790
5 8113
5 8247
5 8289
5 8467
5 8973
5 9083
5 9285
5 9386
5 9599
5 11010
5 11752
5 11802
5 11914
5 12016
5 12357
5 13483
5 13957
5 14029
5 14224
5 14307
5 15227
5 15691
5 16279
5 17082
5 17200
5 17313
5 17393
6 329
6 643
6 944
6 2448
6 2539
6 3216
6 3293
6 3459
6 3517
6 5880
6 6042
6 6128
6 6209
6 7023
6 7791
6 8114
6 8248
6 8290
6 8468
6 8974
6 9084
6 9286
6 9387
6 9600
6 11011
6 11753
6 11803
6 11915
6 12017
6 12358
6 13484
6 13958
6 14030
6 14113
6 14308
6 15228
6 15692
6 16280
6 17083
6 17201
6 17314
6 17394
7 330
7 644
7 945
7 2449
7 2540
7 3217
7 3294
7 3460
7 3518
7 5881
7 6043
7 6129
7 6210
7 7024
7 7792
7 8115
7 8249
7 8291
7 8469
7 8975
7 9085
7 9287
7 9388
7 9601
7 11012
7 11754
7 11804
7 11916
7 12018
7 12359
7 13485
7 13959
7 14031
7 14114
7 14309
7 15229
7 15693
7 16281
7 17084
7 17202
7 17315
7 17395
8 331
8 645
8 946
8 2450
8 2541
8 3218
8 3295
8 3461
8 3519
8 5882
8 6044
8 6130
8 6211
8 7025
8 7793
8 8116
8 8250
8 8292
8 8470
8 8976
8 9086
8 9288
8 9389
8 9602
8 11013
8 11755
8 11805
8 11917
8 12019
8 12360
8 13486
8 13960
8 14032
8 14115
8 14310
8 15230
8 15694
8 16282
8 17085
8 17203
8 17316
8 17396
9 332
9 646
9 947
9 2451
9 2542
9 3219
9 3296
9 3462
9 3520
9 5883
9 6045
9 6131
9 6212
9 7026
9 7794
9 8117
9 8251
9 8293
9 8471
9 8977
9 9087
9 9289
9 9390
9 9603
9 11014
9 11756
9 11806
9 11918
9 12020
9 12361
9 13487
9 13961
9 14033
9 14116
9 14311
9 15231
9 15695
9 16283
9 17086
9 17204
9 17317
9 17397
10 333
10 647
10 948
10 2452
10 2543
10 3220
10 3297
10 3463
10 3521
10 5884
10 6046
10 6132
10 6213
10 7027
10 7795
10 8118
10 8252
10 8294
10 8472
10 8978
10 9088
10 9290
10 9391
10 9604
10 11015
10 11757
10 11807
10 11919
10 12021
10 12362
10 13488
10 13962
10 14034
10 14117
10 14312
10 15232
10 15696
10 16284
10 17087
10 17205
10 17318
10 17398
11 334
11 648
11 949
11 2453
11 2544
11 3221
11 3298
11 3464
11 3522
11 5885
11 6047
11 6133
11 6214
11 7028
11 7796
11 8119
11 8253
11 8295
11 8473
11 8979
11 9089
11 9291
11 9392
11 9605
11 11016
11 11758
11 11808
11 11920
11 12022
11 12363
11 13489
11 13963
11 14035
11 14118
11 14313
11 15121
11 15697
11 16285
11 17088
11 17206
11 17319
11 17399
12 335
12 649
12 950
12 2454
12 2545
12 3222
12 3299
12 3465
12 3523
12 5886
12 6048
12 6134
12 6215
12 7029
12 7797
12 8120
12 8254
12 8296
12 8474
12 8980
12 9090
12 9292
12 9393
12 9606
12 11017
12 11759
12 11809
12 11921
12 12023
12 12364
12 13490
12 13964
12 14036
12 14119
12 14314
12 15122
12 15698
12 16286
12 17089
12 17207
12 17320
12 17400
13 336
13 650
13 951
13 2455
13 2546
13 3223
13 3300
13 3466
13 3524
13 5887
13 5937
13 6135
13 6216
13 7030
13 7798
13 8121
13 8255
13 8297
13 8475
13 8981
13 9091
13 9293
13 9394
13 9607
13 11018
13 11760
13 11810
13 11922
13 12024
13 12365
13 13491
13 13965
13 14037
13 14120
13 14315
13 15123
13 15699
13 16287
13 17090
13 17208
13 17321
13 17401
14 225
14 651
14 952
14 2456
14 2547
14 3224
14 3301
14 3467
14 3525
14 5888
14 5938
14 6136
14 6217
14 7031
14 7799
14 8122
14 8256
14 8298
14 8476
14 8982
14 9092
14 9294
14 9395
14 9608
14 11019
14 11649
14 11811
14 11923
14 12025
14 12366
14 13492
14 13966
14 14038
14 14121
14 14316
14 15124
14 15700
14 16288
14 17091
14 17209
14 17322
14 17402
15 226
15 652
15 953
15 2457
15 2548
15 3225
15 3302
15 3468
15 3526
15 5889
15 5939
15 6137
15 6218
15 7032
15 7800
15 8123
15 8257
15 8299
15 8477
15 8983
15 9093
15 9295
15 9396
15 9609
15 11020
15 11650
15 11812
15 11924
15 12026
15 12367
15 13493
15 13967
15 14039
15 14122
15 14317
15 15125
15 15701
15 16289
15 17092
15 17210
15 17323
15 17403
16 227
16 653
16 954
16 2458
16 2549
16 3226
16 3303
16 3469
16 3527
16 5890
16 5940
16 6138
16 6219
16 7033
16 7801
16 8124
16 8258
16 8300
16 8478
16 8984
16 9094
16 9296
16 9397
16 9610
16 11021
16 11651
16 11813
16 11925
16 12027
16 12368
16 13494
16 13968
16 14040
16 14123
16 14318
16 15126
16 15702
16 16290
16 17093
16 17211
16 17324
16 17404
17 228
17 654
17 955
17 2459
17 2550
17 3227
17 3304
17 3470
17 3528
17 5891
17 5941
17 6139
17 6220
17 7034
17 7802
17 8125
17 8259
17 8301
17 8479
17 8985
17 9095
17 9185
17 9398
17 9611
17 11022
17 11652
17 11814
17 11926
17 12028
17 12369
17 13495
17 13969
17 14041
17 14124
17 14319
17 15127
17 15703
17 16291
17 17094
17 17212
17 17325
17 17405
18 229
18 655
18 956
18 2460
18 2551
18 3228
18 3305
18 3471
18 3529
18 5892
18 5942
18 6140
18 6221
18 7035
18 7803
18 8126
18 8260
18 8302
18 8480
18 8986
18 9096
18 9186
18 9399
18 9612
18 11023
18 11653
18 11815
18 11927
18 12029
18 12370
18 13496
18 13970
18 14042
18 14125
18 14320
18 15128
18 15704
18 16292
18 17095
18 17213
18 17326
18 17406
19 230
19 656
19 957
19 2461
19 2552
19 3229
19 3306
19 3472
19 3530
19 5893
19 5943
19 6141
19 6222
19 7036
19 7804
19 8127
19 8261
19 8303
19 8481
19 8987
19 9097
19 9187
19 9400
19 9613
19 11024
19 11654
19 11816
19 11928
19 12030
19 12371
19 13497
19 13971
19 14043
19 14126
19 14321
19 15129
19 15705
19 16293
19 17096
19 17214
19 17327
19 17407
20 231
20 657
20 958
20 2462
20 2553
20 3230
20 3307
20 3361
20 3531
20 5894
20 5944
20 6142
20 6223
20 7037
20 7805
20 8128
20 8262
20 8304
20 8482
20 8988
20 9098
20 9188
20 9401
20 9614
20 11025
20 11655
20 11817
20 11929
20 12031
20 12372
20 13498
20 13972
20 14044
20 14127
20 14322
20 15130
20 15706
20 16294
20 17097
20 17215
20 17328
20 17408
21 232
21 658
21 959
21 2463
21 2554
21 3231
21 3308
21 3362
21 3532
21 5895
21 5945
21 6143
21 6224
21 7038
21 7806
21 8129
21 8263
21 8305
21 8483
21 8989
21 9099
21 9189
21 9402
21 9615
21 11026
21 11656
21 11818
21 11930
21 12032
21 12373
21 13499
21 13973
21 14045
21 14128
21 14323
21 15131
21 15707
21 16295
21 17098
21 17216
21 17329
21 17409
22 233
22 659
22 960
22 2464
22 2555
22 3232
22 3309
22 3363
22 3533
22 5896
22 5946
22 6144
22 6225
22 7039
22 7807
22 8130
22 8264
22 8306
22 8484
22 8990
22 9100
22 9190
22 9403
22 9616
22 11027
22 11657
22 11819
22 11931
22 12033
22 12374
22 13500
22 13974
22 14046
22 14129
22 14324
22 15132
22 15708
22 16296
22 17099
22 17217
22 17330
22 17410
23 234
23 660
23 961
23 2353
23 2556
23 3233
23 3310
23 3364
23 3534
23 5897
23 5947
23 6145
23 6226
23 7040
23 7808
23 8131
23 8265
23 8307
23 8485
23 8991
23 9101
23 9191
23 9404
23 9617
23 11028
23 11658
23 11820
23 11932
23 12034
23 12375
23 13501
23 13975
23 14047
23 14130
23 14325
23 15133
23 15709
23 16297
23 17100
23 17218
23 17331
23 17411
24 235
24 661
24 962
24 2354
24 2557
24 3234
24 3311
24 3365
24 3535
24 5898
24 5948
24 6146
24 6227
24 7041
24 7809
24 8132
24 8266
24 8308
24 8486
24 8992
24 9102
24 9192
24 9405
24 9618
24 11029
24 11659
24 11821
24 11933
24 12035
24 12376
24 13502
24 13976
24 14048
24 14131
24 14326
24 15134
24 15710
24 16298
24 17101
24 17219
24 17332
24 17412
25 236
25 662
25 963
25 2355
25 2558
25 3235
25 3312
25 3366
25 3536
25 5899
25 5949
25 6147
25 6228
25 7042
25 7810
25 8133
25 8267
25 8309
25 8487
25 8993
25 9103
25 9193
25 9406
25 9619
25 11030
25 11660
25 11822
25 11934
25 12036
25 12377
25 13503
25 13977
25 14049
25 14132
25 14327
25 15135
25 15711
25 16299
25 17102
25 17220
25 17333
25 17413
26 237
26 663
26 964
26 2356
26 2559
26 3236
26 3313
26 3367
26 3537
26 5900
26 5950
26 6148
26 6229
26 7043
26 7811
26 8134
26 8268
26 8310
26 8488
26 8994
26 9104
26 9194
26 9407
26 9620
26 11031
26 11661
26 11823
26 11935
26 12037
26 12378
26 13504
26 13978
26 14050
26 14133
26 14328
26 15136
26 15712
26 16300
26 17103
26 17221
26 17334
26 17414
27 238
27 664
27 965
27 2357
27 2560
27 3237
27 3314
27 3368
27 3538
27 5901
27 5951
27 6149
27 6230
27 7044
27 7812
27 8135
27 8269
27 8311
27 8489
27 8995
27 9105
27 9195
27 9408
27 9621
27 11032
27 11662
27 11824
27 11936
27 12038
27 12379
27 13505
27 13979
27 14051
27 14134
27 14329
27 15137
27 15713
27 16301
27 17104
27 17222
27 17335
27 17415
28 239
28 665
28 966
28 2358
28 2561
28 3238
28 3315
28 3369
28 3539
28 5902
28 5952
28 6150
28 6231
28 7045
28 7813
28 8136
28 8270
28 8312
28 8490
28 8996
28 9106
28 9196
28 9297
28 9622
28 11033
28 11663
28 11825
28 11937
28 12039
28 12380
28 13506
28 13980
28 14052
28 14135
28 14330
28 15138
28 15714
28 16302
28 17105
28 17223
28 17336
28 17416
29 240
29 666
29 967
29 2359
29 2562
29 3239
29 3316
29 3370
29 3540
29 5903
29 5953
29 6151
29 6232
29 7046
29 7814
29 8137
29 8271
29 8313
29 8491
29 8997
29 9107
29 9197
29 9298
29 9623
29 11034
29 11664
29 11826
29 11938
29 12040
29 12381
29 13507
29 13981
29 14053
29 14136
29 14331
29 15139
29 15715
29 16303
29 17106
29 17224
29 17337
29 17417
30 241
30 667
30 968
30 2360
30 2563
30 3240
30 3317
30 3371
30 3541
30 5904
30 5954
30 6152
30 6233
30 7047
30 7815
30 8138
30 8272
30 8314
30 8492
30 8998
30 9108
30 9198
30 9299
30 9624
30 11035
30 11665
30 11827
30 11939
30 12041
30 12382
30 13508
30 13982
30 14054
30 14137
30 14332
30 15140
30 15716
30 16304
30 17107
30 17225
30 17338
30 17418
31 242
31 668
31 969
31 2361
31 2564
31 3241
31 3318
31 3372
31 3542
31 5905
31 5955
31 6153
31 6234
31 7048
31 7816
31 8139
31 8273
31 8315
31 8493
31 8999
31 9109
31 9199
31 9300
31 9625
31 11036
31 11666
31 11828
31 11940
31 12042
31 12383
31 13509
31 13983
31 14055
31 14138
31 14333
31 15141
31 15717
31 16305
31 17108
31 17226
31 17339
31 17419
32 243
32 669
32 970
32 2362
32 2565
32 3242
32 3319
32 3373
32 3543
32 5906
32 5956
32 6154
32 6235
32 7049
32 7817
32 8140
32 8274
32 8316
32 8494
32 9000
32 9110
32 9200
32 9301
32 9626
32 11037
32 11667
32 11829
32 11941
32 12043
32 12384
32 13510
32 13984
32 14056
32 14139
32 14334
32 15142
32 15718
32 16306
32 17109
32 17227
32 17340
32 17420
33 244
33 670
33 971
33 2363
33 2566
33 3243
33 3320
33 3374
33 3544
33 5907
33 5957
33 6155
33 6236
33 7050
33 7818
33 8141
33 8275
33 8317
33 8495
33 9001
33 9111
33 9201
33 9302
33 9627
33 11038
33 11668
33 11830
33 11942
33 12044
33 12385
33 13511
33 13985
33 14057
33 14140
33 14335
33 15143
33 15719
33 16307
33 17110
33 17228
33 17341
33 17421
34 245
34 671
34 972
34 2364
34 2567
34 3244
34 3321
34 3375
34 3545
34 5908
34 5958
34 6156
34 6237
34 7051
34 7819
34 8142
34 8276
34 8318
34 8496
34 9002
34 9112
34 9202
34 9303
34 9628
34 11039
34 11669
34 11831
34 11943
34 12045
34 12386
34 13512
34 13986
34 14058
34 14141
34 14336
34 15144
34 15720
34 16308
34 17111
34 17229
34 17342
34 17422
35 246
35 672
35 973
35 2365
35 2568
35 3245
35 3322
35 3376
35 3546
35 5909
35 5959
35 6157
35 6238
35 7052
35 7820
35 8143
35 8277
35 8319
35 8497
35 9003
35 9113
35 9203
35 9304
35 9629
35 11040
35 11670
35 11832
35 11944
35 12046
35 12387
35 13513
35 13987
35 14059
35 14142
35 14225
35 15145
35 15721
35 16309
35 17112
35 17230
35 17343
35 17423
36 247
36 561
36 974
36 2366
36 2569
36 3246
36 3323
36 3377
36 3547
36 5910
36 5960
36 6158
36 6239
36 7053
36 7821
36 8144
36 8278
36 8320
36 8498
36 9004
36 9114
36 9204
36 9305
36 9630
36 11041
36 11671
36 11833
36 11945
36 12047
36 12388
36 13514
36 13988
36 14060
36 14143
36 14226
36 15146
36 15722
36 16310
36 17113
36 17231
36 17344
36 17424
37 248
37 562
37 975
37 2367
37 2570
37 3247
37 3324
37 3378
37 3548
37 5911
37 5961
37 6159
37 6240
37 7054
37 7822
37 8145
37 8279
37 8321
37 8499
37 9005
37 9115
37 9205
37 9306
37 9631
37 11042
37 11672
37 11834
37 11946
37 12048
37 12389
37 13515
37 13989
37 14061
37 14144
37 14227
37 15147
37 15723
37 16311
37 17114
37 17232
37 17345
37 17425
38 249
38 563
38 976
38 2368
38 2571
38 3248
38 3325
38 3379
38 3549
38 5912
38 5962
38 6160
38 6241
38 7055
38 7823
38 8146
38 8280
38 8322
38 8500
38 9006
38 9116
38 9206
38 9307
38 9632
38 11043
38 11673
38 11835
38 11947
38 12049
38 12390
38 13516
38 13990
38 14062
38 14145
38 14228
38 15148
38 15724
38 16312
38 17115
38 17233
38 17346
38 17426
39 250
39 564
39 977
39 2369
39 2572
39 3137
39 3326
39 3380
39 3550
39 5913
39 5963
39 6049
39 6242
39 7056
39 7824
39 8147
39 8281
39 8323
39 8501
39 9007
39 9117
39 9207
39 9308
39 9521
39 11044
39 11674
39 11836
39 11948
39 12050
39 12391
39 13517
39 13991
39 14063
39 14146
39 14229
39 15149
39 15725
39 16313
39 17116
39 17234
39 17347
39 17427
40 251
40 565
40 978
40 2370
40 2573
40 3138
40 3327
40 3381
40 3551
40 5914
40 5964
40 6050
40 6243
40 6945
40 7825
40 8148
40 8282
40 8324
40 8502
40 9008
40 9118
40 9208
40 9309
40 9522
40 11045
40 11675
40 11837
40 11949
40 12051
40 12392
40 13518
40 13992
40 14064
40 14147
40 14230
40 15150
40 15726
40 16314
40 17117
40 17235
40 17348
40 17428
41 252
41 566
41 979
41 2371
41 2574
41 3139
41 3328
41 3382
41 3552
41 5915
41 5965
41 6051
41 6244
41 6946
41 7826
41 8149
41 8283
41 8325
41 8503
41 9009
41 9119
41 9209
41 9310
41 9523
41 11046
41 11676
41 11838
41 11950
41 12052
41 12393
41 13519
41 13993
41 14065
41 14148
41 14231
41 15151
41 15727
41 16315
41 17118
41 17236
41 17349
41 17429
42 253
42 567
42 980
42 2372
42 2575
42 3140
42 3329
42 3383
42 3553
42 5916
42 5966
42 6052
42 6245
42 6947
42 7827
42 8150
42 8284
42 8326
42 8504
42 9010
42 9120
42 9210
42 9311
42 9524
42 11047
42 11677
42 11839
42 11951
42 12053
42 12394
42 13520
42 13994
42 14066
42 14149
42 14232
42 15152
42 15728
42 16316
42 17119
42 17237
42 17350
42 17430
43 254
43 568
43 981
43 2373
43 2576
43 3141
43 3330
43 3384
43 3554
43 5917
43 5967
43 6053
43 6246
43 6948
43 7828
43 8151
43 8285
43 8327
43 8505
43 9011
43 9121
43 9211
43 9312
43 9525
43 11048
43 11678
43 11840
43 11952
43 12054
43 12395
43 13521
43 13995
43 14067
43 14150
43 14233
43 15153
43 15729
43 16317
43 17120
43 17238
43 17351
43 17431
44 255
44 569
44 982
44 2374
44 2465
44 3142
44 3331
44 3385
44 3555
44 5918
44 5968
44 6054
44 6247
44 6949
44 7829
44 8152
44 8286
44 8328
44 8506
44 9012
44 9122
44 9212
44 9313
44 9526
44 11049
44 11679
44 11841
44 11953
44 12055
44 12396
44 13522
44 13996
44 14068
44 14151
44 14234
44 15154
44 15730
44 16318
44 17121
44 17239
44 17352
44 17432
45 256
45 570
45 983
45 2375
45 2466
45 3143
45 3332
45 3386
45 3556
45 5919
45 5969
45 6055
45 6248
45 6950
45 7830
45 8153
45 8287
45 8329
45 8507
45 9013
45 9123
45 9213
45 9314
45 9527
45 11050
45 11680
45 11842
45 11954
45 12056
45 12397
45 13523
45 13997
45 14069
45 14152
45 14235
45 15155
45 15731
45 16319
45 17122
45 17240
45 17353
45 17433
46 257
46 571
46 984
46 2376
46 2467
46 3144
46 3333
46 3387
46 3557
46 5920
46 5970
46 6056
46 6249
46 6951
46 7831
46 8154
46 8288
46 8330
46 8508
46 9014
46 9124
46 9214
46 9315
46 9528
46 11051
46 11681
46 11843
46 11955
46 12057
46 12398
46 13524
46 13998
46 14070
46 14153
46 14236
46 15156
46 15732
46 16320
46 17123
46 17241
46 17354
46 17434
47 258
47 572
47 985
47 2377
47 2468
47 3145
47 3334
47 3388
47 3558
47 5921
47 5971
47 6057
47 6250
47 6952
47 7832
47 8155
47 8177
47 8331
47 8509
47 9015
47 9125
47 9215
47 9316
47 9529
47 11052
47 11682
47 11844
47 11956
47 12058
47 12399
47 13525
47 13999
47 14071
47 14154
47 14237
47 15157
47 15733
47 16321
47 17124
47 17242
47 17355
47 17435
48 259
48 573
48 986
48 2378
48 2469
48 3146
48 3335
48 3389
48 3559
48 5922
48 5972
48 6058
48 6251
48 6953
48 7833
48 8156
48 8178
48 8332
48 8510
48 9016
48 9126
48 9216
48 9317
48 9530
48 11053
48 11683
48 11845
48 11957
48 12059
48 12400
48 13526
48 14000
48 14072
48 14155
48 14238
48 15158
48 15734
48 16322
48 17125
48 17243
48 17356
48 17436
49 260
49 574
49 987
49 2379
49 2470
49 3147
49 3336
49 3390
49 3560
49 5923
49 5973
49 6059
49 6252
49 6954
49 7834
49 8157
49 8179
49 8333
49 8511
49 9017
49 9127
49 9217
49 9318
49 9531
49 11054
49 11684
49 11846
49 11958
49 12060
49 12401
49 13527
49 13889
49 14073
49 14156
49 14239
49 15159
49 15735
49 16323
49 17126
49 17244
49 17357
49 17437
50 261
50 575
50 988
50 2380
50 2471
50 3148
50 3337
50 3391
50 3561
50 5924
50 5974
50 6060
50 6253
50 6955
50 7835
50 8158
50 8180
50 8334
50 8512
50 9018
50 9128
50 9218
50 9319
50 9532
50 11055
50 11685
50 11847
50 11959
50 12061
50 12402
50 13528
50 13890
50 14074
50 14157
50 14240
50 15160
50 15736
50 16324
50 17127
50 17245
50 17358
50 17438
51 262
51 576
51 989
51 2381
51 2472
51 3149
51 3338
51 3392
51 3562
51 5925
51 5975
51 6061
51 6254
51 6956
51 7836
51 8159
51 8181
51 8335
51 8401
51 9019
51 9129
51 9219
51 9320
51 9533
51 11056
51 11686
51 11848
51 11960
51 12062
51 12403
51 13529
51 13891
51 14075
51 14158
51 14241
51 15161
51 15737
51 16325
51 17128
51 17246
51 17359
51 17439
52 263
52 577
52 990
52 2382
52 2473
52 3150
52 3339
52 3393
52 3563
52 5926
52 5976
52 6062
52 6255
52 6957
52 7837
52 8160
52 8182
52 8336
52 8402
52 9020
52 9130
52 9220
52 9321
52 9534
52 11057
52 11687
52 11849
52 11961
52 12063
52 12404
52 13530
52 13892
52 14076
52 14159
52 14242
52 15162
52 15738
52 16326
52 17129
52 17247
52 17360
52 17440
53 264
53 578
53 991
53 2383
53 2474
53 3151
53 3340
53 3394
53 3564
53 5927
53 5977
53 6063
53 6256
53 6958
53 7838
53 8161
53 8183
53 8337
53 8403
53 9021
53 9131
53 9221
53 9322
53 9535
53 11058
53 11688
53 11850
53 11962
53 12064
53 12405
53 13531
53 13893
53 14077
53 14160
53 14243
53 15163
53 15739
53 16327
53 17130
53 17248
53 17249
53 17441
54 265
54 579
54 992
54 2384
54 2475
54 3152
54 3341
54 3395
54 3565
54 5928
54 5978
54 6064
54 6257
54 6959
54 7839
54 8162
54 8184
54 8338
54 8404
54 9022
54 9132
54 9222
54 9323
54 9536
54 11059
54 11689
54 11851
54 11963
54 12065
54 12406
54 13532
54 13894
54 14078
54 14161
54 14244
54 15164
54 15740
54 16328
54 17131
54 17137
54 17250
54 17442
55 266
55 580
55 993
55 2385
55 2476
55 3153
55 3342
55 3396
55 3566
55 5929
55 5979
55 6065
55 6258
55 6960
55 7840
55 8163
55 8185
55 8339
55 8405
55 9023
55 9133
55 9223
55 9324
55 9537
55 11060
55 11690
55 11852
55 11964
55 12066
55 12407
55 13533
55 13895
55 14079
55 14162
55 14245
55 15165
55 15741
55 16329
55 17132
55 17138
55 17251
55 17443
56 267
56 581
56 994
56 2386
56 2477
56 3154
56 3343
56 3397
56 3567
56 5930
56 5980
56 6066
56 6259
56 6961
56 7729
56 8164
56 8186
56 8340
56 8406
56 9024
56 9134
56 9224
56 9325
56 9538
56 11061
56 11691
56 11853
56 11965
56 12067
56 12408
56 13534
56 13896
56 14080
56 14163
56 14246
56 15166
56 15742
56 16330
56 17133
56 17139
56 17252
56 17444
57 268
57 582
57 995
57 2387
57 2478
57 3155
57 3344
57 3398
57 3568
57 5931
57 5981
57 6067
57 6260
57 6962
57 7730
57 8165
57 8187
57 8341
57 8407
57 9025
57 9135
57 9225
57 9326
57 9539
57 11062
57 11692
57 11854
57 11966
57 12068
57 12409
57 13535
57 13897
57 14081
57 14164
57 14247
57 15167
57 15743
57 16331
57 17134
57 17140
57 17253
57 17445
58 269
58 583
58 996
58 2388
58 2479
58 3156
58 3345
58 3399
58 3569
58 5932
58 5982
58 6068
58 6261
58 6963
58 7731
58 8166
58 8188
58 8342
58 8408
58 9026
58 9136
58 9226
58 9327
58 9540
58 11063
58 11693
58 11855
58 11967
58 12069
58 12410
58 13536
58 13898
58 14082
58 14165
58 14248
58 15168
58 15744
58 16332
58 17135
58 17141
58 17254
58 17446
59 270
59 584
59 997
59 2389
59 2480
59 3157
59 3346
59 3400
59 3570
59 5933
59 5983
59 6069
59 6262
59 6964
59 7732
59 8167
59 8189
59 8343
59 8409
59 9027
59 9137
59 9227
59 9328
59 9541
59 11064
59 11694
59 11856
59 11968
59 12070
59 12411
59 13537
59 13899
59 14083
59 14166
59 14249
59 15169
59 15745
59 16333
59 17136
59 17142
59 17255
59 17447
60 271
60 585
60 998
60 2390
60 2481
60 3158
60 3347
60 3401
60 3571
60 5934
60 5984
60 6070
60 6263
60 6965
60 7733
60 8168
60 8190
60 8344
60 8410
60 9028
60 9138
60 9228
60 9329
60 9542
60 11065
60 11695
60 11857
60 11969
60 12071
60 12412
60 13538
60 13900
60 14084
60 14167
60 14250
60 15170
60 15746
60 16334
60 17025
60 17143
60 17256
60 17448
61 272
61 586
61 999
61 2391
61 2482
61 3159
61 3348
61 3402
61 3572
61 5935
61 5985
61 6071
61 6264
61 6966
61 7734
61 8169
61 8191
61 8345
61 8411
61 9029
61 9139
61 9229
61 9330
61 9543
61 11066
61 11696
61 11858
61 11970
61 12072
61 12413
61 13539
61 13901
61 14085
61 14168
61 14251
61 15171
61 15747
61 16335
61 17026
61 17144
61 17257
61 17449
62 273
62 587
62 1000
62 2392
62 2483
62 3160
62 3349
62 3403
62 3573
62 5936
62 5986
62 6072
62 6265
62 6967
62 7735
62 8170
62 8192
62 8346
62 8412
62 9030
62 9140
62 9230
62 9331
62 9544
62 11067
62 11697
62 11859
62 11971
62 12073
62 12414
62 13540
62 13902
62 14086
62 14169
62 14252
62 15172
62 15748
62 16336
62 17027
62 17145
62 17258
62 17450
63 274
63 588
63 1001
63 2393
63 2484
63 3161
63 3350
63 3404
63 3574
63 5825
63 5987
63 6073
63 6266
63 6968
63 7736
63 8171
63 8193
63 8347
63 8413
63 9031
63 9141
63 9231
63 9332
63 9545
63 11068
63 11698
63 11860
63 11972
63 12074
63 12415
63 13541
63 13903
63 14087
63 14170
63 14253
63 15173
63 15749
63 16337
63 17028
63 17146
63 17259
63 17451
64 275
64 589
64 1002
64 2394
64 2485
64 3162
64 3351
64 3405
64 3575
64 5826
64 5988
64 6074
64 6267
64 6969
64 7737
64 8172
64 8194
64 8348
64 8414
64 9032
64 9142
64 9232
64 9333
64 9546
64 11069
64 11699
64 11861
64 11973
64 12075
64 12416
64 13542
64 13904
64 14088
64 14171
64 14254
64 15174
64 15750
64 16338
64 17029
64 17147
64 17260
64 17452
65 276
65 590
65 1003
65 2395
65 2486
65 3163
65 3352
65 3406
65 3576
65 5827
65 5989
65 6075
65 6268
65 6970
65 7738
65 8173
65 8195
65 8349
65 8415
65 9033
65 9143
65 9233
65 9334
65 9547
65 11070
65 11700
65 11862
65 11974
65 12076
65 12417
65 13543
65 13905
65 14089
65 14172
65 14255
65 15175
65 15751
65 16339
65 17030
65 17148
65 17261
65 17453
66 277
66 591
66 1004
66 2396
66 2487
66 3164
66 3353
66 3407
66 3577
66 5828
66 5990
66 6076
66 6269
66 6971
66 7739
66 8174
66 8196
66 8350
66 8416
66 9034
66 9144
66 9234
66 9335
66 9548
66 11071
66 11701
66 11863
66 11975
66 12077
66 12418
66 13544
66 13906
66 14090
66 14173
66 14256
66 15176
66 15752
66 16340
66 17031
66 17149
66 17262
66 17454
67 278
67 592
67 1005
67 2397
67 2488
67 3165
67 3354
67 3408
67 3578
67 5829
67 5991
67 6077
67 6270
67 6972
67 7740
67 8175
67 8197
67 8351
67 8417
67 9035
67 9145
67 9235
67 9336
67 9549
67 11072
67 11702
67 11864
67 11976
67 12078
67 12419
67 13545
67 13907
67 14091
67 14174
67 14257
67 15177
67 15753
67 16341
67 17032
67 17150
67 17263
67 17455
68 279
68 593
68 1006
68 2398
68 2489
68 3166
68 3355
68 3409
68 3579
68 5830
68 5992
68 6078
68 6271
68 6973
68 7741
68 8176
68 8198
68 8352
68 8418
68 9036
68 9146
68 9236
68 9337
68 9550
68 11073
68 11703
68 11865
68 11977
68 12079
68 12420
68 13546
68 13908
68 14092
68 14175
68 14258
68 15178
68 15754
68 16342
68 17033
68 17151
68 17264
68 17456
69 280
69 594
69 1007
69 2399
69 2490
69 3167
69 3356
69 3410
69 3580
69 5831
69 5993
69 6079
69 6272
69 6974
69 7742
69 8065
69 8199
69 8353
69 8419
69 9037
69 9147
69 9237
69 9338
69 9551
69 11074
69 11704
69 11866
69 11978
69 12080
69 12421
69 13547
69 13909
69 14093
69 14176
69 14259
69 15179
69 15755
69 16343
69 17034
69 17152
69 17265
69 17457
70 281
70 595
70 1008
70 2400
70 2491
70 3168
70 3357
70 3411
70 3581
70 5832
70 5994
70 6080
70 6161
70 6975
70 7743
70 8066
70 8200
70 8354
70 8420
70 9038
70 9148
70 9238
70 9339
70 9552
70 11075
70 11705
70 11867
70 11979
70 12081
70 12422
70 13548
70 13910
70 14094
70 14177
70 14260
70 15180
70 15756
70 16344
70 17035
70 17153
70 17266
70 17458
71 282
71 596
71 897
71 2401
71 2492
71 3169
71 3358
71 3412
71 3582
71 5833
71 5995
71 6081
71 6162
71 6976
71 7744
71 8067
71 8201
71 8355
71 8421
71 9039
71 9149
71 9239
71 9340
71 9553
71 11076
71 11706
71 11868
71 11980
71 12082
71 12423
71 13549
71 13911
71 14095
71 14178
71 14261
71 15181
71 15757
71 16345
71 17036
71 17154
71 17267
71 17459
72 283
72 597
72 898
72 2402
72 2493
72 3170
72 3359
72 3413
72 3583
72 5834
72 5996
72 6082
72 6163
72 6977
72 7745
72 8068
72 8202
72 8356
72 8422
72 9040
72 9150
72 9240
72 9341
72 9554
72 11077
72 11707
72 11869
72 11981
72 12083
72 12424
72 13550
72 13912
72 14096
72 14179
72 14262
72 15182
72 15758
72 16346
72 17037
72 17155
72 17268
72 17460
73 284
73 598
73 899
73 2403
73 2494
73 3171
73 3360
73 3414
73 3584
73 5835
73 5997
73 6083
73 6164
73 6978
73 7746
73 8069
73 8203
73 8357
73 8423
73 9041
73 9151
73 9241
73 9342
73 9555
73 11078
73 11708
73 11870
73 11982
73 12084
73 12425
73 13551
73 13913
73 14097
73 14180
73 14263
73 15183
73 15759
73 16347
73 17038
73 17156
73 17269
73 17461
74 285
74 599
74 900
74 2404
74 2495
74 3172
74 3249
74 3415
74 3473
74 5836
74 5998
74 6084
74 6165
74 6979
74 7747
74 8070
74 8204
74 8358
74 8424
74 9042
74 9152
74 9242
74 9343
74 9556
74 11079
74 11709
74 11871
74 11983
74 12085
74 12426
74 13552
74 13914
74 14098
74 14181
74 14264
74 15184
74 15760
74 16348
74 17039
74 17157
74 17270
74 17462
75 286
75 600
75 901
75 2405
75 2496
75 3173
75 3250
75 3416
75 3474
75 5837
75 5999
75 6085
75 6166
75 6980
75 7748
75 8071
75 8205
75 8359
75 8425
75 9043
75 9153
75 9243
75 9344
75 9557
75 11080
75 11710
75 11872
75 11984
75 12086
75 12427
75 13441
75 13915
75 14099
75 14182
75 14265
75 15185
75 15761
75 16349
75 17040
75 17158
75 17271
75 17463
76 287
76 601
76 902
76 2406
76 2497
76 3174
76 3251
76 3417
76 3475
76 5838
76 6000
76 6086
76 6167
76 6981
76 7749
76 8072
76 8206
76 8360
76 8426
76 9044
76 9154
76 9244
76 9345
76 9558
76 11081
76 11711
76 11761
76 11873
76 12087
76 12428
76 13442
76 13916
76 14100
76 14183
76 14266
76 15186
76 15762
76 16350
76 17041
76 17159
76 17272
76 17464
77 288
77 602
77 903
77 2407
77 2498
77 3175
77 3252
77 3418
77 3476
77 5839
77 6001
77 6087
77 6168
77 6982
77 7750
77 8073
77 8207
77 8361
77 8427
77 9045
77 9155
77 9245
77 9346
77 9559
77 11082
77 11712
77 11762
77 11874
77 12088
77 12429
77 13443
77 13917
77 14101
77 14184
77 14267
77 15187
77 15763
77 16351
77 17042
77 17160
77 17273
77 17465
78 289
78 603
78 904
78 2408
78 2499
78 3176
78 3253
78 3419
78 3477
78 5840
78 6002
78 6088
78 6169
78 6983
78 7751
78 8074
78 8208
78 8362
78 8428
78 9046
78 9156
78 9246
78 9347
78 9560
78 11083
78 11713
78 11763
78 11875
78 12089
78 12430
78 13444
78 13918
78 14102
78 14185
78 14268
78 15188
78 15764
78 16352
78 17043
78 17161
78 17274
78 17466
79 290
79 604
79 905
79 2409
79 2500
79 3177
79 3254
79 3420
79 3478
79 5841
79 6003
79 6089
79 6170
79 6984
79 7752
79 8075
79 8209
79 8363
79 8429
79 9047
79 9157
79 9247
79 9348
79 9561
79 11084
79 11714
79 11764
79 11876
79 12090
79 12431
79 13445
79 13919
79 14103
79 14186
79 14269
79 15189
79 15765
79 16241
79 17044
79 17162
79 17275
79 17467
80 291
80 605
80 906
80 2410
80 2501
80 3178
80 3255
80 3421
80 3479
80 5842
80 6004
80 6090
80 6171
80 6985
80 7753
80 8076
80 8210
80 8364
80 8430
80 9048
80 9158
80 9248
80 9349
80 9562
80 11085
80 11715
80 11765
80 11877
80 12091
80 12432
80 13446
80 13920
80 14104
80 14187
80 14270
80 15190
80 15766
80 16242
80 17045
80 17163
80 17276
80 17468
81 292
81 606
81 907
81 2411
81 2502
81 3179
81 3256
81 3422
81 3480
81 5843
81 6005
81 6091
81 6172
81 6986
81 7754
81 8077
81 8211
81 8365
81 8431
81 9049
81 9159
81 9249
81 9350
81 9563
81 11086
81 11716
81 11766
81 11878
81 12092
81 12321
81 13447
81 13921
81 14105
81 14188
81 14271
81 15191
81 15767
81 16243
81 17046
81 17164
81 17277
81 17469
82 293
82 607
82 908
82 2412
82 2503
82 3180
82 3257
82 3423
82 3481
82 5844
82 6006
82 6092
82 6173
82 6987
82 7755
82 8078
82 8212
82 8366
82 8432
82 9050
82 9160
82 9250
82 9351
82 9564
82 11087
82 11717
82 11767
82 11879
82 12093
82 12322
82 13448
82 13922
82 14106
82 14189
82 14272
82 15192
82 15768
82 16244
82 17047
82 17165
82 17278
82 17470
83 294
83 608
83 909
83 2413
83 2504
83 3181
83 3258
83 3424
83 3482
83 5845
83 6007
83 6093
83 6174
83 6988
83 7756
83 8079
83 8213
83 8367
83 8433
83 9051
83 9161
83 9251
83 9352
83 9565
83 11088
83 11718
83 11768
83 11880
83 12094
83 12323
83 13449
83 13923
83 14107
83 14190
83 14273
83 15193
83 15769
83 16245
83 17048
83 17166
83 17279
83 17471
84 295
84 609
84 910
84 2414
84 2505
84 3182
84 3259
84 3425
84 3483
84 5846
84 6008
84 6094
84 6175
84 6989
84 7757
84 8080
84 8214
84 8368
84 8434
84 9052
84 9162
84 9252
84 9353
84 9566
84 10977
84 11719
84 11769
84 11881
84 12095
84 12324
84 13450
84 13924
84 14108
84 14191
84 14274
84 15194
84 15770
84 16246
84 17049
84 17167
84 17280
84 17472
85 296
85 610
85 911
85 2415
85 2506
85 3183
85 3260
85 3426
85 3484
85 5847
85 6009
85 6095
85 6176
85 6990
85 7758
85 8081
85 8215
85 8369
85 8435
85 9053
85 9163
85 9253
85 9354
85 9567
85 10978
85 11720
85 11770
85 11882
85 12096
85 12325
85 13451
85 13925
85 14109
85 14192
85 14275
85 15195
85 15771
85 16247
85 17050
85 17168
85 17281
85 17361
86 297
86 611
86 912
86 2416
86 2507
86 3184
86 3261
86 3427
86 3485
86 5848
86 6010
86 6096
86 6177
86 6991
86 7759
86 8082
86 8216
86 8370
86 8436
86 9054
86 9164
86 9254
86 9355
86 9568
86 10979
86 11721
86 11771
86 11883
86 11985
86 12326
86 13452
86 13926
86 14110
86 14193
86 14276
86 15196
86 15772
86 16248
86 17051
86 17169
86 17282
86 17362
87 298
87 612
87 913
87 2417
87 2508
87 3185
87 3262
87 3428
87 3486
87 5849
87 6011
87 6097
87 6178
87 6992
87 7760
87 8083
87 8217
87 8371
87 8437
87 9055
87 9165
87 9255
87 9356
87 9569
87 10980
87 11722
87 11772
87 11884
87 11986
87 12327
87 13453
87 13927
87 14111
87 14194
87 14277
87 15197
87 15773
87 16249
87 17052
87 17170
87 17283
87 17363
88 299
88 613
88 914
88 2418
88 2509
88 3186
88 3263
88 3429
88 3487
88 5850
88 6012
88 6098
88 6179
88 6993
88 7761
88 8084
88 8218
88 8372
88 8438
88 9056
88 9166
88 9256
88 9357
88 9570
88 10981
88 11723
88 11773
88 11885
88 11987
88 12328
88 13454
88 13928
88 14112
88 14195
88 14278
88 15198
88 15774
88 16250
88 17053
88 17171
88 17284
88 17364
89 300
89 614
89 915
89 2419
89 2510
89 3187
89 3264
89 3430
89 3488
89 5851
89 6013
89 6099
89 6180
89 6994
89 7762
89 8085
89 8219
89 8373
89 8439
89 9057
89 9167
89 9257
89 9358
89 9571
89 10982
89 11724
89 11774
89 11886
89 11988
89 12329
89 13455
89 13929
89 14001
89 14196
89 14279
89 15199
89 15775
89 16251
89 17054
89 17172
89 17285
89 17365
90 301
90 615
90 916
90 2420
90 2511
90 3188
90 3265
90 3431
90 3489
90 5852
90 6014
90 6100
90 6181
90 6995
90 7763
90 8086
90 8220
90 8374
90 8440
90 9058
90 9168
90 9258
90 9359
90 9572
90 10983
90 11725
90 11775
90 11887
90 11989
90 12330
90 13456
90 13930
90 14002
90 14197
90 14280
90 15200
90 15776
90 16252
90 17055
90 17173
90 17286
90 17366
91 302
91 616
91 917
91 2421
91 2512
91 3189
91 3266
91 3432
91 3490
91 5853
91 6015
91 6101
91 6182
91 6996
91 7764
91 8087
91 8221
91 8375
91 8441
91 9059
91 9169
91 9259
91 9360
91 9573
91 10984
91 11726
91 11776
91 11888
91 11990
91 12331
91 13457
91 13931
91 14003
91 14198
91 14281
91 15201
91 15777
91 16253
91 17056
91 17174
91 17287
91 17367
92 303
92 617
92 918
92 2422
92 2513
92 3190
92 3267
92 3433
92 3491
92 5854
92 6016
92 6102
92 6183
92 6997
92 7765
92 8088
92 8222
92 8376
92 8442
92 9060
92 9170
92 9260
92 9361
92 9574
92 10985
92 11727
92 11777
92 11889
92 11991
92 12332
92 13458
92 13932
92 14004
92 14199
92 14282
92 15202
92 15778
92 16254
92 17057
92 17175
92 17288
92 17368
93 304
93 618
93 919
93 2423
93 2514
93 3191
93 3268
93 3434
93 3492
93 5855
93 6017
93 6103
93 6184
93 6998
93 7766
93 8089
93 8223
93 8377
93 8443
93 9061
93 9171
93 9261
93 9362
93 9575
93 10986
93 11728
93 11778
93 11890
93 11992
93 12333
93 13459
93 13933
93 14005
93 14200
93 14283
93 15203
93 15779
93 16255
93 17058
93 17176
93 17289
93 17369
94 305
94 619
94 920
94 2424
94 2515
94 3192
94 3269
94 3435
94 3493
94 5856
94 6018
94 6104
94 6185
94 6999
94 7767
94 8090
94 8224
94 8378
94 8444
94 9062
94 9172
94 9262
94 9363
94 9576
94 10987
94 11729
94 11779
94 11891
94 11993
94 12334
94 13460
94 13934
94 14006
94 14201
94 14284
94 15204
94 15780
94 16256
94 17059
94 17177
94 17290
94 17370
95 306
95 620
95 921
95 2425
95 2516
95 3193
95 3270
95 3436
95 3494
95 5857
95 6019
95 6105
95 6186
95 7000
95 7768
95 8091
95 8225
95 8379
95 8445
95 9063
95 9173
95 9263
95 9364
95 9577
95 10988
95 11730
95 11780
95 11892
95 11994
95 12335
95 13461
95 13935
95 14007
95 14202
95 14285
95 15205
95 15781
95 16257
95 17060
95 17178
95 17291
95 17371
96 307
96 621
96 922
96 2426
96 2517
96 3194
96 3271
96 3437
96 3495
96 5858
96 6020
96 6106
96 6187
96 7001
96 7769
96 8092
96 8226
96 8380
96 8446
96 9064
96 9174
96 9264
96 9365
96 9578
96 10989
96 11731
96 11781
96 11893
96 11995
96 12336
96 13462
96 13936
96 14008
96 14203
96 14286
96 15206
96 15782
96 16258
96 17061
96 17179
96 17292
96 17372
97 308
97 622
97 923
97 2427
97 2518
97 3195
97 3272
97 3438
97 3496
97 5859
97 6021
97 6107
97 6188
97 7002
97 7770
97 8093
97 8227
97 8381
97 8447
97 9065
97 9175
97 9265
97 9366
97 9579
97 10990
97 11732
97 11782
97 11894
97 11996
97 12337
97 13463
97 13937
97 14009
97 14204
97 14287
97 15207
97 15783
97 16259
97 17062
97 17180
97 17293
97 17373
98 309
98 623
98 924
98 2428
98 2519
98 3196
98 3273
98 3439
98 3497
98 5860
98 6022
98 6108
98 6189
98 7003
98 7771
98 8094
98 8228
98 8382
98 8448
98 9066
98 9176
98 9266
98 9367
98 9580
98 10991
98 11733
98 11783
98 11895
98 11997
98 12338
98 13464
98 13938
98 14010
98 14205
98 14288
98 15208
98 15784
98 16260
98 17063
98 17181
98 17294
98 17374
99 310
99 624
99 925
99 2429
99 2520
99 3197
99 3274
99 3440
99 3498
99 5861
99 6023
99 6109
99 6190
99 7004
99 7772
99 8095
99 8229
99 8383
99 8449
99 9067
99 9177
99 9267
99 9368
99 9581
99 10992
99 11734
99 11784
99 11896
99 11998
99 12339
99 13465
99 13939
99 14011
99 14206
99 14289
99 15209
99 15785
99 16261
99 17064
99 17182
99 17295
99 17375
100 311
100 625
100 926
100 2430
100 2521
100 3198
100 3275
100 3441
100 3499
100 5862
100 6024
100 6110
100 6191
100 7005
100 7773
100 8096
100 8230
100 8384
100 8450
100 9068
100 9178
100 9268
100 9369
100 9582
100 10993
100 11735
100 11785
100 11897
100 11999
100 12340
100 13466
100 13940
100 14012
100 14207
100 14290
100 15210
100 15786
100 16262
100 17065
100 17183
100 17296
100 17376
101 312
101 626
101 927
101 2431
101 2522
101 3199
101 3276
101 3442
101 3500
101 5863
101 6025
101 6111
101 6192
101 7006
101 7774
101 8097
101 8231
101 8385
101 8451
101 9069
101 9179
101 9269
101 9370
101 9583
101 10994
101 11736
101 11786
101 11898
101 12000
101 12341
101 13467
101 13941
101 14013
101 14208
101 14291
101 15211
101 15787
101 16263
101 17066
101 17184
101 17297
101 17377
102 313
102 627
102 928
102 2432
102 2523
102 3200
102 3277
102 3443
102 3501
102 5864
102 6026
102 6112
102 6193
102 7007
102 7775
102 8098
102 8232
102 8386
102 8452
102 9070
102 9180
102 9270
102 9371
102 9584
102 10995
102 11737
102 11787
102 11899
102 12001
102 12342
102 13468
102 13942
102 14014
102 14209
102 14292
102 15212
102 15788
102 16264
102 17067
102 17185
102 17298
102 17378
103 314
103 628
103 929
103 2433
103 2524
103 3201
103 3278
103 3444
103 3502
103 5865
103 6027
103 6113
103 6194
103 7008
103 7776
103 8099
103 8233
103 8387
103 8453
103 9071
103 9181
103 9271
103 9372
103 9585
103 10996
103 11738
103 11788
103 11900
103 12002
103 12343
103 13469
103 13943
103 14015
103 14210
103 14293
103 15213
103 15789
103 16265
103 17068
103 17186
103 17299
103 17379
104 315
104 629
104 930
104 2434
104 2525
104 3202
104 3279
104 3445
104 3503
104 5866
104 6028
104 6114
104 6195
104 7009
104 7777
104 8100
104 8234
104 8388
104 8454
104 9072
104 9182
104 9272
104 9373
104 9586
104 10997
104 11739
104 11789
104 11901
104 12003
104 12344
104 13470
104 13944
104 14016
104 14211
104 14294
104 15214
104 15790
104 16266
104 17069
104 17187
104 17300
104 17380
105 316
105 630
105 931
105 2435
105 2526
105 3203
105 3280
105 3446
105 3504
105 5867
105 6029
105 6115
105 6196
105 7010
105 7778
105 8101
105 8235
105 8389
105 8455
105 8961
105 9183
105 9273
105 9374
105 9587
105 10998
105 11740
105 11790
105 11902
105 12004
105 12345
105 13471
105 13945
105 14017
105 14212
105 14295
105 15215
105 15791
105 16267
105 17070
105 17188
105 17301
105 17381
106 317
106 631
106 932
106 2436
106 2527
106 3204
106 3281
106 3447
106 3505
106 5868
106 6030
106 6116
106 6197
106 7011
106 7779
106 8102
106 8236
106 8390
106 8456
106 8962
106 9184
106 9274
106 9375
106 9588
106 10999
106 11741
106 11791
106 11903
106 12005
106 12346
106 13472
106 13946
106 14018
106 14213
106 14296
106 15216
106 15792
106 16268
106 17071
106 17189
106 17302
106 17382
107 318
107 632
107 933
107 2437
107 2528
107 3205
107 3282
107 3448
107 3506
107 5869
107 6031
107 6117
107 6198
107 7012
107 7780
107 8103
107 8237
107 8391
107 8457
107 8963
107 9073
107 9275
107 9376
107 9589
107 11000
107 11742
107 11792
107 11904
107 12006
107 12347
107 13473
107 13947
107 14019
107 14214
107 14297
107 15217
107 15681
107 16269
107 17072
107 17190
107 17303
107 17383
108 319
108 633
108 934
108 2438
108 2529
108 3206
108 3283
108 3449
108 3507
108 5870
108 6032
108 6118
108 6199
108 7013
108 7781
108 8104
108 8238
108 8392
108 8458
108 8964
108 9074
108 9276
108 9377
108 9590
108 11001
108 11743
108 11793
108 11905
108 12007
108 12348
108 13474
108 13948
108 14020
108 14215
108 14298
108 15218
108 15682
108 16270
108 17073
108 17191
108 17304
108 17384
109 320
109 634
109 935
109 2439
109 2530
109 3207
109 3284
109 3450
109 3508
109 5871
109 6033
109 6119
109 6200
109 7014
109 7782
109 8105
109 8239
109 8393
109 8459
109 8965
109 9075
109 9277
109 9378
109 9591
109 11002
109 11744
109 11794
109 11906
109 12008
109 12349
109 13475
109 13949
109 14021
109 14216
109 14299
109 15219
109 15683
109 16271
109 17074
109 17192
109 17305
109 17385
110 321
110 635
110 936
110 2440
110 2531
110 3208
110 3285
110 3451
110 3509
110 5872
110 6034
110 6120
110 6201
110 7015
110 7783
110 8106
110 8240
110 8394
110 8460
110 8966
110 9076
110 9278
110 9379
110 9592
110 11003
110 11745
110 11795
110 11907
110 12009
110 12350
110 13476
110 13950
110 14022
110 14217
110 14300
110 15220
110 15684
110 16272
110 17075
110 17193
110 17306
110 17386
111 322
111 636
111 937
111 2441
111 2532
111 3209
111 3286
111 3452
111 3510
111 5873
111 6035
111 6121
111 6202
111 7016
111 7784
111 8107
111 8241
111 8395
111 8461
111 8967
111 9077
111 9279
111 9380
111 9593
111 11004
111 11746
111 11796
111 11908
111 12010
111 12351
111 13477
111 13951
111 14023
111 14218
111 14301
111 15221
111 15685
111 16273
111 17076
111 17194
111 17307
111 17387
112 323
112 637
112 938
112 2442
112 2533
112 3210
112 3287
112 3453
112 3511
112 5874
112 6036
112 6122
112 6203
112 7017
112 7785
112 8108
112 8242
112 8396
112 8462
112 8968
112 9078
112 9280
112 9381
112 9594
112 11005
112 11747
112 11797
112 11909
112 12011
112 12352
112 13478
112 13952
112 14024
112 14219
112 14302
112 15222
112 15686
112 16274
112 17077
112 17195
112 17308
112 17388
113 361
113 767
113 1034
113 2503
113 2660
113 3168
113 3299
113 3376
113 3522
113 5853
113 5985
113 6061
113 6217
113 7101
113 7896
113 8134
113 8233
113 8359
113 8480
113 9035
113 9078
113 9196
113 9389
113 9738
113 11108
113 11743
113 11855
113 11892
113 12012
113 12497
113 13583
113 13979
113 14096
113 14184
113 14304
113 14797
113 15835
113 16464
113 17052
113 17244
113 17296
113 17405
114 362
114 768
114 1035
114 2504
114 2661
114 3169
114 3300
114 3377
114 3523
114 5854
114 5986
114 6062
114 6218
114 7102
114 7897
114 8135
114 8234
114 8360
114 8481
114 9036
114 9079
114 9197
114 9390
114 9739
114 11109
114 11744
114 11856
114 11893
114 12013
114 12498
114 13584
114 13980
114 14097
114 14185
114 14305
114 14798
114 15836
114 16353
114 17053
114 17245
114 17297
114 17406
115 363
115 769
115 1036
115 2505
115 2662
115 3170
115 3301
115 3378
115 3524
115 5855
115 5987
115 6063
115 6219
115 7103
115 7898
115 8136
115 8235
115 8361
115 8482
115 9037
115 9080
115 9198
115 9391
115 9740
115 11110
115 11745
115 11857
115 11894
115 12014
115 12499
115 13585
115 13981
115 14098
115 14186
115 14306
115 14799
115 15837
115 16354
115 17054
115 17246
115 17298
115 17407
116 364
116 770
116 1037
116 2506
116 2663
116 3171
116 3302
116 3379
116 3525
116 5856
116 5988
116 6064
116 6220
116 7104
116 7899
116 8137
116 8236
116 8362
116 8483
116 9038
116 9081
116 9199
116 9392
116 9741
116 11111
116 11746
116 11858
116 11895
116 12015
116 12500
116 13586
116 13982
116 14099
116 14187
116 14307
116 14800
116 15838
116 16355
116 17055
116 17247
116 17299
116 17408
117 365
117 771
117 1038
117 2507
117 2664
117 3172
117 3303
117 3380
117 3526
117 5857
117 5989
117 6065
117 6221
117 7105
117 7900
117 8138
117 8237
117 8363
117 8484
117 9039
117 9082
117 9200
117 9393
117 9742
117 11112
117 11747
117 11859
117 11896
117 12016
117 12501
117 13587
117 13983
117 14100
117 14188
117 14308
117 14801
117 15839
117 16356
117 17056
117 17248
117 17300
117 17409
118 366
118 772
118 1039
118 2508
118 2665
118 3173
118 3304
118 3381
118 3527
118 5858
118 5990
118 6066
118 6222
118 7106
118 7901
118 8139
118 8238
118 8364
118 8485
118 9040
118 9083
118 9201
118 9394
118 9743
118 11113
118 11748
118 11860
118 11897
118 12017
118 12502
118 13588
118 13984
118 14101
118 14189
118 14309
118 14802
118 15840
118 16357
118 17057
118 17137
118 17301
118 17410
119 367
119 773
119 1040
119 2509
119 2666
119 3174
119 3305
119 3382
119 3528
119 5859
119 5991
119 6067
119 6223
119 7107
119 7902
119 8140
119 8239
119 8365
119 8486
119 9041
119 9084
119 9202
119 9395
119 9744
119 11114
119 11749
119 11861
119 11898
119 12018
119 12503
119 13589
119 13985
119 14102
119 14190
119 14310
119 14803
119 15841
119 16358
119 17058
119 17138
119 17302
119 17411
120 368
120 774
120 1041
120 2510
120 2667
120 3175
120 3306
120 3383
120 3529
120 5860
120 5992
120 6068
120 6224
120 7108
120 7903
120 8141
120 8240
120 8366
120 8487
120 9042
120 9085
120 9203
120 9396
120 9633
120 11115
120 11750
120 11862
120 11899
120 12019
120 12504
120 13590
120 13986
120 14103
120 14191
120 14311
120 14804
120 15842
120 16359
120 17059
120 17139
120 17303
120 17412
121 369
121 775
121 1042
121 2511
121 2668
121 3176
121 3307
121 3384
121 3530
121 5861
121 5993
121 6069
121 6225
121 7109
121 7904
121 8142
121 8241
121 8367
121 8488
121 9043
121 9086
121 9204
121 9397
121 9634
121 11116
121 11751
121 11863
121 11900
121 12020
121 12505
121 13591
121 13987
121 14104
121 14192
121 14312
121 14805
121 15843
121 16360
121 17060
121 17140
121 17304
121 17413
122 370
122 776
122 1043
122 2512
122 2669
122 3177
122 3308
122 3385
122 3531
122 5862
122 5994
122 6070
122 6226
122 7110
122 7905
122 8143
122 8242
122 8368
122 8489
122 9044
122 9087
122 9205
122 9398
122 9635
122 11117
122 11752
122 11864
122 11901
122 12021
122 12506
122 13592
122 13988
122 14105
122 14193
122 14313
122 14806
122 15844
122 16361
122 17061
122 17141
122 17305
122 17414
123 371
123 777
123 1044
123 2513
123 2670
123 3178
123 3309
123 3386
123 3532
123 5863
123 5995
123 6071
123 6227
123 7111
123 7906
123 8144
123 8243
123 8369
123 8490
123 9045
123 9088
123 9206
123 9399
123 9636
123 11118
123 11753
123 11865
123 11902
123 12022
123 12507
123 13593
123 13989
123 14106
123 14194
123 14314
123 14807
123 15845
123 16362
123 17062
123 17142
123 17306
123 17415
124 372
124 778
124 1045
124 2514
124 2671
124 3179
124 3310
124 3387
124 3533
124 5864
124 5996
124 6072
124 6228
124 7112
124 7907
124 8145
124 8244
124 8370
124 8491
124 9046
124 9089
124 9207
124 9400
124 9637
124 11119
124 11754
124 11866
124 11903
124 12023
124 12508
124 13594
124 13990
124 14107
124 14195
124 14315
124 14808
124 15846
124 16363
124 17063
124 17143
124 17307
124 17416
125 373
125 779
125 1046
125 2515
125 2672
125 3180
125 3311
125 3388
125 3534
125 5865
125 5997
125 6073
125 6229
125 7113
125 7908
125 8146
125 8245
125 8371
125 8492
125 9047
125 9090
125 9208
125 9401
125 9638
125 11120
125 11755
125 11867
125 11904
125 12024
125 12509
125 13595
125 13991
125 14108
125 14196
125 14316
125 14809
125 15847
125 16364
125 17064
125 17144
125 17308
125 17417
126 374
126 780
126 1047
126 2516
126 2673
126 3181
126 3312
126 3389
126 3535
126 5866
126 5998
126 6074
126 6230
126 7114
126 7909
126 8147
126 8246
126 8372
126 8493
126 9048
126 9091
126 9209
126 9402
126 9639
126 11121
126 11756
126 11868
126 11905
126 12025
126 12510
126 13596
126 13992
126 14109
126 14197
126 14317
126 14810
126 15848
126 16365
126 17065
126 17145
126 17309
126 17418
127 375
127 781
127 1048
127 2517
127 2674
127 3182
127 3313
127 3390
127 3536
127 5867
127 5999
127 6075
127 6231
127 7115
127 7910
127 8148
127 8247
127 8373
127 8494
127 9049
127 9092
127 9210
127 9403
127 9640
127 11122
127 11757
127 11869
127 11906
127 12026
127 12511
127 13597
127 13993
127 14110
127 14198
127 14318
127 14811
127 15849
127 16366
127 17066
127 17146
127 17310
127 17419
128 376
128 782
128 1049
128 2518
128 2675
128 3183
128 3314
128 3391
128 3537
128 5868
128 6000
128 6076
128 6232
128 7116
128 7911
128 8149
128 8248
128 8374
128 8495
128 9050
128 9093
128 9211
128 9404
128 9641
128 11123
128 11758
128 11870
128 11907
128 12027
128 12512
128 13598
128 13994
128 14111
128 14199
128 14319
128 14812
128 15850
128 16367
128 17067
128 17147
128 17311
128 17420
129 377
129 783
129 1050
129 2519
129 2676
129 3184
129 3315
129 3392
129 3538
129 5869
129 6001
129 6077
129 6233
129 7117
129 7912
129 8150
129 8249
129 8375
129 8496
129 9051
129 9094
129 9212
129 9405
129 9642
129 11124
129 11759
129 11871
129 11908
129 12028
129 12513
129 13599
129 13995
129 14112
129 14200
129 14320
129 14813
129 15851
129 16368
129 17068
129 17148
129 17312
129 17421
130 378
130 784
130 1051
130 2520
130 2677
130 3185
130 3316
130 3393
130 3539
130 5870
130 6002
130 6078
130 6234
130 7118
130 7913
130 8151
130 8250
130 8376
130 8497
130 9052
130 9095
130 9213
130 9406
130 9643
130 11125
130 11760
130 11872
130 11909
130 12029
130 12514
130 13600
130 13996
130 14001
130 14201
130 14321
130 14814
130 15852
130 16369
130 17069
130 17149
130 17313
130 17422
131 379
131 673
131 1052
131 2521
131 2678
131 3186
131 3317
131 3394
131 3540
131 5871
131 6003
131 6079
131 6235
131 7119
131 7914
131 8152
131 8251
131 8377
131 8498
131 9053
131 9096
131 9214
131 9407
131 9644
131 11126
131 11649
131 11761
131 11910
131 12030
131 12515
131 13601
131 13997
131 14002
131 14202
131 14322
131 14815
131 15853
131 16370
131 17070
131 17150
131 17314
131 17423
132 380
132 674
132 1053
132 2522
132 2679
132 3187
132 3318
132 3395
132 3541
132 5872
132 6004
132 6080
132 6236
132 7120
132 7915
132 8153
132 8252
132 8378
132 8499
132 9054
132 9097
132 9215
132 9408
132 9645
132 11127
132 11650
132 11762
132 11911
132 12031
132 12516
132 13602
132 13998
132 14003
132 14203
132 14323
132 14816
132 15854
132 16371
132 17071
132 17151
132 17315
132 17424
133 381
133 675
133 1054
133 2523
133 2680
133 3188
133 3319
133 3396
133 3542
133 5873
133 6005
133 6081
133 6237
133 7121
133 7916
133 8154
133 8253
133 8379
133 8500
133 9055
133 9098
133 9216
133 9297
133 9646
133 11128
133 11651
133 11763
133 11912
133 12032
133 12517
133 13603
133 13999
133 14004
133 14204
133 14324
133 14817
133 15855
133 16372
133 17072
133 17152
133 17316
133 17425
134 382
134 676
134 1055
134 2524
134 2681
134 3189
134 3320
134 3397
134 3543
134 5874
134 6006
134 6082
134 6238
134 7122
134 7917
134 8155
134 8254
134 8380
134 8501
134 9056
134 9099
134 9217
134 9298
134 9647
134 11129
134 11652
134 11764
134 11913
134 12033
134 12518
134 13604
134 14000
134 14005
134 14205
134 14325
134 14818
134 15856
134 16373
134 17073
134 17153
134 17317
134 17426
135 383
135 677
135 1056
135 2525
135 2682
135 3190
135 3321
135 3398
135 3544
135 5875
135 6007
135 6083
135 6239
135 7123
135 7918
135 8156
135 8255
135 8381
135 8502
135 9057
135 9100
135 9218
135 9299
135 9648
135 11130
135 11653
135 11765
135 11914
135 12034
135 12519
135 13605
135 13889
135 14006
135 14206
135 14326
135 14819
135 15857
135 16374
135 17074
135 17154
135 17318
135 17427
136 384
136 678
136 1057
136 2526
136 2683
136 3191
136 3322
136 3399
136 3545
136 5876
136 6008
136 6084
136 6240
136 7124
136 7919
136 8157
136 8256
136 8382
136 8503
136 9058
136 9101
136 9219
136 9300
136 9649
136 11131
136 11654
136 11766
136 11915
136 12035
136 12520
136 13606
136 13890
136 14007
136 14207
136 14327
136 14820
136 15858
136 16375
136 17075
136 17155
136 17319
136 17428
137 385
137 679
137 1058
137 2527
137 2684
137 3192
137 3323
137 3400
137 3546
137 5877
137 6009
137 6085
137 6241
137 7125
137 7920
137 8158
137 8257
137 8383
137 8504
137 9059
137 9102
137 9220
137 9301
137 9650
137 11132
137 11655
137 11767
137 11916
137 12036
137 12521
137 13607
137 13891
137 14008
137 14208
137 14328
137 14821
137 15859
137 16376
137 17076
137 17156
137 17320
137 17429
138 386
138 680
138 1059
138 2528
138 2685
138 3193
138 3324
138 3401
138 3547
138 5878
138 6010
138 6086
138 6242
138 7126
138 7921
138 8159
138 8258
138 8384
138 8505
138 9060
138 9103
138 9221
138 9302
138 9651
138 11133
138 11656
138 11768
138 11917
138 12037
138 12522
138 13608
138 13892
138 14009
138 14209
138 14329
138 14822
138 15860
138 16377
138 17077
138 17157
138 17321
138 17430
139 387
139 681
139 1060
139 2529
139 2686
139 3194
139 3325
139 3402
139 3548
139 5879
139 6011
139 6087
139 6243
139 7127
139 7922
139 8160
139 8259
139 8385
139 8506
139 9061
139 9104
139 9222
139 9303
139 9652
139 11134
139 11657
139 11769
139 11918
139 12038
139 12523
139 13609
139 13893
139 14010
139 14210
139 14330
139 14823
139 15861
139 16378
139 17078
139 17158
139 17322
139 17431
140 388
140 682
140 1061
140 2530
140 2687
140 3195
140 3326
140 3403
140 3549
140 5880
140 6012
140 6088
140 6244
140 7128
140 7923
140 8161
140 8260
140 8386
140 8507
140 9062
140 9105
140 9223
140 9304
140 9653
140 11135
140 11658
140 11770
140 11919
140 12039
140 12524
140 13610
140 13894
140 14011
140 14211
140 14331
140 14824
140 15862
140 16379
140 17079
140 17159
140 17323
140 17432
141 389
141 683
141 1062
141 2531
141 2688
141 3196
141 3327
141 3404
141 3550
141 5881
141 6013
141 6089
141 6245
141 7129
141 7924
141 8162
141 8261
141 8387
141 8508
141 9063
141 9106
141 9224
141 9305
141 9654
141 11136
141 11659
141 11771
141 11920
141 12040
141 12525
141 13611
141 13895
141 14012
141 14212
141 14332
141 14825
141 15863
141 16380
141 17080
141 17160
141 17324
141 17433
142 390
142 684
142 1063
142 2532
142 2577
142 3197
142 3328
142 3405
142 3551
142 5882
142 6014
142 6090
142 6246
142 7130
142 7925
142 8163
142 8262
142 8388
142 8509
142 9064
142 9107
142 9225
142 9306
142 9655
142 11137
142 11660
142 11772
142 11921
142 12041
142 12526
142 13612
142 13896
142 14013
142 14213
142 14333
142 14826
142 15864
142 16381
142 17081
142 17161
142 17325
142 17434
143 391
143 685
143 1064
143 2533
143 2578
143 3198
143 3329
143 3406
143 3552
143 5883
143 6015
143 6091
143 6247
143 7131
143 7926
143 8164
143 8263
143 8389
143 8510
143 9065
143 9108
143 9226
143 9307
143 9656
143 11138
143 11661
143 11773
143 11922
143 12042
143 12527
143 13613
143 13897
143 14014
143 14214
143 14334
143 14827
143 15865
143 16382
143 17082
143 17162
143 17326
143 17435
144 392
144 686
144 1065
144 2534
144 2579
144 3199
144 3330
144 3407
144 3553
144 5884
144 6016
144 6092
144 6248
144 7132
144 7927
144 8165
144 8264
144 8390
144 8511
144 9066
144 9109
144 9227
144 9308
144 9657
144 11139
144 11662
144 11774
144 11923
144 12043
144 12528
144 13614
144 13898
144 14015
144 14215
144 14335
144 14828
144 15866
144 16383
144 17083
144 17163
144 17327
144 17436
145 393
145 687
145 1066
145 2535
145 2580
145 3200
145 3331
145 3408
145 3554
145 5885
145 6017
145 6093
145 6249
145 7133
145 7928
145 8166
145 8265
145 8391
145 8512
145 9067
145 9110
145 9228
145 9309
145 9658
145 11140
145 11663
145 11775
145 11924
145 12044
145 12529
145 13615
145 13899
145 14016
145 14216
145 14336
145 14829
145 15867
145 16384
145 17084
145 17164
145 17328
145 17437
146 394
146 688
146 1067
146 2536
146 2581
146 3201
146 3332
146 3409
146 3555
146 5886
146 6018
146 6094
146 6250
146 7134
146 7929
146 8167
146 8266
146 8392
146 8401
146 9068
146 9111
146 9229
146 9310
146 9659
146 11141
146 11664
146 11776
146 11925
146 12045
146 12530
146 13616
146 13900
146 14017
146 14217
146 14225
146 14830
146 15868
146 16385
146 17085
146 17165
146 17329
146 17438
147 395
147 689
147 1068
147 2537
147 2582
147 3202
147 3333
147 3410
147 3556
147 5887
147 6019
147 6095
147 6251
147 7135
147 7930
147 8168
147 8267
147 8393
147 8402
147 9069
147 9112
147 9230
147 9311
147 9660
147 11142
147 11665
147 11777
147 11926
147 12046
147 12531
147 13617
147 13901
147 14018
147 14218
147 14226
147 14831
147 15869
147 16386
147 17086
147 17166
147 17330
147 17439
148 396
148 690
148 1069
148 2538
148 2583
148 3203
148 3334
148 3411
148 3557
148 5888
148 6020
148 6096
148 6252
148 7136
148 7931
148 8169
148 8268
148 8394
148 8403
148 9070
148 9113
148 9231
148 9312
148 9661
148 11143
148 11666
148 11778
148 11927
148 12047
148 12532
148 13618
148 13902
148 14019
148 14219
148 14227
148 14832
148 15870
148 16387
148 17087
148 17167
148 17331
148 17440
149 397
149 691
149 1070
149 2539
149 2584
149 3204
149 3335
149 3412
149 3558
149 5889
149 6021
149 6097
149 6253
149 7137
149 7932
149 8170
149 8269
149 8395
149 8404
149 9071
149 9114
149 9232
149 9313
149 9662
149 11144
149 11667
149 11779
149 11928
149 12048
149 12533
149 13619
149 13903
149 14020
149 14220
149 14228
149 14833
149 15871
149 16388
149 17088
149 17168
149 17332
149 17441
150 398
150 692
150 1071
150 2540
150 2585
150 3205
150 3336
150 3413
150 3559
150 5890
150 6022
150 6098
150 6254
150 7138
150 7933
150 8171
150 8270
150 8396
150 8405
150 9072
150 9115
150 9233
150 9314
150 9663
150 11145
150 11668
150 11780
150 11929
150 12049
150 12534
150 13620
150 13904
150 14021
150 14221
150 14229
150 14834
150 15872
150 16389
150 17089
150 17169
150 17333
150 17442
151 399
151 693
151 1072
151 2541
151 2586
151 3206
151 3337
151 3414
151 3560
151 5891
151 6023
151 6099
151 6255
151 7139
151 7934
151 8172
151 8271
151 8397
151 8406
151 8961
151 9116
151 9234
151 9315
151 9664
151 11146
151 11669
151 11781
151 11930
151 12050
151 12535
151 13621
151 13905
151 14022
151 14222
151 14230
151 14835
151 15873
151 16390
151 17090
151 17170
151 17334
151 17443
152 400
152 694
152 1073
152 2542
152 2587
152 3207
152 3338
152 3415
152 3561
152 5892
152 6024
152 6100
152 6256
152 7140
152 7935
152 8173
152 8272
152 8398
152 8407
152 8962
152 9117
152 9235
152 9316
152 9665
152 11147
152 11670
152 11782
152 11931
152 12051
152 12536
152 13622
152 13906
152 14023
152 14223
152 14231
152 14836
152 15874
152 16391
152 17091
152 17171
152 17335
152 17444
153 401
153 695
153 1074
153 2543
153 2588
153 3208
153 3339
153 3416
153 3562
153 5893
153 6025
153 6101
153 6257
153 7141
153 7936
153 8174
153 8273
153 8399
153 8408
153 8963
153 9118
153 9236
153 9317
153 9666
153 11148
153 11671
153 11783
153 11932
153 12052
153 12537
153 13623
153 13907
153 14024
153 14224
153 14232
153 14837
153 15875
153 16392
153 17092
153 17172
153 17336
153 17445
154 402
154 696
154 1075
154 2544
154 2589
154 3209
154 3340
154 3417
154 3563
154 5894
154 6026
154 6102
154 6258
154 7142
154 7937
154 8175
154 8274
154 8400
154 8409
154 8964
154 9119
154 9237
154 9318
154 9667
154 11149
154 11672
154 11784
154 11933
154 12053
154 12538
154 13624
154 13908
154 14025
154 14113
154 14233
154 14838
154 15876
154 16393
154 17093
154 17173
154 17337
154 17446
155 403
155 697
155 1076
155 2545
155 2590
155 3210
155 3341
155 3418
155 3564
155 5895
155 6027
155 6103
155 6259
155 7143
155 7938
155 8176
155 8275
155 8289
155 8410
155 8965
155 9120
155 9238
155 9319
155 9668
155 11150
155 11673
155 11785
155 11934
155 12054
155 12539
155 13625
155 13909
155 14026
155 14114
155 14234
155 14839
155 15877
155 16394
155 17094
155 17174
155 17338
155 17447
156 404
156 698
156 1077
156 2546
156 2591
156 3211
156 3342
156 3419
156 3565
156 5896
156 6028
156 6104
156 6260
156 7144
156 7939
156 8065
156 8276
156 8290
156 8411
156 8966
156 9121
156 9239
156 9320
156 9669
156 11151
156 11674
156 11786
156 11935
156 12055
156 12540
156 13626
156 13910
156 14027
156 14115
156 14235
156 14840
156 15878
156 16395
156 17095
156 17175
156 17339
156 17448
157 405
157 699
157 1078
157 2547
157 2592
157 3212
157 3343
157 3420
157 3566
157 5897
157 6029
157 6105
157 6261
157 7145
157 7940
157 8066
157 8277
157 8291
157 8412
157 8967
157 9122
157 9240
157 9321
157 9670
157 11152
157 11675
157 11787
157 11936
157 12056
157 12541
157 13627
157 13911
157 14028
157 14116
157 14236
157 14841
157 15879
157 16396
157 17096
157 17176
157 17340
157 17449
158 406
158 700
158 1079
158 2548
158 2593
158 3213
158 3344
158 3421
158 3567
158 5898
158 6030
158 6106
158 6262
158 7146
158 7941
158 8067
158 8278
158 8292
158 8413
158 8968
158 9123
158 9241
158 9322
158 9671
158 11153
158 11676
158 11788
158 11937
158 12057
158 12542
158 13628
158 13912
158 14029
158 14117
158 14237
158 14842
158 15880
158 16397
158 17097
158 17177
158 17341
158 17450
159 407
159 701
159 1080
159 2549
159 2594
159 3214
159 3345
159 3422
159 3568
159 5899
159 6031
159 6107
159 6263
159 7147
159 7942
159 8068
159 8279
159 8293
159 8414
159 8969
159 9124
159 9242
159 9323
159 9672
159 11154
159 11677
159 11789
159 11938
159 12058
159 12543
159 13629
159 13913
159 14030
159 14118
159 14238
159 14843
159 15881
159 16398
159 17098
159 17178
159 17342
159 17451
160 408
160 702
160 1081
160 2550
160 2595
160 3215
160 3346
160 3423
160 3569
160 5900
160 6032
160 6108
160 6264
160 7148
160 7943
160 8069
160 8280
160 8294
160 8415
160 8970
160 9125
160 9243
160 9324
160 9673
160 11155
160 11678
160 11790
160 11939
160 12059
160 12544
160 13630
160 13914
160 14031
160 14119
160 14239
160 14844
160 15882
160 16399
160 17099
160 17179
160 17343
160 17452
161 409
161 703
161 1082
161 2551
161 2596
161 3216
161 3347
161 3424
161 3570
161 5901
161 6033
161 6109
161 6265
161 7149
161 7944
161 8070
161 8281
161 8295
161 8416
161 8971
161 9126
161 9244
161 9325
161 9674
161 11156
161 11679
161 11791
161 11940
161 12060
161 12433
161 13631
161 13915
161 14032
161 14120
161 14240
161 14845
161 15883
161 16400
161 17100
161 17180
161 17344
161 17453
162 410
162 704
162 1083
162 2552
162 2597
162 3217
162 3348
162 3425
162 3571
162 5902
162 6034
162 6110
162 6266
162 7150
162 7945
162 8071
162 8282
162 8296
162 8417
162 8972
162 9127
162 9245
162 9326
162 9675
162 11157
162 11680
162 11792
162 11941
162 12061
162 12434
162 13632
162 13916
162 14033
162 14121
162 14241
162 14846
162 15884
162 16401
162 17101
162 17181
162 17345
162 17454
163 411
163 705
163 1084
163 2553
163 2598
163 3218
163 3349
163 3426
163 3572
163 5903
163 6035
163 6111
163 6267
163 7151
163 7946
163 8072
163 8283
163 8297
163 8418
163 8973
163 9128
163 9246
163 9327
163 9676
163 11158
163 11681
163 11793
163 11942
163 12062
163 12435
163 13633
163 13917
163 14034
163 14122
163 14242
163 14847
163 15885
163 16402
163 17102
163 17182
163 17346
163 17455
164 412
164 706
164 1085
164 2554
164 2599
164 3219
164 3350
164 3427
164 3573
164 5904
164 6036
164 6112
164 6268
164 7152
164 7947
164 8073
164 8284
164 8298
164 8419
164 8974
164 9129
164 9247
164 9328
164 9677
164 11159
164 11682
164 11794
164 11943
164 12063
164 12436
164 13634
164 13918
164 14035
164 14123
164 14243
164 14848
164 15886
164 16403
164 17103
164 17183
164 17347
164 17456
165 413
165 707
165 1086
165 2555
165 2600
165 3220
165 3351
165 3428
165 3574
165 5905
165 6037
165 6113
165 6269
165 7153
165 7948
165 8074
165 8285
165 8299
165 8420
165 8975
165 9130
165 9248
165 9329
165 9678
165 11160
165 11683
165 11795
165 11944
165 12064
165 12437
165 13635
165 13919
165 14036
165 14124
165 14244
165 14849
165 15887
165 16404
165 17104
165 17184
165 17348
165 17457
166 414
166 708
166 1087
166 2556
166 2601
166 3221
166 3352
166 3429
166 3575
166 5906
166 6038
166 6114
166 6270
166 7154
166 7949
166 8075
166 8286
166 8300
166 8421
166 8976
166 9131
166 9249
166 9330
166 9679
166 11161
166 11684
166 11796
166 11945
166 12065
166 12438
166 13636
166 13920
166 14037
166 14125
166 14245
166 14850
166 15888
166 16405
166 17105
166 17185
166 17349
166 17458
167 415
167 709
167 1088
167 2557
167 2602
167 3222
167 3353
167 3430
167 3576
167 5907
167 6039
167 6115
167 6271
167 7155
167 7950
167 8076
167 8287
167 8301
167 8422
167 8977
167 9132
167 9250
167 9331
167 9680
167 11162
167 11685
167 11797
167 11946
167 12066
167 12439
167 13637
167 13921
167 14038
167 14126
167 14246
167 14851
167 15889
167 16406
167 17106
167 17186
167 17350
167 17459
168 416
168 710
168 1089
168 2558
168 2603
168 3223
168 3354
168 3431
168 3577
168 5908
168 6040
168 6116
168 6272
168 7156
168 7951
168 8077
168 8288
168 8302
168 8423
168 8978
168 9133
168 9251
168 9332
168 9681
168 11163
168 11686
168 11798
168 11947
168 12067
168 12440
168 13638
168 13922
168 14039
168 14127
168 14247
168 14852
168 15890
168 16407
168 17107
168 17187
168 17351
168 17460
169 417
169 711
169 1090
169 2559
169 2604
169 3224
169 3355
169 3432
169 3578
169 5909
169 6041
169 6117
169 6161
169 7157
169 7952
169 8078
169 8177
169 8303
169 8424
169 8979
169 9134
169 9252
169 9333
169 9682
169 11164
169 11687
169 11799
169 11948
169 12068
169 12441
169 13639
169 13923
169 14040
169 14128
169 14248
169 14853
169 15891
169 16408
169 17108
169 17188
169 17352
169 17461
170 418
170 712
170 1091
170 2560
170 2605
170 3225
170 3356
170 3433
170 3579
170 5910
170 6042
170 6118
170 6162
170 7158
170 7841
170 8079
170 8178
170 8304
170 8425
170 8980
170 9135
170 9253
170 9334
170 9683
170 11165
170 11688
170 11800
170 11949
170 12069
170 12442
170 13640
170 13924
170 14041
170 14129
170 14249
170 14854
170 15892
170 16409
170 17109
170 17189
170 17353
170 17462
171 419
171 713
171 1092
171 2561
171 2606
171 3226
171 3357
171 3434
171 3580
171 5911
171 6043
171 6119
171 6163
171 7159
171 7842
171 8080
171 8179
171 8305
171 8426
171 8981
171 9136
171 9254
171 9335
171 9684
171 11166
171 11689
171 11801
171 11950
171 12070
171 12443
171 13641
171 13925
171 14042
171 14130
171 14250
171 14855
171 15893
171 16410
171 17110
171 17190
171 17354
171 17463
172 420
172 714
172 1093
172 2562
172 2607
172 3227
172 3358
172 3435
172 3581
172 5912
172 6044
172 6120
172 6164
172 7160
172 7843
172 8081
172 8180
172 8306
172 8427
172 8982
172 9137
172 9255
172 9336
172 9685
172 11167
172 11690
172 11802
172 11951
172 12071
172 12444
172 13642
172 13926
172 14043
172 14131
172 14251
172 14856
172 15894
172 16411
172 17111
172 17191
172 17355
172 17464
173 421
173 715
173 1094
173 2563
173 2608
173 3228
173 3359
173 3436
173 3582
173 5913
173 6045
173 6121
173 6165
173 7161
173 7844
173 8082
173 8181
173 8307
173 8428
173 8983
173 9138
173 9256
173 9337
173 9686
173 11168
173 11691
173 11803
173 11952
173 12072
173 12445
173 13643
173 13927
173 14044
173 14132
173 14252
173 14857
173 15895
173 16412
173 17112
173 17192
173 17356
173 17465
174 422
174 716
174 1095
174 2564
174 2609
174 3229
174 3360
174 3437
174 3583
174 5914
174 6046
174 6122
174 6166
174 7162
174 7845
174 8083
174 8182
174 8308
174 8429
174 8984
174 9139
174 9257
174 9338
174 9687
174 11169
174 11692
174 11804
174 11953
174 12073
174 12446
174 13644
174 13928
174 14045
174 14133
174 14253
174 14858
174 15896
174 16413
174 17113
174 17193
174 17357
174 17466
175 423
175 717
175 1096
175 2565
175 2610
175 3230
175 3249
175 3438
175 3584
175 5915
175 6047
175 6123
175 6167
175 7163
175 7846
175 8084
175 8183
175 8309
175 8430
175 8985
175 9140
175 9258
175 9339
175 9688
175 11170
175 11693
175 11805
175 11954
175 12074
175 12447
175 13645
175 13929
175 14046
175 14134
175 14254
175 14859
175 15897
175 16414
175 17114
175 17194
175 17358
175 17467
176 424
176 718
176 1097
176 2566
176 2611
176 3231
176 3250
176 3439
176 3473
176 5916
176 6048
176 6124
176 6168
176 7164
176 7847
176 8085
176 8184
176 8310
176 8431
176 8986
176 9141
176 9259
176 9340
176 9689
176 11171
176 11694
176 11806
176 11955
176 12075
176 12448
176 13646
176 13930
176 14047
176 14135
176 14255
176 14860
176 15898
176 16415
176 17115
176 17195
176 17359
176 17468
177 425
177 719
177 1098
177 2567
177 2612
177 3232
177 3251
177 3440
177 3474
177 5917
177 5937
177 6125
177 6169
177 7165
177 7848
177 8086
177 8185
177 8311
177 8432
177 8987
177 9142
177 9260
177 9341
177 9690
177 11172
177 11695
177 11807
177 11956
177 12076
177 12449
177 13647
177 13931
177 14048
177 14136
177 14256
177 14861
177 15899
177 16416
177 17116
177 17196
177 17360
177 17469
178 426
178 720
178 1099
178 2568
178 2613
178 3233
178 3252
178 3441
178 3475
178 5918
178 5938
178 6126
178 6170
178 7166
178 7849
178 8087
178 8186
178 8312
178 8433
178 8988
178 9143
178 9261
178 9342
178 9691
178 11173
178 11696
178 11808
178 11957
178 12077
178 12450
178 13648
178 13932
178 14049
178 14137
178 14257
178 14862
178 15900
178 16417
178 17117
178 17197
178 17249
178 17470
179 427
179 721
179 1100
179 2569
179 2614
179 3234
179 3253
179 3442
179 3476
179 5919
179 5939
179 6127
179 6171
179 7167
179 7850
179 8088
179 8187
179 8313
179 8434
179 8989
179 9144
179 9262
179 9343
179 9692
179 11174
179 11697
179 11809
179 11958
179 12078
179 12451
179 13649
179 13933
179 14050
179 14138
179 14258
179 14863
179 15901
179 16418
179 17118
179 17198
179 17250
179 17471
180 428
180 722
180 1101
180 2570
180 2615
180 3235
180 3254
180 3443
180 3477
180 5920
180 5940
180 6128
180 6172
180 7168
180 7851
180 8089
180 8188
180 8314
180 8435
180 8990
180 9145
180 9263
180 9344
180 9693
180 11175
180 11698
180 11810
180 11959
180 12079
180 12452
180 13650
180 13934
180 14051
180 14139
180 14259
180 14864
180 15902
180 16419
180 17119
180 17199
180 17251
180 17472
181 429
181 723
181 1102
181 2571
181 2616
181 3236
181 3255
181 3444
181 3478
181 5921
181 5941
181 6129
181 6173
181 7057
181 7852
181 8090
181 8189
181 8315
181 8436
181 8991
181 9146
181 9264
181 9345
181 9694
181 11176
181 11699
181 11811
181 11960
181 12080
181 12453
181 13651
181 13935
181 14052
181 14140
181 14260
181 14865
181 15903
181 16420
181 17120
181 17200
181 17252
181 17361
182 430
182 724
182 1103
182 2572
182 2617
182 3237
182 3256
182 3445
182 3479
182 5922
182 5942
182 6130
182 6174
182 7058
182 7853
182 8091
182 8190
182 8316
182 8437
182 8992
182 9147
182 9265
182 9346
182 9695
182 11177
182 11700
182 11812
182 11961
182 12081
182 12454
182 13652
182 13936
182 14053
182 14141
182 14261
182 14866
182 15904
182 16421
182 17121
182 17201
182 17253
182 17362
183 431
183 725
183 1104
183 2573
183 2618
183 3238
183 3257
183 3446
183 3480
183 5923
183 5943
183 6131
183 6175
183 7059
183 7854
183 8092
183 8191
183 8317
183 8438
183 8993
183 9148
183 9266
183 9347
183 9696
183 11178
183 11701
183 11813
183 11962
183 12082
183 12455
183 13653
183 13937
183 14054
183 14142
183 14262
183 14867
183 15793
183 16422
183 17122
183 17202
183 17254
183 17363
184 432
184 726
184 1105
184 2574
184 2619
184 3239
184 3258
184 3447
184 3481
184 5924
184 5944
184 6132
184 6176
184 7060
184 7855
184 8093
184 8192
184 8318
184 8439
184 8994
184 9149
184 9267
184 9348
184 9697
184 11179
184 11702
184 11814
184 11963
184 12083
184 12456
184 13654
184 13938
184 14055
184 14143
184 14263
184 14868
184 15794
184 16423
184 17123
184 17203
184 17255
184 17364
185 433
185 727
185 1106
185 2575
185 2620
185 3240
185 3259
185 3448
185 3482
185 5925
185 5945
185 6133
185 6177
185 7061
185 7856
185 8094
185 8193
185 8319
185 8440
185 8995
185 9150
185 9268
185 9349
185 9698
185 11180
185 11703
185 11815
185 11964
185 12084
185 12457
185 13655
185 13939
185 14056
185 14144
185 14264
185 14869
185 15795
185 16424
185 17124
185 17204
185 17256
185 17365
186 434
186 728
186 1107
186 2576
186 2621
186 3241
186 3260
186 3449
186 3483
186 5926
186 5946
186 6134
186 6178
186 7062
186 7857
186 8095
186 8194
186 8320
186 8441
186 8996
186 9151
186 9269
186 9350
186 9699
186 11181
186 11704
186 11816
186 11965
186 12085
186 12458
186 13656
186 13940
186 14057
186 14145
186 14265
186 14870
186 15796
186 16425
186 17125
186 17205
186 17257
186 17366
187 435
187 729
187 1108
187 2465
187 2622
187 3242
187 3261
187 3450
187 3484
187 5927
187 5947
187 6135
187 6179
187 7063
187 7858
187 8096
187 8195
187 8321
187 8442
187 8997
187 9152
187 9270
187 9351
187 9700
187 11182
187 11705
187 11817
187 11966
187 12086
187 12459
187 13657
187 13941
187 14058
187 14146
187 14266
187 14871
187 15797
187 16426
187 17126
187 17206
187 17258
187 17367
188 436
188 730
188 1109
188 2466
188 2623
188 3243
188 3262
188 3451
188 3485
188 5928
188 5948
188 6136
188 6180
188 7064
188 7859
188 8097
188 8196
188 8322
188 8443
188 8998
188 9153
188 9271
188 9352
188 9701
188 11183
188 11706
188 11818
188 11967
188 12087
188 12460
188 13658
188 13942
188 14059
188 14147
188 14267
188 14872
188 15798
188 16427
188 17127
188 17207
188 17259
188 17368
189 437
189 731
189 1110
189 2467
189 2624
189 3244
189 3263
189 3452
189 3486
189 5929
189 5949
189 6137
189 6181
189 7065
189 7860
189 8098
189 8197
189 8323
189 8444
189 8999
189 9154
189 9272
189 9353
189 9702
189 11184
189 11707
189 11819
189 11968
189 12088
189 12461
189 13659
189 13943
189 14060
189 14148
189 14268
189 14873
189 15799
189 16428
189 17128
189 17208
189 17260
189 17369
190 438
190 732
190 1111
190 2468
190 2625
190 3245
190 3264
190 3453
190 3487
190 5930
190 5950
190 6138
190 6182
190 7066
190 7861
190 8099
190 8198
190 8324
190 8445
190 9000
190 9155
190 9273
190 9354
190 9703
190 11185
190 11708
190 11820
190 11969
190 12089
190 12462
190 13660
190 13944
190 14061
190 14149
190 14269
190 14874
190 15800
190 16429
190 17129
190 17209
190 17261
190 17370
191 439
191 733
191 1112
191 2469
191 2626
191 3246
191 3265
191 3454
191 3488
191 5931
191 5951
191 6139
191 6183
191 7067
191 7862
191 8100
191 8199
191 8325
191 8446
191 9001
191 9156
191 9274
191 9355
191 9704
191 11186
191 11709
191 11821
191 11970
191 12090
191 12463
191 13661
191 13945
191 14062
191 14150
191 14270
191 14875
191 15801
191 16430
191 17130
191 17210
191 17262
191 17371
192 440
192 734
192 1113
192 2470
192 2627
192 3247
192 3266
192 3455
192 3489
192 5932
192 5952
192 6140
192 6184
192 7068
192 7863
192 8101
192 8200
192 8326
192 8447
192 9002
192 9157
192 9275
192 9356
192 9705
192 11187
192 11710
192 11822
192 11971
192 12091
192 12464
192 13662
192 13946
192 14063
192 14151
192 14271
192 14876
192 15802
192 16431
192 17131
192 17211
192 17263
192 17372
193 441
193 735
193 1114
193 2471
193 2628
193 3248
193 3267
193 3456
193 3490
193 5933
193 5953
193 6141
193 6185
193 7069
193 7864
193 8102
193 8201
193 8327
193 8448
193 9003
193 9158
193 9276
193 9357
193 9706
193 11188
193 11711
193 11823
193 11972
193 12092
193 12465
193 13663
193 13947
193 14064
193 14152
193 14272
193 14877
193 15803
193 16432
193 17132
193 17212
193 17264
193 17373
194 442
194 736
194 1115
194 2472
194 2629
194 3137
194 3268
194 3457
194 3491
194 5934
194 5954
194 6142
194 6186
194 7070
194 7865
194 8103
194 8202
194 8328
194 8449
194 9004
194 9159
194 9277
194 9358
194 9707
194 11189
194 11712
194 11824
194 11973
194 12093
194 12466
194 13664
194 13948
194 14065
194 14153
194 14273
194 14878
194 15804
194 16433
194 17133
194 17213
194 17265
194 17374
195 443
195 737
195 1116
195 2473
195 2630
195 3138
195 3269
195 3458
195 3492
195 5935
195 5955
195 6143
195 6187
195 7071
195 7866
195 8104
195 8203
195 8329
195 8450
195 9005
195 9160
195 9278
195 9359
195 9708
195 11190
195 11713
195 11825
195 11974
195 12094
195 12467
195 13553
195 13949
195 14066
195 14154
195 14274
195 14879
195 15805
195 16434
195 17134
195 17214
195 17266
195 17375
196 444
196 738
196 1117
196 2474
196 2631
196 3139
196 3270
196 3459
196 3493
196 5936
196 5956
196 6144
196 6188
196 7072
196 7867
196 8105
196 8204
196 8330
196 8451
196 9006
196 9161
196 9279
196 9360
196 9709
196 11191
196 11714
196 11826
196 11975
196 12095
196 12468
196 13554
196 13950
196 14067
196 14155
196 14275
196 14880
196 15806
196 16435
196 17135
196 17215
196 17267
196 17376
197 445
197 739
197 1118
197 2475
197 2632
197 3140
197 3271
197 3460
197 3494
197 5825
197 5957
197 6145
197 6189
197 7073
197 7868
197 8106
197 8205
197 8331
197 8452
197 9007
197 9162
197 9280
197 9361
197 9710
197 11192
197 11715
197 11827
197 11976
197 12096
197 12469
197 13555
197 13951
197 14068
197 14156
197 14276
197 14881
197 15807
197 16436
197 17136
197 17216
197 17268
197 17377
198 446
198 740
198 1119
198 2476
198 2633
198 3141
198 3272
198 3461
198 3495
198 5826
198 5958
198 6146
198 6190
198 7074
198 7869
198 8107
198 8206
198 8332
198 8453
198 9008
198 9163
198 9281
198 9362
198 9711
198 11193
198 11716
198 11828
198 11977
198 11985
198 12470
198 13556
198 13952
198 14069
198 14157
198 14277
198 14882
198 15808
198 16437
198 17025
198 17217
198 17269
198 17378
199 447
199 741
199 1120
199 2477
199 2634
199 3142
199 3273
199 3462
199 3496
199 5827
199 5959
199 6147
199 6191
199 7075
199 7870
199 8108
199 8207
199 8333
199 8454
199 9009
199 9164
199 9282
199 9363
199 9712
199 11194
199 11717
199 11829
199 11978
199 11986
199 12471
199 13557
199 13953
199 14070
199 14158
199 14278
199 14883
199 15809
199 16438
199 17026
199 17218
199 17270
199 17379
200 448
200 742
200 1009
200 2478
200 2635
200 3143
200 3274
200 3463
200 3497
200 5828
200 5960
200 6148
200 6192
200 7076
200 7871
200 8109
200 8208
200 8334
200 8455
200 9010
200 9165
200 9283
200 9364
200 9713
200 11195
200 11718
200 11830
200 11979
200 11987
200 12472
200 13558
200 13954
200 14071
200 14159
200 14279
200 14884
200 15810
200 16439
200 17027
200 17219
200 17271
200 17380
201 337
201 743
201 1010
201 2479
201 2636
201 3144
201 3275
201 3464
201 3498
201 5829
201 5961
201 6149
201 6193
201 7077
201 7872
201 8110
201 8209
201 8335
201 8456
201 9011
201 9166
201 9284
201 9365
201 9714
201 11196
201 11719
201 11831
201 11980
201 11988
201 12473
201 13559
201 13955
201 14072
201 14160
201 14280
201 14885
201 15811
201 16440
201 17028
201 17220
201 17272
201 17381
202 338
202 744
202 1011
202 2480
202 2637
202 3145
202 3276
202 3465
202 3499
202 5830
202 5962
202 6150
202 6194
202 7078
202 7873
202 8111
202 8210
202 8336
202 8457
202 9012
202 9167
202 9285
202 9366
202 9715
202 11197
202 11720
202 11832
202 11981
202 11989
202 12474
202 13560
202 13956
202 14073
202 14161
202 14281
202 14886
202 15812
202 16441
202 17029
202 17221
202 17273
202 17382
203 339
203 745
203 1012
203 2481
203 2638
203 3146
203 3277
203 3466
203 3500
203 5831
203 5963
203 6151
203 6195
203 7079
203 7874
203 8112
203 8211
203 8337
203 8458
203 9013
203 9168
203 9286
203 9367
203 9716
203 11198
203 11721
203 11833
203 11982
203 11990
203 12475
203 13561
203 13957
203 14074
203 14162
203 14282
203 14887
203 15813
203 16442
203 17030
203 17222
203 17274
203 17383
204 340
204 746
204 1013
204 2482
204 2639
204 3147
204 3278
204 3467
204 3501
204 5832
204 5964
204 6152
204 6196
204 7080
204 7875
204 8113
204 8212
204 8338
204 8459
204 9014
204 9169
204 9287
204 9368
204 9717
204 11199
204 11722
204 11834
204 11983
204 11991
204 12476
204 13562
204 13958
204 14075
204 14163
204 14283
204 14888
204 15814
204 16443
204 17031
204 17223
204 17275
204 17384
205 341
205 747
205 1014
205 2483
205 2640
205 3148
205 3279
205 3468
205 3502
205 5833
205 5965
205 6153
205 6197
205 7081
205 7876
205 8114
205 8213
205 8339
205 8460
205 9015
205 9170
205 9288
205 9369
205 9718
205 11200
205 11723
205 11835
205 11984
205 11992
205 12477
205 13563
205 13959
205 14076
205 14164
205 14284
205 14889
205 15815
205 16444
205 17032
205 17224
205 17276
205 17385
206 342
206 748
206 1015
206 2484
206 2641
206 3149
206 3280
206 3469
206 3503
206 5834
206 5966
206 6154
206 6198
206 7082
206 7877
206 8115
206 8214
206 8340
206 8461
206 9016
206 9171
206 9289
206 9370
206 9719
206 11089
206 11724
206 11836
206 11873
206 11993
206 12478
206 13564
206 13960
206 14077
206 14165
206 14285
206 14890
206 15816
206 16445
206 17033
206 17225
206 17277
206 17386
207 343
207 749
207 1016
207 2485
207 2642
207 3150
207 3281
207 3470
207 3504
207 5835
207 5967
207 6155
207 6199
207 7083
207 7878
207 8116
207 8215
207 8341
207 8462
207 9017
207 9172
207 9290
207 9371
207 9720
207 11090
207 11725
207 11837
207 11874
207 11994
207 12479
207 13565
207 13961
207 14078
207 14166
207 14286
207 14891
207 15817
207 16446
207 17034
207 17226
207 17278
207 17387
208 344
208 750
208 1017
208 2486
208 2643
208 3151
208 3282
208 3471
208 3505
208 5836
208 5968
208 6156
208 6200
208 7084
208 7879
208 8117
208 8216
208 8342
208 8463
208 9018
208 9173
208 9291
208 9372
208 9721
208 11091
208 11726
208 11838
208 11875
208 11995
208 12480
208 13566
208 13962
208 14079
208 14167
208 14287
208 14892
208 15818
208 16447
208 17035
208 17227
208 17279
208 17388
209 345
209 751
209 1018
209 2487
209 2644
209 3152
209 3283
209 3472
209 3506
209 5837
209 5969
209 6157
209 6201
209 7085
209 7880
209 8118
209 8217
209 8343
209 8464
209 9019
209 9174
209 9292
209 9373
209 9722
209 11092
209 11727
209 11839
209 11876
209 11996
209 12481
209 13567
209 13963
209 14080
209 14168
209 14288
209 14893
209 15819
209 16448
209 17036
209 17228
209 17280
209 17389
210 346
210 752
210 1019
210 2488
210 2645
210 3153
210 3284
210 3361
210 3507
210 5838
210 5970
210 6158
210 6202
210 7086
210 7881
210 8119
210 8218
210 8344
210 8465
210 9020
210 9175
210 9293
210 9374
210 9723
210 11093
210 11728
210 11840
210 11877
210 11997
210 12482
210 13568
210 13964
210 14081
210 14169
210 14289
210 14894
210 15820
210 16449
210 17037
210 17229
210 17281
210 17390
211 347
211 753
211 1020
211 2489
211 2646
211 3154
211 3285
211 3362
211 3508
211 5839
211 5971
211 6159
211 6203
211 7087
211 7882
211 8120
211 8219
211 8345
211 8466
211 9021
211 9176
211 9294
211 9375
211 9724
211 11094
211 11729
211 11841
211 11878
211 11998
211 12483
211 13569
211 13965
211 14082
211 14170
211 14290
211 14895
211 15821
211 16450
211 17038
211 17230
211 17282
211 17391
212 348
212 754
212 1021
212 2490
212 2647
212 3155
212 3286
212 3363
212 3509
212 5840
212 5972
212 6160
212 6204
212 7088
212 7883
212 8121
212 8220
212 8346
212 8467
212 9022
212 9177
212 9295
212 9376
212 9725
212 11095
212 11730
212 11842
212 11879
212 11999
212 12484
212 13570
212 13966
212 14083
212 14171
212 14291
212 14896
212 15822
212 16451
212 17039
212 17231
212 17283
212 17392
213 349
213 755
213 1022
213 2491
213 2648
213 3156
213 3287
213 3364
213 3510
213 5841
213 5973
213 6049
213 6205
213 7089
213 7884
213 8122
213 8221
213 8347
213 8468
213 9023
213 9178
213 9296
213 9377
213 9726
213 11096
213 11731
213 11843
213 11880
213 12000
213 12485
213 13571
213 13967
213 14084
213 14172
213 14292
213 14785
213 15823
213 16452
213 17040
213 17232
213 17284
213 17393
214 350
214 756
214 1023
214 2492
214 2649
214 3157
214 3288
214 3365
214 3511
214 5842
214 5974
214 6050
214 6206
214 7090
214 7885
214 8123
214 8222
214 8348
214 8469
214 9024
214 9179
214 9185
214 9378
214 9727
214 11097
214 11732
214 11844
214 11881
214 12001
214 12486
214 13572
214 13968
214 14085
214 14173
214 14293
214 14786
214 15824
214 16453
214 17041
214 17233
214 17285
214 17394
215 351
215 757
215 1024
215 2493
215 2650
215 3158
215 3289
215 3366
215 3512
215 5843
215 5975
215 6051
215 6207
215 7091
215 7886
215 8124
215 8223
215 8349
215 8470
215 9025
215 9180
215 9186
215 9379
215 9728
215 11098
215 11733
215 11845
215 11882
215 12002
215 12487
215 13573
215 13969
215 14086
215 14174
215 14294
215 14787
215 15825
215 16454
215 17042
215 17234
215 17286
215 17395
216 352
216 758
216 1025
216 2494
216 2651
216 3159
216 3290
216 3367
216 3513
216 5844
216 5976
216 6052
216 6208
216 7092
216 7887
216 8125
216 8224
216 8350
216 8471
216 9026
216 9181
216 9187
216 9380
216 9729
216 11099
216 11734
216 11846
216 11883
216 12003
216 12488
216 13574
216 13970
216 14087
216 14175
216 14295
216 14788
216 15826
216 16455
216 17043
216 17235
216 17287
216 17396
217 353
217 759
217 1026
217 2495
217 2652
217 3160
217 3291
217 3368
217 3514
217 5845
217 5977
217 6053
217 6209
217 7093
217 7888
217 8126
217 8225
217 8351
217 8472
217 9027
217 9182
217 9188
217 9381
217 9730
217 11100
217 11735
217 11847
217 11884
217 12004
217 12489
217 13575
217 13971
217 14088
217 14176
217 14296
217 14789
217 15827
217 16456
217 17044
217 17236
217 17288
217 17397
218 354
218 760
218 1027
218 2496
218 2653
218 3161
218 3292
218 3369
218 3515
218 5846
218 5978
218 6054
218 6210
218 7094
218 7889
218 8127
218 8226
218 8352
218 8473
218 9028
218 9183
218 9189
218 9382
218 9731
218 11101
218 11736
218 11848
218 11885
218 12005
218 12490
218 13576
218 13972
218 14089
218 14177
218 14297
218 14790
218 15828
218 16457
218 17045
218 17237
218 17289
218 17398
219 355
219 761
219 1028
219 2497
219 2654
219 3162
219 3293
219 3370
219 3516
219 5847
219 5979
219 6055
219 6211
219 7095
219 7890
219 8128
219 8227
219 8353
219 8474
219 9029
219 9184
219 9190
219 9383
219 9732
219 11102
219 11737
219 11849
219 11886
219 12006
219 12491
219 13577
219 13973
219 14090
219 14178
219 14298
219 14791
219 15829
219 16458
219 17046
219 17238
219 17290
219 17399
220 356
220 762
220 1029
220 2498
220 2655
220 3163
220 3294
220 3371
220 3517
220 5848
220 5980
220 6056
220 6212
220 7096
220 7891
220 8129
220 8228
220 8354
220 8475
220 9030
220 9073
220 9191
220 9384
220 9733
220 11103
220 11738
220 11850
220 11887
220 12007
220 12492
220 13578
220 13974
220 14091
220 14179
220 14299
220 14792
220 15830
220 16459
220 17047
220 17239
220 17291
220 17400
221 357
221 763
221 1030
221 2499
221 2656
221 3164
221 3295
221 3372
221 3518
221 5849
221 5981
221 6057
221 6213
221 7097
221 7892
221 8130
221 8229
221 8355
221 8476
221 9031
221 9074
221 9192
221 9385
221 9734
221 11104
221 11739
221 11851
221 11888
221 12008
221 12493
221 13579
221 13975
221 14092
221 14180
221 14300
221 14793
221 15831
221 16460
221 17048
221 17240
221 17292
221 17401
222 358
222 764
222 1031
222 2500
222 2657
222 3165
222 3296
222 3373
222 3519
222 5850
222 5982
222 6058
222 6214
222 7098
222 7893
222 8131
222 8230
222 8356
222 8477
222 9032
222 9075
222 9193
222 9386
222 9735
222 11105
222 11740
222 11852
222 11889
222 12009
222 12494
222 13580
222 13976
222 14093
222 14181
222 14301
222 14794
222 15832
222 16461
222 17049
222 17241
222 17293
222 17402
223 359
223 765
223 1032
223 2501
223 2658
223 3166
223 3297
223 3374
223 3520
223 5851
223 5983
223 6059
223 6215
223 7099
223 7894
223 8132
223 8231
223 8357
223 8478
223 9033
223 9076
223 9194
223 9387
223 9736
223 11106
223 11741
223 11853
223 11890
223 12010
223 12495
223 13581
223 13977
223 14094
223 14182
223 14302
223 14795
223 15833
223 16462
223 17050
223 17242
223 17294
223 17403
224 360
224 766
224 1033
224 2502
224 2659
224 3167
224 3298
224 3375
224 3521
224 5852
224 5984
224 6060
224 6216
224 7100
224 7895
224 8133
224 8232
224 8358
224 8479
224 9034
224 9077
224 9195
224 9388
224 9737
224 11107
224 11742
224 11854
224 11891
224 12011
224 12496
224 13582
224 13978
224 14095
224 14183
224 14303
224 14796
224 15834
224 16463
224 17051
224 17243
224 17295
224 17404
225 10
225 871
225 1174
225 2342
225 2670
225 3162
225 3275
225 3426
225 3581
225 5914
225 5957
225 6094
225 6240
225 6763
225 7960
225 8156
225 8245
225 8364
225 8448
225 9015
225 9089
225 9287
225 9402
225 9850
225 10853
225 11693
225 11809
225 11907
225 12001
225 12137
225 13706
225 13912
225 14105
225 14180
225 14247
225 14955
225 15964
225 16486
225 17072
225 17157
225 17314
225 17433
226 11
226 872
226 1175
226 2343
226 2671
226 3163
226 3276
226 3427
226 3582
226 5915
226 5958
226 6095
226 6241
226 6764
226 7961
226 8157
226 8246
226 8365
226 8449
226 9016
226 9090
226 9288
226 9403
226 9851
226 10854
226 11694
226 11810
226 11908
226 12002
226 12138
226 13707
226 13913
226 14106
226 14181
226 14248
226 14956
226 15965
226 16487
226 17073
226 17158
226 17315
226 17434
227 12
227 873
227 1176
227 2344
227 2672
227 3164
227 3277
227 3428
227 3583
227 5916
227 5959
227 6096
227 6242
227 6765
227 7962
227 8158
227 8247
227 8366
227 8450
227 9017
227 9091
227 9289
227 9404
227 9852
227 10855
227 11695
227 11811
227 11909
227 12003
227 12139
227 13708
227 13914
227 14107
227 14182
227 14249
227 14957
227 15966
227 16488
227 17074
227 17159
227 17316
227 17435
228 13
228 874
228 1177
228 2345
228 2673
228 3165
228 3278
228 3429
228 3584
228 5917
228 5960
228 6097
228 6243
228 6766
228 7963
228 8159
228 8248
228 8367
228 8451
228 9018
228 9092
228 9290
228 9405
228 9853
228 10856
228 11696
228 11812
228 11910
228 12004
228 12140
228 13709
228 13915
228 14108
228 14183
228 14250
228 14958
228 15967
228 16489
228 17075
228 17160
228 17317
228 17436
229 14
229 875
229 1178
229 2346
229 2674
229 3166
229 3279
229 3430
229 3473
229 5918
229 5961
229 6098
229 6244
229 6767
229 7964
229 8160
229 8249
229 8368
229 8452
229 9019
229 9093
229 9291
229 9406
229 9854
229 10857
229 11697
229 11813
229 11911
229 12005
229 12141
229 13710
229 13916
229 14109
229 14184
229 14251
229 14959
229 15968
229 16490
229 17076
229 17161
229 17318
229 17437
230 15
230 876
230 1179
230 2347
230 2675
230 3167
230 3280
230 3431
230 3474
230 5919
230 5962
230 6099
230 6245
230 6768
230 7965
230 8161
230 8250
230 8369
230 8453
230 9020
230 9094
230 9292
230 9407
230 9855
230 10858
230 11698
230 11814
230 11912
230 12006
230 12142
230 13711
230 13917
230 14110
230 14185
230 14252
230 14960
230 15969
230 16491
230 17077
230 17162
230 17319
230 17438
231 16
231 877
231 1180
231 2348
231 2676
231 3168
231 3281
231 3432
231 3475
231 5920
231 5963
231 6100
231 6246
231 6769
231 7966
231 8162
231 8251
231 8370
231 8454
231 9021
231 9095
231 9293
231 9408
231 9856
231 10859
231 11699
231 11815
231 11913
231 12007
231 12143
231 13712
231 13918
231 14111
231 14186
231 14253
231 14961
231 15970
231 16492
231 17078
231 17163
231 17320
231 17439
232 17
232 878
232 1181
232 2349
232 2677
232 3169
232 3282
232 3433
232 3476
232 5921
232 5964
232 6101
232 6247
232 6770
232 7967
232 8163
232 8252
232 8371
232 8455
232 9022
232 9096
232 9294
232 9297
232 9745
232 10860
232 11700
232 11816
232 11914
232 12008
232 12144
232 13713
232 13919
232 14112
232 14187
232 14254
232 14962
232 15971
232 16493
232 17079
232 17164
232 17321
232 17440
233 18
233 879
233 1182
233 2350
233 2678
233 3170
233 3283
233 3434
233 3477
233 5922
233 5965
233 6102
233 6248
233 6771
233 7968
233 8164
233 8253
233 8372
233 8456
233 9023
233 9097
233 9295
233 9298
233 9746
233 10861
233 11701
233 11817
233 11915
233 12009
233 12145
233 13714
233 13920
233 14001
233 14188
233 14255
233 14963
233 15972
233 16494
233 17080
233 17165
233 17322
233 17441
234 19
234 880
234 1183
234 2351
234 2679
234 3171
234 3284
234 3435
234 3478
234 5923
234 5966
234 6103
234 6249
234 6772
234 7969
234 8165
234 8254
234 8373
234 8457
234 9024
234 9098
234 9296
234 9299
234 9747
234 10862
234 11702
234 11818
234 11916
234 12010
234 12146
234 13715
234 13921
234 14002
234 14189
234 14256
234 14964
234 15973
234 16495
234 17081
234 17166
234 17323
234 17442
235 20
235 881
235 1184
235 2352
235 2680
235 3172
235 3285
235 3436
235 3479
235 5924
235 5967
235 6104
235 6250
235 6773
235 7970
235 8166
235 8255
235 8374
235 8458
235 9025
235 9099
235 9185
235 9300
235 9748
235 10863
235 11703
235 11819
235 11917
235 12011
235 12147
235 13716
235 13922
235 14003
235 14190
235 14257
235 14965
235 15974
235 16496
235 17082
235 17167
235 17324
235 17443
236 21
236 882
236 1185
236 2241
236 2681
236 3173
236 3286
236 3437
236 3480
236 5925
236 5968
236 6105
236 6251
236 6774
236 7971
236 8167
236 8256
236 8375
236 8459
236 9026
236 9100
236 9186
236 9301
236 9749
236 10864
236 11704
236 11820
236 11918
236 12012
236 12148
236 13717
236 13923
236 14004
236 14191
236 14258
236 14966
236 15975
236 16497
236 17083
236 17168
236 17325
236 17444
237 22
237 883
237 1186
237 2242
237 2682
237 3174
237 3287
237 3438
237 3481
237 5926
237 5969
237 6106
237 6252
237 6775
237 7972
237 8168
237 8257
237 8376
237 8460
237 9027
237 9101
237 9187
237 9302
237 9750
237 10753
237 11705
237 11821
237 11919
237 12013
237 12149
237 13718
237 13924
237 14005
237 14192
237 14259
237 14967
237 15976
237 16498
237 17084
237 17169
237 17326
237 17445
238 23
238 884
238 1187
238 2243
238 2683
238 3175
238 3288
238 3439
238 3482
238 5927
238 5970
238 6107
238 6253
238 6776
238 7973
238 8169
238 8258
238 8377
238 8461
238 9028
238 9102
238 9188
238 9303
238 9751
238 10754
238 11706
238 11822
238 11920
238 12014
238 12150
238 13719
238 13925
238 14006
238 14193
238 14260
238 14968
238 15977
238 16499
238 17085
238 17170
238 17327
238 17446
239 24
239 885
239 1188
239 2244
239 2684
239 3176
239 3289
239 3440
239 3483
239 5928
239 5971
239 6108
239 6254
239 6777
239 7974
239 8170
239 8259
239 8378
239 8462
239 9029
239 9103
239 9189
239 9304
239 9752
239 10755
239 11707
239 11823
239 11921
239 12015
239 12151
239 13720
239 13926
239 14007
239 14194
239 14261
239 14969
239 15978
239 16500
239 17086
239 17171
239 17328
239 17447
240 25
240 886
240 1189
240 2245
240 2685
240 3177
240 3290
240 3441
240 3484
240 5929
240 5972
240 6109
240 6255
240 6778
240 7975
240 8171
240 8260
240 8379
240 8463
240 9030
240 9104
240 9190
240 9305
240 9753
240 10756
240 11708
240 11824
240 11922
240 12016
240 12152
240 13721
240 13927
240 14008
240 14195
240 14262
240 14970
240 15979
240 16501
240 17087
240 17172
240 17329
240 17448
241 26
241 887
241 1190
241 2246
241 2686
241 3178
241 3291
241 3442
241 3485
241 5930
241 5973
241 6110
241 6256
241 6779
241 7976
241 8172
241 8261
241 8380
241 8464
241 9031
241 9105
241 9191
241 9306
241 9754
241 10757
241 11709
241 11825
241 11923
241 12017
241 12153
241 13722
241 13928
241 14009
241 14196
241 14263
241 14971
241 15980
241 16502
241 17088
241 17173
241 17330
241 17449
242 27
242 888
242 1191
242 2247
242 2687
242 3179
242 3292
242 3443
242 3486
242 5931
242 5974
242 6111
242 6257
242 6780
242 7977
242 8173
242 8262
242 8381
242 8465
242 9032
242 9106
242 9192
242 9307
242 9755
242 10758
242 11710
242 11826
242 11924
242 12018
242 12154
242 13723
242 13929
242 14010
242 14197
242 14264
242 14972
242 15981
242 16503
242 17089
242 17174
242 17331
242 17450
243 28
243 889
243 1192
243 2248
243 2688
243 3180
243 3293
243 3444
243 3487
243 5932
243 5975
243 6112
243 6258
243 6781
243 7978
243 8174
243 8263
243 8382
243 8466
243 9033
243 9107
243 9193
243 9308
243 9756
243 10759
243 11711
243 11827
243 11925
243 12019
243 12155
243 13724
243 13930
243 14011
243 14198
243 14265
243 14973
243 15982
243 16504
243 17090
243 17175
243 17332
243 17451
244 29
244 890
244 1193
244 2249
244 2577
244 3181
244 3294
244 3445
244 3488
244 5933
244 5976
244 6113
244 6259
244 6782
244 7979
244 8175
244 8264
244 8383
244 8467
244 9034
244 9108
244 9194
244 9309
244 9757
244 10760
244 11712
244 11828
244 11926
244 12020
244 12156
244 13725
244 13931
244 14012
244 14199
244 14266
244 14974
244 15983
244 16505
244 17091
244 17176
244 17333
244 17452
245 30
245 891
245 1194
245 2250
245 2578
245 3182
245 3295
245 3446
245 3489
245 5934
245 5977
245 6114
245 6260
245 6783
245 7980
245 8176
245 8265
245 8384
245 8468
245 9035
245 9109
245 9195
245 9310
245 9758
245 10761
245 11713
245 11829
245 11927
245 12021
245 12157
245 13726
245 13932
245 14013
245 14200
245 14267
245 14975
245 15984
245 16506
245 17092
245 17177
245 17334
245 17453
246 31
246 892
246 1195
246 2251
246 2579
246 3183
246 3296
246 3447
246 3490
246 5935
246 5978
246 6115
246 6261
246 6784
246 7981
246 8065
246 8266
246 8385
246 8469
246 9036
246 9110
246 9196
246 9311
246 9759
246 10762
246 11714
246 11830
246 11928
246 12022
246 12158
246 13727
246 13933
246 14014
246 14201
246 14268
246 14976
246 15985
246 16507
246 17093
246 17178
246 17335
246 17454
247 32
247 893
247 1196
247 2252
247 2580
247 3184
247 3297
247 3448
247 3491
247 5936
247 5979
247 6116
247 6262
247 6785
247 7982
247 8066
247 8267
247 8386
247 8470
247 9037
247 9111
247 9197
247 9312
247 9760
247 10763
247 11715
247 11831
247 11929
247 12023
247 12159
247 13728
247 13934
247 14015
247 14202
247 14269
247 14977
247 15986
247 16508
247 17094
247 17179
247 17336
247 17455
248 33
248 894
248 1197
248 2253
248 2581
248 3185
248 3298
248 3449
248 3492
248 5825
248 5980
248 6117
248 6263
248 6786
248 7983
248 8067
248 8268
248 8387
248 8471
248 9038
248 9112
248 9198
248 9313
248 9761
248 10764
248 11716
248 11832
248 11930
248 12024
248 12160
248 13729
248 13935
248 14016
248 14203
248 14270
248 14978
248 15987
248 16509
248 17095
248 17180
248 17337
248 17456
249 34
249 895
249 1198
249 2254
249 2582
249 3186
249 3299
249 3450
249 3493
249 5826
249 5981
249 6118
249 6264
249 6787
249 7984
249 8068
249 8269
249 8388
249 8472
249 9039
249 9113
249 9199
249 9314
249 9762
249 10765
249 11717
249 11833
249 11931
249 12025
249 12161
249 13730
249 13936
249 14017
249 14204
249 14271
249 14979
249 15988
249 16510
249 17096
249 17181
249 17338
249 17457
250 35
250 896
250 1199
250 2255
250 2583
250 3187
250 3300
250 3451
250 3494
250 5827
250 5982
250 6119
250 6265
250 6788
250 7985
250 8069
250 8270
250 8389
250 8473
250 9040
250 9114
250 9200
250 9315
250 9763
250 10766
250 11718
250 11834
250 11932
250 12026
250 12162
250 13731
250 13937
250 14018
250 14205
250 14272
250 14980
250 15989
250 16511
250 17097
250 17182
250 17339
250 17458
251 36
251 785
251 1200
251 2256
251 2584
251 3188
251 3301
251 3452
251 3495
251 5828
251 5983
251 6120
251 6266
251 6789
251 7986
251 8070
251 8271
251 8390
251 8474
251 9041
251 9115
251 9201
251 9316
251 9764
251 10767
251 11719
251 11835
251 11933
251 12027
251 12163
251 13732
251 13938
251 14019
251 14206
251 14273
251 14981
251 15990
251 16512
251 17098
251 17183
251 17340
251 17459
252 37
252 786
252 1201
252 2257
252 2585
252 3189
252 3302
252 3453
252 3496
252 5829
252 5984
252 6121
252 6267
252 6790
252 7987
252 8071
252 8272
252 8391
252 8475
252 9042
252 9116
252 9202
252 9317
252 9765
252 10768
252 11720
252 11836
252 11934
252 12028
252 12164
252 13733
252 13939
252 14020
252 14207
252 14274
252 14982
252 15991
252 16513
252 17099
252 17184
252 17341
252 17460
253 38
253 787
253 1202
253 2258
253 2586
253 3190
253 3303
253 3454
253 3497
253 5830
253 5985
253 6122
253 6268
253 6791
253 7988
253 8072
253 8273
253 8392
253 8476
253 9043
253 9117
253 9203
253 9318
253 9766
253 10769
253 11721
253 11837
253 11935
253 12029
253 12165
253 13734
253 13940
253 14021
253 14208
253 14275
253 14983
253 15992
253 16514
253 17100
253 17185
253 17342
253 17461
254 39
254 788
254 1203
254 2259
254 2587
254 3191
254 3304
254 3455
254 3498
254 5831
254 5986
254 6123
254 6269
254 6792
254 7989
254 8073
254 8274
254 8393
254 8477
254 9044
254 9118
254 9204
254 9319
254 9767
254 10770
254 11722
254 11838
254 11936
254 12030
254 12166
254 13735
254 13941
254 14022
254 14209
254 14276
254 14984
254 15993
254 16515
254 17101
254 17186
254 17343
254 17462
255 40
255 789
255 1204
255 2260
255 2588
255 3192
255 3305
255 3456
255 3499
255 5832
255 5987
255 6124
255 6270
255 6793
255 7990
255 8074
255 8275
255 8394
255 8478
255 9045
255 9119
255 9205
255 9320
255 9768
255 10771
255 11723
255 11839
255 11937
255 12031
255 12167
255 13736
255 13942
255 14023
255 14210
255 14277
255 14985
255 15994
255 16516
255 17102
255 17187
255 17344
255 17463
256 41
256 790
256 1205
256 2261
256 2589
256 3193
256 3306
256 3457
256 3500
256 5833
256 5988
256 6125
256 6271
256 6794
256 7991
256 8075
256 8276
256 8395
256 8479
256 9046
256 9120
256 9206
256 9321
256 9769
256 10772
256 11724
256 11840
256 11938
256 12032
256 12168
256 13737
256 13943
256 14024
256 14211
256 14278
256 14986
256 15995
256 16517
256 17103
256 17188
256 17345
256 17464
257 42
257 791
257 1206
257 2262
257 2590
257 3194
257 3307
257 3458
257 3501
257 5834
257 5989
257 6126
257 6272
257 6795
257 7992
257 8076
257 8277
257 8396
257 8480
257 9047
257 9121
257 9207
257 9322
257 9770
257 10773
257 11725
257 11841
257 11939
257 12033
257 12169
257 13738
257 13944
257 14025
257 14212
257 14279
257 14987
257 15996
257 16518
257 17104
257 17189
257 17346
257 17465
258 43
258 792
258 1207
258 2263
258 2591
258 3195
258 3308
258 3459
258 3502
258 5835
258 5990
258 6127
258 6161
258 6796
258 7993
258 8077
258 8278
258 8397
258 8481
258 9048
258 9122
258 9208
258 9323
258 9771
258 10774
258 11726
258 11842
258 11940
258 12034
258 12170
258 13739
258 13945
258 14026
258 14213
258 14280
258 14988
258 15997
258 16519
258 17105
258 17190
258 17347
258 17466
259 44
259 793
259 1208
259 2264
259 2592
259 3196
259 3309
259 3460
259 3503
259 5836
259 5991
259 6128
259 6162
259 6797
259 7994
259 8078
259 8279
259 8398
259 8482
259 9049
259 9123
259 9209
259 9324
259 9772
259 10775
259 11727
259 11843
259 11941
259 12035
259 12171
259 13740
259 13946
259 14027
259 14214
259 14281
259 14989
259 15998
259 16520
259 17106
259 17191
259 17348
259 17467
260 45
260 794
260 1209
260 2265
260 2593
260 3197
260 3310
260 3461
260 3504
260 5837
260 5992
260 6129
260 6163
260 6798
260 7995
260 8079
260 8280
260 8399
260 8483
260 9050
260 9124
260 9210
260 9325
260 9773
260 10776
260 11728
260 11844
260 11942
260 12036
260 12172
260 13741
260 13947
260 14028
260 14215
260 14282
260 14990
260 15999
260 16521
260 17107
260 17192
260 17349
260 17468
261 46
261 795
261 1210
261 2266
261 2594
261 3198
261 3311
261 3462
261 3505
261 5838
261 5993
261 6130
261 6164
261 6799
261 7996
261 8080
261 8281
261 8400
261 8484
261 9051
261 9125
261 9211
261 9326
261 9774
261 10777
261 11729
261 11845
261 11943
261 12037
261 12173
261 13742
261 13948
261 14029
261 14216
261 14283
261 14991
261 16000
261 16522
261 17108
261 17193
261 17350
261 17469
262 47
262 796
262 1211
262 2267
262 2595
262 3199
262 3312
262 3463
262 3506
262 5839
262 5994
262 6131
262 6165
262 6800
262 7997
262 8081
262 8282
262 8289
262 8485
262 9052
262 9126
262 9212
262 9327
262 9775
262 10778
262 11730
262 11846
262 11944
262 12038
262 12174
262 13743
262 13949
262 14030
262 14217
262 14284
262 14992
262 16001
262 16523
262 17109
262 17194
262 17351
262 17470
263 48
263 797
263 1212
263 2268
263 2596
263 3200
263 3313
263 3464
263 3507
263 5840
263 5995
263 6132
263 6166
263 6801
263 7998
263 8082
263 8283
263 8290
263 8486
263 9053
263 9127
263 9213
263 9328
263 9776
263 10779
263 11731
263 11847
263 11945
263 12039
263 12175
263 13744
263 13950
263 14031
263 14218
263 14285
263 14993
263 16002
263 16524
263 17110
263 17195
263 17352
263 17471
264 49
264 798
264 1213
264 2269
264 2597
264 3201
264 3314
264 3465
264 3508
264 5841
264 5996
264 6133
264 6167
264 6802
264 7999
264 8083
264 8284
264 8291
264 8487
264 9054
264 9128
264 9214
264 9329
264 9777
264 10780
264 11732
264 11848
264 11946
264 12040
264 12176
264 13745
264 13951
264 14032
264 14219
264 14286
264 14994
264 16003
264 16525
264 17111
264 17196
264 17353
264 17472
265 50
265 799
265 1214
265 2270
265 2598
265 3202
265 3315
265 3466
265 3509
265 5842
265 5997
265 6134
265 6168
265 6803
265 8000
265 8084
265 8285
265 8292
265 8488
265 9055
265 9129
265 9215
265 9330
265 9778
265 10781
265 11733
265 11849
265 11947
265 12041
265 12177
265 13746
265 13952
265 14033
265 14220
265 14287
265 14995
265 16004
265 16526
265 17112
265 17197
265 17354
265 17361
266 51
266 800
266 1215
266 2271
266 2599
266 3203
266 3316
266 3467
266 3510
266 5843
266 5998
266 6135
266 6169
266 6804
266 8001
266 8085
266 8286
266 8293
266 8489
266 9056
266 9130
266 9216
266 9331
266 9779
266 10782
266 11734
266 11850
266 11948
266 12042
266 12178
266 13747
266 13953
266 14034
266 14221
266 14288
266 14996
266 16005
266 16527
266 17113
266 17198
266 17355
266 17362
267 52
267 801
267 1216
267 2272
267 2600
267 3204
267 3317
267 3468
267 3511
267 5844
267 5999
267 6136
267 6170
267 6805
267 8002
267 8086
267 8287
267 8294
267 8490
267 9057
267 9131
267 9217
267 9332
267 9780
267 10783
267 11735
267 11851
267 11949
267 12043
267 12179
267 13748
267 13954
267 14035
267 14222
267 14289
267 14997
267 16006
267 16528
267 17114
267 17199
267 17356
267 17363
268 53
268 802
268 1217
268 2273
268 2601
268 3205
268 3318
268 3469
268 3512
268 5845
268 6000
268 6137
268 6171
268 6806
268 8003
268 8087
268 8288
268 8295
268 8491
268 9058
268 9132
268 9218
268 9333
268 9781
268 10784
268 11736
268 11852
268 11950
268 12044
268 12180
268 13749
268 13955
268 14036
268 14223
268 14290
268 14998
268 16007
268 16529
268 17115
268 17200
268 17357
268 17364
269 54
269 803
269 1218
269 2274
269 2602
269 3206
269 3319
269 3470
269 3513
269 5846
269 6001
269 6138
269 6172
269 6807
269 8004
269 8088
269 8177
269 8296
269 8492
269 9059
269 9133
269 9219
269 9334
269 9782
269 10785
269 11737
269 11853
269 11951
269 12045
269 12181
269 13750
269 13956
269 14037
269 14224
269 14291
269 14999
269 16008
269 16530
269 17116
269 17201
269 17358
269 17365
270 55
270 804
270 1219
270 2275
270 2603
270 3207
270 3320
270 3471
270 3514
270 5847
270 6002
270 6139
270 6173
270 6808
270 8005
270 8089
270 8178
270 8297
270 8493
270 9060
270 9134
270 9220
270 9335
270 9783
270 10786
270 11738
270 11854
270 11952
270 12046
270 12182
270 13751
270 13957
270 14038
270 14113
270 14292
270 15000
270 16009
270 16531
270 17117
270 17202
270 17359
270 17366
271 56
271 805
271 1220
271 2276
271 2604
271 3208
271 3321
271 3472
271 3515
271 5848
271 6003
271 6140
271 6174
271 6809
271 8006
271 8090
271 8179
271 8298
271 8494
271 9061
271 9135
271 9221
271 9336
271 9784
271 10787
271 11739
271 11855
271 11953
271 12047
271 12183
271 13752
271 13958
271 14039
271 14114
271 14293
271 15001
271 16010
271 16532
271 17118
271 17203
271 17360
271 17367
272 57
272 806
272 1221
272 2277
272 2605
272 3209
272 3322
272 3361
272 3516
272 5849
272 6004
272 6141
272 6175
272 6810
272 8007
272 8091
272 8180
272 8299
272 8495
272 9062
272 9136
272 9222
272 9337
272 9785
272 10788
272 11740
272 11856
272 11954
272 12048
272 12184
272 13753
272 13959
272 14040
272 14115
272 14294
272 15002
272 16011
272 16533
272 17119
272 17204
272 17249
272 17368
273 58
273 807
273 1222
273 2278
273 2606
273 3210
273 3323
273 3362
273 3517
273 5850
273 6005
273 6142
273 6176
273 6811
273 8008
273 8092
273 8181
273 8300
273 8496
273 9063
273 9137
273 9223
273 9338
273 9786
273 10789
273 11741
273 11857
273 11955
273 12049
273 12185
273 13754
273 13960
273 14041
273 14116
273 14295
273 15003
273 16012
273 16534
273 17120
273 17205
273 17250
273 17369
274 59
274 808
274 1223
274 2279
274 2607
274 3211
274 3324
274 3363
274 3518
274 5851
274 6006
274 6143
274 6177
274 6812
274 8009
274 8093
274 8182
274 8301
274 8497
274 9064
274 9138
274 9224
274 9339
274 9787
274 10790
274 11742
274 11858
274 11956
274 12050
274 12186
274 13755
274 13961
274 14042
274 14117
274 14296
274 15004
274 16013
274 16535
274 17121
274 17206
274 17251
274 17370
275 60
275 809
275 1224
275 2280
275 2608
275 3212
275 3325
275 3364
275 3519
275 5852
275 6007
275 6144
275 6178
275 6813
275 8010
275 8094
275 8183
275 8302
275 8498
275 9065
275 9139
275 9225
275 9340
275 9788
275 10791
275 11743
275 11859
275 11957
275 12051
275 12187
275 13756
275 13962
275 14043
275 14118
275 14297
275 15005
275 16014
275 16536
275 17122
275 17207
275 17252
275 17371
276 61
276 810
276 1225
276 2281
276 2609
276 3213
276 3326
276 3365
276 3520
276 5853
276 6008
276 6145
276 6179
276 6814
276 8011
276 8095
276 8184
276 8303
276 8499
276 9066
276 9140
276 9226
276 9341
276 9789
276 10792
276 11744
276 11860
276 11958
276 12052
276 12188
276 13757
276 13963
276 14044
276 14119
276 14298
276 15006
276 16015
276 16537
276 17123
276 17208
276 17253
276 17372
277 62
277 811
277 1226
277 2282
277 2610
277 3214
277 3327
277 3366
277 3521
277 5854
277 6009
277 6146
277 6180
277 6815
277 8012
277 8096
277 8185
277 8304
277 8500
277 9067
277 9141
277 9227
277 9342
277 9790
277 10793
277 11745
277 11861
277 11959
277 12053
277 12189
277 13758
277 13964
277 14045
277 14120
277 14299
277 15007
277 16016
277 16538
277 17124
277 17209
277 17254
277 17373
278 63
278 812
278 1227
278 2283
278 2611
278 3215
278 3328
278 3367
278 3522
278 5855
278 6010
278 6147
278 6181
278 6816
278 8013
278 8097
278 8186
278 8305
278 8501
278 9068
278 9142
278 9228
278 9343
278 9791
278 10794
278 11746
278 11862
278 11960
278 12054
278 12190
278 13759
278 13965
278 14046
278 14121
278 14300
278 15008
278 15905
278 16539
278 17125
278 17210
278 17255
278 17374
279 64
279 813
279 1228
279 2284
279 2612
279 3216
279 3329
279 3368
279 3523
279 5856
279 6011
279 6148
279 6182
279 6817
279 8014
279 8098
279 8187
279 8306
279 8502
279 9069
279 9143
279 9229
279 9344
279 9792
279 10795
279 11747
279 11863
279 11961
279 12055
279 12191
279 13760
279 13966
279 14047
279 14122
279 14301
279 14897
279 15906
279 16540
279 17126
279 17211
279 17256
279 17375
280 65
280 814
280 1229
280 2285
280 2613
280 3217
280 3330
280 3369
280 3524
280 5857
280 6012
280 6149
280 6183
280 6818
280 8015
280 8099
280 8188
280 8307
280 8503
280 9070
280 9144
280 9230
280 9345
280 9793
280 10796
280 11748
280 11864
280 11962
280 12056
280 12192
280 13761
280 13967
280 14048
280 14123
280 14302
280 14898
280 15907
280 16541
280 17127
280 17212
280 17257
280 17376
281 66
281 815
281 1230
281 2286
281 2614
281 3218
281 3331
281 3370
281 3525
281 5858
281 6013
281 6150
281 6184
281 6819
281 8016
281 8100
281 8189
281 8308
281 8504
281 9071
281 9145
281 9231
281 9346
281 9794
281 10797
281 11749
281 11865
281 11963
281 12057
281 12193
281 13762
281 13968
281 14049
281 14124
281 14303
281 14899
281 15908
281 16542
281 17128
281 17213
281 17258
281 17377
282 67
282 816
282 1231
282 2287
282 2615
282 3219
282 3332
282 3371
282 3526
282 5859
282 6014
282 6151
282 6185
282 6820
282 8017
282 8101
282 8190
282 8309
282 8505
282 9072
282 9146
282 9232
282 9347
282 9795
282 10798
282 11750
282 11866
282 11964
282 12058
282 12194
282 13763
282 13969
282 14050
282 14125
282 14304
282 14900
282 15909
282 16543
282 17129
282 17214
282 17259
282 17378
283 68
283 817
283 1232
283 2288
283 2616
283 3220
283 3333
283 3372
283 3527
283 5860
283 6015
283 6152
283 6186
283 6821
283 8018
283 8102
283 8191
283 8310
283 8506
283 8961
283 9147
283 9233
283 9348
283 9796
283 10799
283 11751
283 11867
283 11965
283 12059
283 12195
283 13764
283 13970
283 14051
283 14126
283 14305
283 14901
283 15910
283 16544
283 17130
283 17215
283 17260
283 17379
284 69
284 818
284 1121
284 2289
284 2617
284 3221
284 3334
284 3373
284 3528
284 5861
284 6016
284 6153
284 6187
284 6822
284 8019
284 8103
284 8192
284 8311
284 8507
284 8962
284 9148
284 9234
284 9349
284 9797
284 10800
284 11752
284 11868
284 11966
284 12060
284 12196
284 13765
284 13971
284 14052
284 14127
284 14306
284 14902
284 15911
284 16545
284 17131
284 17216
284 17261
284 17380
285 70
285 819
285 1122
285 2290
285 2618
285 3222
285 3335
285 3374
285 3529
285 5862
285 6017
285 6154
285 6188
285 6823
285 8020
285 8104
285 8193
285 8312
285 8508
285 8963
285 9149
285 9235
285 9350
285 9798
285 10801
285 11753
285 11869
285 11967
285 12061
285 12197
285 13766
285 13972
285 14053
285 14128
285 14307
285 14903
285 15912
285 16546
285 17132
285 17217
285 17262
285 17381
286 71
286 820
286 1123
286 2291
286 2619
286 3223
286 3336
286 3375
286 3530
286 5863
286 6018
286 6155
286 6189
286 6824
286 8021
286 8105
286 8194
286 8313
286 8509
286 8964
286 9150
286 9236
286 9351
286 9799
286 10802
286 11754
286 11870
286 11968
286 12062
286 12198
286 13767
286 13973
286 14054
286 14129
286 14308
286 14904
286 15913
286 16547
286 17133
286 17218
286 17263
286 17382
287 72
287 821
287 1124
287 2292
287 2620
287 3224
287 3337
287 3376
287 3531
287 5864
287 6019
287 6156
287 6190
287 6825
287 8022
287 8106
287 8195
287 8314
287 8510
287 8965
287 9151
287 9237
287 9352
287 9800
287 10803
287 11755
287 11871
287 11969
287 12063
287 12199
287 13768
287 13974
287 14055
287 14130
287 14309
287 14905
287 15914
287 16548
287 17134
287 17219
287 17264
287 17383
288 73
288 822
288 1125
288 2293
288 2621
288 3225
288 3338
288 3377
288 3532
288 5865
288 6020
288 6157
288 6191
288 6826
288 8023
288 8107
288 8196
288 8315
288 8511
288 8966
288 9152
288 9238
288 9353
288 9801
288 10804
288 11756
288 11872
288 11970
288 12064
288 12200
288 13769
288 13975
288 14056
288 14131
288 14310
288 14906
288 15915
288 16549
288 17135
288 17220
288 17265
288 17384
289 74
289 823
289 1126
289 2294
289 2622
289 3226
289 3339
289 3378
289 3533
289 5866
289 6021
289 6158
289 6192
289 6827
289 8024
289 8108
289 8197
289 8316
289 8512
289 8967
289 9153
289 9239
289 9354
289 9802
289 10805
289 11757
289 11761
289 11971
289 12065
289 12201
289 13770
289 13976
289 14057
289 14132
289 14311
289 14907
289 15916
289 16550
289 17136
289 17221
289 17266
289 17385
290 75
290 824
290 1127
290 2295
290 2623
290 3227
290 3340
290 3379
290 3534
290 5867
290 6022
290 6159
290 6193
290 6828
290 8025
290 8109
290 8198
290 8317
290 8401
290 8968
290 9154
290 9240
290 9355
290 9803
290 10806
290 11758
290 11762
290 11972
290 12066
290 12202
290 13771
290 13977
290 14058
290 14133
290 14312
290 14908
290 15917
290 16551
290 17025
290 17222
290 17267
290 17386
291 76
291 825
291 1128
291 2296
291 2624
291 3228
291 3341
291 3380
291 3535
291 5868
291 6023
291 6160
291 6194
291 6829
291 8026
291 8110
291 8199
291 8318
291 8402
291 8969
291 9155
291 9241
291 9356
291 9804
291 10807
291 11759
291 11763
291 11973
291 12067
291 12203
291 13772
291 13978
291 14059
291 14134
291 14313
291 14909
291 15918
291 16552
291 17026
291 17223
291 17268
291 17387
292 77
292 826
292 1129
292 2297
292 2625
292 3229
292 3342
292 3381
292 3536
292 5869
292 6024
292 6049
292 6195
292 6830
292 8027
292 8111
292 8200
292 8319
292 8403
292 8970
292 9156
292 9242
292 9357
292 9805
292 10808
292 11760
292 11764
292 11974
292 12068
292 12204
292 13773
292 13979
292 14060
292 14135
292 14314
292 14910
292 15919
292 16553
292 17027
292 17224
292 17269
292 17388
293 78
293 827
293 1130
293 2298
293 2626
293 3230
293 3343
293 3382
293 3537
293 5870
293 6025
293 6050
293 6196
293 6831
293 8028
293 8112
293 8201
293 8320
293 8404
293 8971
293 9157
293 9243
293 9358
293 9806
293 10809
293 11649
293 11765
293 11975
293 12069
293 12205
293 13774
293 13980
293 14061
293 14136
293 14315
293 14911
293 15920
293 16554
293 17028
293 17225
293 17270
293 17389
294 79
294 828
294 1131
294 2299
294 2627
294 3231
294 3344
294 3383
294 3538
294 5871
294 6026
294 6051
294 6197
294 6832
294 8029
294 8113
294 8202
294 8321
294 8405
294 8972
294 9158
294 9244
294 9359
294 9807
294 10810
294 11650
294 11766
294 11976
294 12070
294 12206
294 13775
294 13981
294 14062
294 14137
294 14316
294 14912
294 15921
294 16555
294 17029
294 17226
294 17271
294 17390
295 80
295 829
295 1132
295 2300
295 2628
295 3232
295 3345
295 3384
295 3539
295 5872
295 6027
295 6052
295 6198
295 6721
295 8030
295 8114
295 8203
295 8322
295 8406
295 8973
295 9159
295 9245
295 9360
295 9808
295 10811
295 11651
295 11767
295 11977
295 12071
295 12207
295 13776
295 13982
295 14063
295 14138
295 14317
295 14913
295 15922
295 16556
295 17030
295 17227
295 17272
295 17391
296 81
296 830
296 1133
296 2301
296 2629
296 3233
296 3346
296 3385
296 3540
296 5873
296 6028
296 6053
296 6199
296 6722
296 8031
296 8115
296 8204
296 8323
296 8407
296 8974
296 9160
296 9246
296 9361
296 9809
296 10812
296 11652
296 11768
296 11978
296 12072
296 12208
296 13665
296 13983
296 14064
296 14139
296 14318
296 14914
296 15923
296 16557
296 17031
296 17228
296 17273
296 17392
297 82
297 831
297 1134
297 2302
297 2630
297 3234
297 3347
297 3386
297 3541
297 5874
297 6029
297 6054
297 6200
297 6723
297 8032
297 8116
297 8205
297 8324
297 8408
297 8975
297 9161
297 9247
297 9362
297 9810
297 10813
297 11653
297 11769
297 11979
297 12073
297 12097
297 13666
297 13984
297 14065
297 14140
297 14319
297 14915
297 15924
297 16558
297 17032
297 17229
297 17274
297 17393
298 83
298 832
298 1135
298 2303
298 2631
298 3235
298 3348
298 3387
298 3542
298 5875
298 6030
298 6055
298 6201
298 6724
298 8033
298 8117
298 8206
298 8325
298 8409
298 8976
298 9162
298 9248
298 9363
298 9811
298 10814
298 11654
298 11770
298 11980
298 12074
298 12098
298 13667
298 13985
298 14066
298 14141
298 14320
298 14916
298 15925
298 16559
298 17033
298 17230
298 17275
298 17394
299 84
299 833
299 1136
299 2304
299 2632
299 3236
299 3349
299 3388
299 3543
299 5876
299 6031
299 6056
299 6202
299 6725
299 8034
299 8118
299 8207
299 8326
299 8410
299 8977
299 9163
299 9249
299 9364
299 9812
299 10815
299 11655
299 11771
299 11981
299 12075
299 12099
299 13668
299 13986
299 14067
299 14142
299 14321
299 14917
299 15926
299 16560
299 17034
299 17231
299 17276
299 17395
300 85
300 834
300 1137
300 2305
300 2633
300 3237
300 3350
300 3389
300 3544
300 5877
300 6032
300 6057
300 6203
300 6726
300 8035
300 8119
300 8208
300 8327
300 8411
300 8978
300 9164
300 9250
300 9365
300 9813
300 10816
300 11656
300 11772
300 11982
300 12076
300 12100
300 13669
300 13987
300 14068
300 14143
300 14322
300 14918
300 15927
300 16561
300 17035
300 17232
300 17277
300 17396
301 86
301 835
301 1138
301 2306
301 2634
301 3238
301 3351
301 3390
301 3545
301 5878
301 6033
301 6058
301 6204
301 6727
301 8036
301 8120
301 8209
301 8328
301 8412
301 8979
301 9165
301 9251
301 9366
301 9814
301 10817
301 11657
301 11773
301 11983
301 12077
301 12101
301 13670
301 13988
301 14069
301 14144
301 14323
301 14919
301 15928
301 16562
301 17036
301 17233
301 17278
301 17397
302 87
302 836
302 1139
302 2307
302 2635
302 3239
302 3352
302 3391
302 3546
302 5879
302 6034
302 6059
302 6205
302 6728
302 8037
302 8121
302 8210
302 8329
302 8413
302 8980
302 9166
302 9252
302 9367
302 9815
302 10818
302 11658
302 11774
302 11984
302 12078
302 12102
302 13671
302 13989
302 14070
302 14145
302 14324
302 14920
302 15929
302 16563
302 17037
302 17234
302 17279
302 17398
303 88
303 837
303 1140
303 2308
303 2636
303 3240
303 3353
303 3392
303 3547
303 5880
303 6035
303 6060
303 6206
303 6729
303 8038
303 8122
303 8211
303 8330
303 8414
303 8981
303 9167
303 9253
303 9368
303 9816
303 10819
303 11659
303 11775
303 11873
303 12079
303 12103
303 13672
303 13990
303 14071
303 14146
303 14325
303 14921
303 15930
303 16564
303 17038
303 17235
303 17280
303 17399
304 89
304 838
304 1141
304 2309
304 2637
304 3241
304 3354
304 3393
304 3548
304 5881
304 6036
304 6061
304 6207
304 6730
304 8039
304 8123
304 8212
304 8331
304 8415
304 8982
304 9168
304 9254
304 9369
304 9817
304 10820
304 11660
304 11776
304 11874
304 12080
304 12104
304 13673
304 13991
304 14072
304 14147
304 14326
304 14922
304 15931
304 16565
304 17039
304 17236
304 17281
304 17400
305 90
305 839
305 1142
305 2310
305 2638
305 3242
305 3355
305 3394
305 3549
305 5882
305 6037
305 6062
305 6208
305 6731
305 8040
305 8124
305 8213
305 8332
305 8416
305 8983
305 9169
305 9255
305 9370
305 9818
305 10821
305 11661
305 11777
305 11875
305 12081
305 12105
305 13674
305 13992
305 14073
305 14148
305 14327
305 14923
305 15932
305 16566
305 17040
305 17237
305 17282
305 17401
306 91
306 840
306 1143
306 2311
306 2639
306 3243
306 3356
306 3395
306 3550
306 5883
306 6038
306 6063
306 6209
306 6732
306 8041
306 8125
306 8214
306 8333
306 8417
306 8984
306 9170
306 9256
306 9371
306 9819
306 10822
306 11662
306 11778
306 11876
306 12082
306 12106
306 13675
306 13993
306 14074
306 14149
306 14328
306 14924
306 15933
306 16567
306 17041
306 17238
306 17283
306 17402
307 92
307 841
307 1144
307 2312
307 2640
307 3244
307 3357
307 3396
307 3551
307 5884
307 6039
307 6064
307 6210
307 6733
307 8042
307 8126
307 8215
307 8334
307 8418
307 8985
307 9171
307 9257
307 9372
307 9820
307 10823
307 11663
307 11779
307 11877
307 12083
307 12107
307 13676
307 13994
307 14075
307 14150
307 14329
307 14925
307 15934
307 16568
307 17042
307 17239
307 17284
307 17403
308 93
308 842
308 1145
308 2313
308 2641
308 3245
308 3358
308 3397
308 3552
308 5885
308 6040
308 6065
308 6211
308 6734
308 8043
308 8127
308 8216
308 8335
308 8419
308 8986
308 9172
308 9258
308 9373
308 9821
308 10824
308 11664
308 11780
308 11878
308 12084
308 12108
308 13677
308 13995
308 14076
308 14151
308 14330
308 14926
308 15935
308 16569
308 17043
308 17240
308 17285
308 17404
309 94
309 843
309 1146
309 2314
309 2642
309 3246
309 3359
309 3398
309 3553
309 5886
309 6041
309 6066
309 6212
309 6735
309 8044
309 8128
309 8217
309 8336
309 8420
309 8987
309 9173
309 9259
309 9374
309 9822
309 10825
309 11665
309 11781
309 11879
309 12085
309 12109
309 13678
309 13996
309 14077
309 14152
309 14331
309 14927
309 15936
309 16570
309 17044
309 17241
309 17286
309 17405
310 95
310 844
310 1147
310 2315
310 2643
310 3247
310 3360
310 3399
310 3554
310 5887
310 6042
310 6067
310 6213
310 6736
310 8045
310 8129
310 8218
310 8337
310 8421
310 8988
310 9174
310 9260
310 9375
310 9823
310 10826
310 11666
310 11782
310 11880
310 12086
310 12110
310 13679
310 13997
310 14078
310 14153
310 14332
310 14928
310 15937
310 16571
310 17045
310 17242
310 17287
310 17406
311 96
311 845
311 1148
311 2316
311 2644
311 3248
311 3249
311 3400
311 3555
311 5888
311 6043
311 6068
311 6214
311 6737
311 8046
311 8130
311 8219
311 8338
311 8422
311 8989
311 9175
311 9261
311 9376
311 9824
311 10827
311 11667
311 11783
311 11881
311 12087
311 12111
311 13680
311 13998
311 14079
311 14154
311 14333
311 14929
311 15938
311 16572
311 17046
311 17243
311 17288
311 17407
312 97
312 846
312 1149
312 2317
312 2645
312 3137
312 3250
312 3401
312 3556
312 5889
312 6044
312 6069
312 6215
312 6738
312 8047
312 8131
312 8220
312 8339
312 8423
312 8990
312 9176
312 9262
312 9377
312 9825
312 10828
312 11668
312 11784
312 11882
312 12088
312 12112
312 13681
312 13999
312 14080
312 14155
312 14334
312 14930
312 15939
312 16573
312 17047
312 17244
312 17289
312 17408
313 98
313 847
313 1150
313 2318
313 2646
313 3138
313 3251
313 3402
313 3557
313 5890
313 6045
313 6070
313 6216
313 6739
313 8048
313 8132
313 8221
313 8340
313 8424
313 8991
313 9177
313 9263
313 9378
313 9826
313 10829
313 11669
313 11785
313 11883
313 12089
313 12113
313 13682
313 14000
313 14081
313 14156
313 14335
313 14931
313 15940
313 16574
313 17048
313 17245
313 17290
313 17409
314 99
314 848
314 1151
314 2319
314 2647
314 3139
314 3252
314 3403
314 3558
314 5891
314 6046
314 6071
314 6217
314 6740
314 8049
314 8133
314 8222
314 8341
314 8425
314 8992
314 9178
314 9264
314 9379
314 9827
314 10830
314 11670
314 11786
314 11884
314 12090
314 12114
314 13683
314 13889
314 14082
314 14157
314 14336
314 14932
314 15941
314 16575
314 17049
314 17246
314 17291
314 17410
315 100
315 849
315 1152
315 2320
315 2648
315 3140
315 3253
315 3404
315 3559
315 5892
315 6047
315 6072
315 6218
315 6741
315 8050
315 8134
315 8223
315 8342
315 8426
315 8993
315 9179
315 9265
315 9380
315 9828
315 10831
315 11671
315 11787
315 11885
315 12091
315 12115
315 13684
315 13890
315 14083
315 14158
315 14225
315 14933
315 15942
315 16576
315 17050
315 17247
315 17292
315 17411
316 101
316 850
316 1153
316 2321
316 2649
316 3141
316 3254
316 3405
316 3560
316 5893
316 6048
316 6073
316 6219
316 6742
316 8051
316 8135
316 8224
316 8343
316 8427
316 8994
316 9180
316 9266
316 9381
316 9829
316 10832
316 11672
316 11788
316 11886
316 12092
316 12116
316 13685
316 13891
316 14084
316 14159
316 14226
316 14934
316 15943
316 16465
316 17051
316 17248
316 17293
316 17412
317 102
317 851
317 1154
317 2322
317 2650
317 3142
317 3255
317 3406
317 3561
317 5894
317 5937
317 6074
317 6220
317 6743
317 8052
317 8136
317 8225
317 8344
317 8428
317 8995
317 9181
317 9267
317 9382
317 9830
317 10833
317 11673
317 11789
317 11887
317 12093
317 12117
317 13686
317 13892
317 14085
317 14160
317 14227
317 14935
317 15944
317 16466
317 17052
317 17137
317 17294
317 17413
318 103
318 852
318 1155
318 2323
318 2651
318 3143
318 3256
318 3407
318 3562
318 5895
318 5938
318 6075
318 6221
318 6744
318 8053
318 8137
318 8226
318 8345
318 8429
318 8996
318 9182
318 9268
318 9383
318 9831
318 10834
318 11674
318 11790
318 11888
318 12094
318 12118
318 13687
318 13893
318 14086
318 14161
318 14228
318 14936
318 15945
318 16467
318 17053
318 17138
318 17295
318 17414
319 104
319 853
319 1156
319 2324
319 2652
319 3144
319 3257
319 3408
319 3563
319 5896
319 5939
319 6076
319 6222
319 6745
319 8054
319 8138
319 8227
319 8346
319 8430
319 8997
319 9183
319 9269
319 9384
319 9832
319 10835
319 11675
319 11791
319 11889
319 12095
319 12119
319 13688
319 13894
319 14087
319 14162
319 14229
319 14937
319 15946
319 16468
319 17054
319 17139
319 17296
319 17415
320 105
320 854
320 1157
320 2325
320 2653
320 3145
320 3258
320 3409
320 3564
320 5897
320 5940
320 6077
320 6223
320 6746
320 8055
320 8139
320 8228
320 8347
320 8431
320 8998
320 9184
320 9270
320 9385
320 9833
320 10836
320 11676
320 11792
320 11890
320 12096
320 12120
320 13689
320 13895
320 14088
320 14163
320 14230
320 14938
320 15947
320 16469
320 17055
320 17140
320 17297
320 17416
321 106
321 855
321 1158
321 2326
321 2654
321 3146
321 3259
321 3410
321 3565
321 5898
321 5941
321 6078
321 6224
321 6747
321 8056
321 8140
321 8229
321 8348
321 8432
321 8999
321 9073
321 9271
321 9386
321 9834
321 10837
321 11677
321 11793
321 11891
321 11985
321 12121
321 13690
321 13896
321 14089
321 14164
321 14231
321 14939
321 15948
321 16470
321 17056
321 17141
321 17298
321 17417
322 107
322 856
322 1159
322 2327
322 2655
322 3147
322 3260
322 3411
322 3566
322 5899
322 5942
322 6079
322 6225
322 6748
322 8057
322 8141
322 8230
322 8349
322 8433
322 9000
322 9074
322 9272
322 9387
322 9835
322 10838
322 11678
322 11794
322 11892
322 11986
322 12122
322 13691
322 13897
322 14090
322 14165
322 14232
322 14940
322 15949
322 16471
322 17057
322 17142
322 17299
322 17418
323 108
323 857
323 1160
323 2328
323 2656
323 3148
323 3261
323 3412
323 3567
323 5900
323 5943
323 6080
323 6226
323 6749
323 8058
323 8142
323 8231
323 8350
323 8434
323 9001
323 9075
323 9273
323 9388
323 9836
323 10839
323 11679
323 11795
323 11893
323 11987
323 12123
323 13692
323 13898
323 14091
323 14166
323 14233
323 14941
323 15950
323 16472
323 17058
323 17143
323 17300
323 17419
324 109
324 858
324 1161
324 2329
324 2657
324 3149
324 3262
324 3413
324 3568
324 5901
324 5944
324 6081
324 6227
324 6750
324 8059
324 8143
324 8232
324 8351
324 8435
324 9002
324 9076
324 9274
324 9389
324 9837
324 10840
324 11680
324 11796
324 11894
324 11988
324 12124
324 13693
324 13899
324 14092
324 14167
324 14234
324 14942
324 15951
324 16473
324 17059
324 17144
324 17301
324 17420
325 110
325 859
325 1162
325 2330
325 2658
325 3150
325 3263
325 3414
325 3569
325 5902
325 5945
325 6082
325 6228
325 6751
325 8060
325 8144
325 8233
325 8352
325 8436
325 9003
325 9077
325 9275
325 9390
325 9838
325 10841
325 11681
325 11797
325 11895
325 11989
325 12125
325 13694
325 13900
325 14093
325 14168
325 14235
325 14943
325 15952
325 16474
325 17060
325 17145
325 17302
325 17421
326 111
326 860
326 1163
326 2331
326 2659
326 3151
326 3264
326 3415
326 3570
326 5903
326 5946
326 6083
326 6229
326 6752
326 8061
326 8145
326 8234
326 8353
326 8437
326 9004
326 9078
326 9276
326 9391
326 9839
326 10842
326 11682
326 11798
326 11896
326 11990
326 12126
326 13695
326 13901
326 14094
326 14169
326 14236
326 14944
326 15953
326 16475
326 17061
326 17146
326 17303
326 17422
327 112
327 861
327 1164
327 2332
327 2660
327 3152
327 3265
327 3416
327 3571
327 5904
327 5947
327 6084
327 6230
327 6753
327 8062
327 8146
327 8235
327 8354
327 8438
327 9005
327 9079
327 9277
327 9392
327 9840
327 10843
327 11683
327 11799
327 11897
327 11991
327 12127
327 13696
327 13902
327 14095
327 14170
327 14237
327 14945
327 15954
327 16476
327 17062
327 17147
327 17304
327 17423
328 1
328 862
328 1165
328 2333
328 2661
328 3153
328 3266
328 3417
328 3572
328 5905
328 5948
328 6085
328 6231
328 6754
328 8063
328 8147
328 8236
328 8355
328 8439
328 9006
328 9080
328 9278
328 9393
328 9841
328 10844
328 11684
328 11800
328 11898
328 11992
328 12128
328 13697
328 13903
328 14096
328 14171
328 14238
328 14946
328 15955
328 16477
328 17063
328 17148
328 17305
328 17424
329 2
329 863
329 1166
329 2334
329 2662
329 3154
329 3267
329 3418
329 3573
329 5906
329 5949
329 6086
329 6232
329 6755
329 8064
329 8148
329 8237
329 8356
329 8440
329 9007
329 9081
329 9279
329 9394
329 9842
329 10845
329 11685
329 11801
329 11899
329 11993
329 12129
329 13698
329 13904
329 14097
329 14172
329 14239
329 14947
329 15956
329 16478
329 17064
329 17149
329 17306
329 17425
330 3
330 864
330 1167
330 2335
330 2663
330 3155
330 3268
330 3419
330 3574
330 5907
330 5950
330 6087
330 6233
330 6756
330 7953
330 8149
330 8238
330 8357
330 8441
330 9008
330 9082
330 9280
330 9395
330 9843
330 10846
330 11686
330 11802
330 11900
330 11994
330 12130
330 13699
330 13905
330 14098
330 14173
330 14240
330 14948
330 15957
330 16479
330 17065
330 17150
330 17307
330 17426
331 4
331 865
331 1168
331 2336
331 2664
331 3156
331 3269
331 3420
331 3575
331 5908
331 5951
331 6088
331 6234
331 6757
331 7954
331 8150
331 8239
331 8358
331 8442
331 9009
331 9083
331 9281
331 9396
331 9844
331 10847
331 11687
331 11803
331 11901
331 11995
331 12131
331 13700
331 13906
331 14099
331 14174
331 14241
331 14949
331 15958
331 16480
331 17066
331 17151
331 17308
331 17427
332 5
332 866
332 1169
332 2337
332 2665
332 3157
332 3270
332 3421
332 3576
332 5909
332 5952
332 6089
332 6235
332 6758
332 7955
332 8151
332 8240
332 8359
332 8443
332 9010
332 9084
332 9282
332 9397
332 9845
332 10848
332 11688
332 11804
332 11902
332 11996
332 12132
332 13701
332 13907
332 14100
332 14175
332 14242
332 14950
332 15959
332 16481
332 17067
332 17152
332 17309
332 17428
333 6
333 867
333 1170
333 2338
333 2666
333 3158
333 3271
333 3422
333 3577
333 5910
333 5953
333 6090
333 6236
333 6759
333 7956
333 8152
333 8241
333 8360
333 8444
333 9011
333 9085
333 9283
333 9398
333 9846
333 10849
333 11689
333 11805
333 11903
333 11997
333 12133
333 13702
333 13908
333 14101
333 14176
333 14243
333 14951
333 15960
333 16482
333 17068
333 17153
333 17310
333 17429
334 7
334 868
334 1171
334 2339
334 2667
334 3159
334 3272
334 3423
334 3578
334 5911
334 5954
334 6091
334 6237
334 6760
334 7957
334 8153
334 8242
334 8361
334 8445
334 9012
334 9086
334 9284
334 9399
334 9847
334 10850
334 11690
334 11806
334 11904
334 11998
334 12134
334 13703
334 13909
334 14102
334 14177
334 14244
334 14952
334 15961
334 16483
334 17069
334 17154
334 17311
334 17430
335 8
335 869
335 1172
335 2340
335 2668
335 3160
335 3273
335 3424
335 3579
335 5912
335 5955
335 6092
335 6238
335 6761
335 7958
335 8154
335 8243
335 8362
335 8446
335 9013
335 9087
335 9285
335 9400
335 9848
335 10851
335 11691
335 11807
335 11905
335 11999
335 12135
335 13704
335 13910
335 14103
335 14178
335 14245
335 14953
335 15962
335 16484
335 17070
335 17155
335 17312
335 17431
336 9
336 870
336 1173
336 2341
336 2669
336 3161
336 3274
336 3425
336 3580
336 5913
336 5956
336 6093
336 6239
336 6762
336 7959
336 8155
336 8244
336 8363
336 8447
336 9014
336 9088
336 9286
336 9401
336 9849
336 10852
336 11692
336 11808
336 11906
336 12000
336 12136
336 13705
336 13911
336 14104
336 14179
336 14246
336 14954
336 15963
336 16485
336 17071
336 17156
336 17313
336 17432
337 152
337 530
337 1252
337 2311
337 2407
337 3216
337 3327
337 3403
337 3478
337 5924
337 6036
337 6080
337 6255
337 6877
337 7680
337 8159
337 8269
337 8366
337 8493
337 8983
337 9074
337 9196
337 9407
337 9474
337 10919
337 11692
337 11864
337 11921
337 12094
337 12287
337 13787
337 13947
337 14089
337 14127
337 14287
337 15043
337 16053
337 16137
337 17109
337 17146
337 17326
337 17372
338 153
338 531
338 1253
338 2312
338 2408
338 3217
338 3328
338 3404
338 3479
338 5925
338 6037
338 6081
338 6256
338 6878
338 7681
338 8160
338 8270
338 8367
338 8494
338 8984
338 9075
338 9197
338 9408
338 9475
338 10920
338 11693
338 11865
338 11922
338 12095
338 12288
338 13788
338 13948
338 14090
338 14128
338 14288
338 15044
338 16054
338 16138
338 17110
338 17147
338 17327
338 17373
339 154
339 532
339 1254
339 2313
339 2409
339 3218
339 3329
339 3405
339 3480
339 5926
339 6038
339 6082
339 6257
339 6879
339 7682
339 8161
339 8271
339 8368
339 8495
339 8985
339 9076
339 9198
339 9297
339 9476
339 10921
339 11694
339 11866
339 11923
339 12096
339 12289
339 13789
339 13949
339 14091
339 14129
339 14289
339 15045
339 16055
339 16139
339 17111
339 17148
339 17328
339 17374
340 155
340 533
340 1255
340 2314
340 2410
340 3219
340 3330
340 3406
340 3481
340 5927
340 6039
340 6083
340 6258
340 6880
340 7683
340 8162
340 8272
340 8369
340 8496
340 8986
340 9077
340 9199
340 9298
340 9477
340 10922
340 11695
340 11867
340 11924
340 11985
340 12290
340 13790
340 13950
340 14092
340 14130
340 14290
340 15046
340 16056
340 16140
340 17112
340 17149
340 17329
340 17375
341 156
341 534
341 1256
341 2315
341 2411
341 3220
341 3331
341 3407
341 3482
341 5928
341 6040
341 6084
341 6259
341 6881
341 7684
341 8163
341 8273
341 8370
341 8497
341 8987
341 9078
341 9200
341 9299
341 9478
341 10923
341 11696
341 11868
341 11925
341 11986
341 12291
341 13791
341 13951
341 14093
341 14131
341 14291
341 15047
341 16057
341 16141
341 17113
341 17150
341 17330
341 17376
342 157
342 535
342 1257
342 2316
342 2412
342 3221
342 3332
342 3408
342 3483
342 5929
342 6041
342 6085
342 6260
342 6882
342 7685
342 8164
342 8274
342 8371
342 8498
342 8988
342 9079
342 9201
342 9300
342 9479
342 10924
342 11697
342 11869
342 11926
342 11987
342 12292
342 13792
342 13952
342 14094
342 14132
342 14292
342 15048
342 16058
342 16142
342 17114
342 17151
342 17331
342 17377
343 158
343 536
343 1258
343 2317
343 2413
343 3222
343 3333
343 3409
343 3484
343 5930
343 6042
343 6086
343 6261
343 6883
343 7686
343 8165
343 8275
343 8372
343 8499
343 8989
343 9080
343 9202
343 9301
343 9480
343 10925
343 11698
343 11870
343 11927
343 11988
343 12293
343 13793
343 13953
343 14095
343 14133
343 14293
343 15049
343 16059
343 16143
343 17115
343 17152
343 17332
343 17378
344 159
344 537
344 1259
344 2318
344 2414
344 3223
344 3334
344 3410
344 3485
344 5931
344 6043
344 6087
344 6262
344 6884
344 7687
344 8166
344 8276
344 8373
344 8500
344 8990
344 9081
344 9203
344 9302
344 9481
344 10926
344 11699
344 11871
344 11928
344 11989
344 12294
344 13794
344 13954
344 14096
344 14134
344 14294
344 15050
344 16060
344 16144
344 17116
344 17153
344 17333
344 17379
345 160
345 538
345 1260
345 2319
345 2415
345 3224
345 3335
345 3411
345 3486
345 5932
345 6044
345 6088
345 6263
345 6885
345 7688
345 8167
345 8277
345 8374
345 8501
345 8991
345 9082
345 9204
345 9303
345 9482
345 10927
345 11700
345 11872
345 11929
345 11990
345 12295
345 13795
345 13955
345 14097
345 14135
345 14295
345 15051
345 16061
345 16145
345 17117
345 17154
345 17334
345 17380
346 161
346 539
346 1261
346 2320
346 2416
346 3225
346 3336
346 3412
346 3487
346 5933
346 6045
346 6089
346 6264
346 6886
346 7689
346 8168
346 8278
346 8375
346 8502
346 8992
346 9083
346 9205
346 9304
346 9483
346 10928
346 11701
346 11761
346 11930
346 11991
346 12296
346 13796
346 13956
346 14098
346 14136
346 14296
346 15052
346 16062
346 16146
346 17118
346 17155
346 17335
346 17381
347 162
347 540
347 1262
347 2321
347 2417
347 3226
347 3337
347 3413
347 3488
347 5934
347 6046
347 6090
347 6265
347 6887
347 7690
347 8169
347 8279
347 8376
347 8503
347 8993
347 9084
347 9206
347 9305
347 9484
347 10929
347 11702
347 11762
347 11931
347 11992
347 12297
347 13797
347 13957
347 14099
347 14137
347 14297
347 15053
347 16063
347 16147
347 17119
347 17156
347 17336
347 17382
348 163
348 541
348 1263
348 2322
348 2418
348 3227
348 3338
348 3414
348 3489
348 5935
348 6047
348 6091
348 6266
348 6888
348 7691
348 8170
348 8280
348 8377
348 8504
348 8994
348 9085
348 9207
348 9306
348 9485
348 10930
348 11703
348 11763
348 11932
348 11993
348 12298
348 13798
348 13958
348 14100
348 14138
348 14298
348 15054
348 16064
348 16148
348 17120
348 17157
348 17337
348 17383
349 164
349 542
349 1264
349 2323
349 2419
349 3228
349 3339
349 3415
349 3490
349 5936
349 6048
349 6092
349 6267
349 6889
349 7692
349 8171
349 8281
349 8378
349 8505
349 8995
349 9086
349 9208
349 9307
349 9486
349 10931
349 11704
349 11764
349 11933
349 11994
349 12299
349 13799
349 13959
349 14101
349 14139
349 14299
349 15055
349 16065
349 16149
349 17121
349 17158
349 17338
349 17384
350 165
350 543
350 1265
350 2324
350 2420
350 3229
350 3340
350 3416
350 3491
350 5825
350 5937
350 6093
350 6268
350 6890
350 7693
350 8172
350 8282
350 8379
350 8506
350 8996
350 9087
350 9209
350 9308
350 9487
350 10932
350 11705
350 11765
350 11934
350 11995
350 12300
350 13800
350 13960
350 14102
350 14140
350 14300
350 15056
350 16066
350 16150
350 17122
350 17159
350 17339
350 17385
351 166
351 544
351 1266
351 2325
351 2421
351 3230
351 3341
351 3417
351 3492
351 5826
351 5938
351 6094
351 6269
351 6891
351 7694
351 8173
351 8283
351 8380
351 8507
351 8997
351 9088
351 9210
351 9309
351 9488
351 10933
351 11706
351 11766
351 11935
351 11996
351 12301
351 13801
351 13961
351 14103
351 14141
351 14301
351 15057
351 16067
351 16151
351 17123
351 17160
351 17340
351 17386
352 167
352 545
352 1267
352 2326
352 2422
352 3231
352 3342
352 3418
352 3493
352 5827
352 5939
352 6095
352 6270
352 6892
352 7695
352 8174
352 8284
352 8381
352 8508
352 8998
352 9089
352 9211
352 9310
352 9489
352 10934
352 11707
352 11767
352 11936
352 11997
352 12302
352 13802
352 13962
352 14104
352 14142
352 14302
352 15058
352 16068
352 16152
352 17124
352 17161
352 17341
352 17387
353 168
353 546
353 1268
353 2327
353 2423
353 3232
353 3343
353 3419
353 3494
353 5828
353 5940
353 6096
353 6271
353 6893
353 7696
353 8175
353 8285
353 8382
353 8509
353 8999
353 9090
353 9212
353 9311
353 9490
353 10935
353 11708
353 11768
353 11937
353 11998
353 12303
353 13803
353 13963
353 14105
353 14143
353 14303
353 15059
353 16069
353 16153
353 17125
353 17162
353 17342
353 17388
354 169
354 547
354 1269
354 2328
354 2424
354 3233
354 3344
354 3420
354 3495
354 5829
354 5941
354 6097
354 6272
354 6894
354 7697
354 8176
354 8286
354 8383
354 8510
354 9000
354 9091
354 9213
354 9312
354 9491
354 10936
354 11709
354 11769
354 11938
354 11999
354 12304
354 13804
354 13964
354 14106
354 14144
354 14304
354 15060
354 16070
354 16154
354 17126
354 17163
354 17343
354 17389
355 170
355 548
355 1270
355 2329
355 2425
355 3234
355 3345
355 3421
355 3496
355 5830
355 5942
355 6098
355 6161
355 6895
355 7698
355 8065
355 8287
355 8384
355 8511
355 9001
355 9092
355 9214
355 9313
355 9492
355 10937
355 11710
355 11770
355 11939
355 12000
355 12305
355 13805
355 13965
355 14107
355 14145
355 14305
355 15061
355 16071
355 16155
355 17127
355 17164
355 17344
355 17390
356 171
356 549
356 1271
356 2330
356 2426
356 3235
356 3346
356 3422
356 3497
356 5831
356 5943
356 6099
356 6162
356 6896
356 7699
356 8066
356 8288
356 8385
356 8512
356 9002
356 9093
356 9215
356 9314
356 9493
356 10938
356 11711
356 11771
356 11940
356 12001
356 12306
356 13806
356 13966
356 14108
356 14146
356 14306
356 15062
356 16072
356 16156
356 17128
356 17165
356 17345
356 17391
357 172
357 550
357 1272
357 2331
357 2427
357 3236
357 3347
357 3423
357 3498
357 5832
357 5944
357 6100
357 6163
357 6897
357 7700
357 8067
357 8177
357 8386
357 8401
357 9003
357 9094
357 9216
357 9315
357 9494
357 10939
357 11712
357 11772
357 11941
357 12002
357 12307
357 13807
357 13967
357 14109
357 14147
357 14307
357 15063
357 16073
357 16157
357 17129
357 17166
357 17346
357 17392
358 173
358 551
358 1273
358 2332
358 2428
358 3237
358 3348
358 3424
358 3499
358 5833
358 5945
358 6101
358 6164
358 6898
358 7701
358 8068
358 8178
358 8387
358 8402
358 9004
358 9095
358 9217
358 9316
358 9495
358 10940
358 11713
358 11773
358 11942
358 12003
358 12308
358 13808
358 13968
358 14110
358 14148
358 14308
358 15064
358 16074
358 16158
358 17130
358 17167
358 17347
358 17393
359 174
359 552
359 1274
359 2333
359 2429
359 3238
359 3349
359 3425
359 3500
359 5834
359 5946
359 6102
359 6165
359 6899
359 7702
359 8069
359 8179
359 8388
359 8403
359 9005
359 9096
359 9218
359 9317
359 9496
359 10941
359 11714
359 11774
359 11943
359 12004
359 12309
359 13809
359 13969
359 14111
359 14149
359 14309
359 15065
359 16075
359 16159
359 17131
359 17168
359 17348
359 17394
360 175
360 553
360 1275
360 2334
360 2430
360 3239
360 3350
360 3426
360 3501
360 5835
360 5947
360 6103
360 6166
360 6900
360 7703
360 8070
360 8180
360 8389
360 8404
360 9006
360 9097
360 9219
360 9318
360 9497
360 10942
360 11715
360 11775
360 11944
360 12005
360 12310
360 13810
360 13970
360 14112
360 14150
360 14310
360 15066
360 16076
360 16160
360 17132
360 17169
360 17349
360 17395
361 176
361 554
361 1276
361 2335
361 2431
361 3240
361 3351
361 3427
361 3502
361 5836
361 5948
361 6104
361 6167
361 6901
361 7704
361 8071
361 8181
361 8390
361 8405
361 9007
361 9098
361 9220
361 9319
361 9498
361 10943
361 11716
361 11776
361 11945
361 12006
361 12311
361 13811
361 13971
361 14001
361 14151
361 14311
361 15067
361 16077
361 16161
361 17133
361 17170
361 17350
361 17396
362 177
362 555
362 1277
362 2336
362 2432
362 3241
362 3352
362 3428
362 3503
362 5837
362 5949
362 6105
362 6168
362 6902
362 7705
362 8072
362 8182
362 8391
362 8406
362 9008
362 9099
362 9221
362 9320
362 9499
362 10944
362 11717
362 11777
362 11946
362 12007
362 12312
362 13812
362 13972
362 14002
362 14152
362 14312
362 15068
362 16078
362 16162
362 17134
362 17171
362 17351
362 17397
363 178
363 556
363 1278
363 2337
363 2433
363 3242
363 3353
363 3429
363 3504
363 5838
363 5950
363 6106
363 6169
363 6903
363 7706
363 8073
363 8183
363 8392
363 8407
363 9009
363 9100
363 9222
363 9321
363 9500
363 10945
363 11718
363 11778
363 11947
363 12008
363 12313
363 13813
363 13973
363 14003
363 14153
363 14313
363 15069
363 16079
363 16163
363 17135
363 17172
363 17352
363 17398
364 179
364 557
364 1279
364 2338
364 2434
364 3243
364 3354
364 3430
364 3505
364 5839
364 5951
364 6107
364 6170
364 6904
364 7707
364 8074
364 8184
364 8393
364 8408
364 9010
364 9101
364 9223
364 9322
364 9501
364 10946
364 11719
364 11779
364 11948
364 12009
364 12314
364 13814
364 13974
364 14004
364 14154
364 14314
364 15070
364 16080
364 16164
364 17136
364 17173
364 17353
364 17399
365 180
365 558
365 1280
365 2339
365 2435
365 3244
365 3355
365 3431
365 3506
365 5840
365 5952
365 6108
365 6171
365 6905
365 7708
365 8075
365 8185
365 8394
365 8409
365 9011
365 9102
365 9224
365 9323
365 9502
365 10947
365 11720
365 11780
365 11949
365 12010
365 12315
365 13815
365 13975
365 14005
365 14155
365 14315
365 15071
365 16081
365 16165
365 17025
365 17174
365 17354
365 17400
366 181
366 559
366 1281
366 2340
366 2436
366 3245
366 3356
366 3432
366 3507
366 5841
366 5953
366 6109
366 6172
366 6906
366 7709
366 8076
366 8186
366 8395
366 8410
366 9012
366 9103
366 9225
366 9324
366 9503
366 10948
366 11721
366 11781
366 11950
366 12011
366 12316
366 13816
366 13976
366 14006
366 14156
366 14316
366 15072
366 16082
366 16166
366 17026
366 17175
366 17355
366 17401
367 182
367 560
367 1282
367 2341
367 2437
367 3246
367 3357
367 3433
367 3508
367 5842
367 5954
367 6110
367 6173
367 6907
367 7710
367 8077
367 8187
367 8396
367 8411
367 9013
367 9104
367 9226
367 9325
367 9504
367 10949
367 11722
367 11782
367 11951
367 12012
367 12317
367 13817
367 13977
367 14007
367 14157
367 14317
367 15073
367 16083
367 16167
367 17027
367 17176
367 17356
367 17402
368 183
368 449
368 1283
368 2342
368 2438
368 3247
368 3358
368 3434
368 3509
368 5843
368 5955
368 6111
368 6174
368 6908
368 7711
368 8078
368 8188
368 8397
368 8412
368 9014
368 9105
368 9227
368 9326
368 9505
368 10950
368 11723
368 11783
368 11952
368 12013
368 12318
368 13818
368 13978
368 14008
368 14158
368 14318
368 15074
368 16084
368 16168
368 17028
368 17177
368 17357
368 17403
369 184
369 450
369 1284
369 2343
369 2439
369 3248
369 3359
369 3435
369 3510
369 5844
369 5956
369 6112
369 6175
369 6909
369 7712
369 8079
369 8189
369 8398
369 8413
369 9015
369 9106
369 9228
369 9327
369 9506
369 10951
369 11724
369 11784
369 11953
369 12014
369 12319
369 13819
369 13979
369 14009
369 14159
369 14319
369 15075
369 16085
369 16169
369 17029
369 17178
369 17358
369 17404
370 185
370 451
370 1285
370 2344
370 2440
370 3137
370 3360
370 3436
370 3511
370 5845
370 5957
370 6113
370 6176
370 6910
370 7713
370 8080
370 8190
370 8399
370 8414
370 9016
370 9107
370 9229
370 9328
370 9507
370 10952
370 11725
370 11785
370 11954
370 12015
370 12320
370 13820
370 13980
370 14010
370 14160
370 14320
370 15076
370 16086
370 16170
370 17030
370 17179
370 17359
370 17405
371 186
371 452
371 1286
371 2345
371 2441
371 3138
371 3249
371 3437
371 3512
371 5846
371 5958
371 6114
371 6177
371 6911
371 7714
371 8081
371 8191
371 8400
371 8415
371 9017
371 9108
371 9230
371 9329
371 9508
371 10953
371 11726
371 11786
371 11955
371 12016
371 12209
371 13821
371 13981
371 14011
371 14161
371 14321
371 15077
371 16087
371 16171
371 17031
371 17180
371 17360
371 17406
372 187
372 453
372 1287
372 2346
372 2442
372 3139
372 3250
372 3438
372 3513
372 5847
372 5959
372 6115
372 6178
372 6912
372 7715
372 8082
372 8192
372 8289
372 8416
372 9018
372 9109
372 9231
372 9330
372 9509
372 10954
372 11727
372 11787
372 11956
372 12017
372 12210
372 13822
372 13982
372 14012
372 14162
372 14322
372 15078
372 16088
372 16172
372 17032
372 17181
372 17249
372 17407
373 188
373 454
373 1288
373 2347
373 2443
373 3140
373 3251
373 3439
373 3514
373 5848
373 5960
373 6116
373 6179
373 6913
373 7716
373 8083
373 8193
373 8290
373 8417
373 9019
373 9110
373 9232
373 9331
373 9510
373 10955
373 11728
373 11788
373 11957
373 12018
373 12211
373 13823
373 13983
373 14013
373 14163
373 14323
373 15079
373 16089
373 16173
373 17033
373 17182
373 17250
373 17408
374 189
374 455
374 1289
374 2348
374 2444
374 3141
374 3252
374 3440
374 3515
374 5849
374 5961
374 6117
374 6180
374 6914
374 7717
374 8084
374 8194
374 8291
374 8418
374 9020
374 9111
374 9233
374 9332
374 9511
374 10956
374 11729
374 11789
374 11958
374 12019
374 12212
374 13824
374 13984
374 14014
374 14164
374 14324
374 15080
374 16090
374 16174
374 17034
374 17183
374 17251
374 17409
375 190
375 456
375 1290
375 2349
375 2445
375 3142
375 3253
375 3441
375 3516
375 5850
375 5962
375 6118
375 6181
375 6915
375 7718
375 8085
375 8195
375 8292
375 8419
375 9021
375 9112
375 9234
375 9333
375 9512
375 10957
375 11730
375 11790
375 11959
375 12020
375 12213
375 13825
375 13985
375 14015
375 14165
375 14325
375 15081
375 16091
375 16175
375 17035
375 17184
375 17252
375 17410
376 191
376 457
376 1291
376 2350
376 2446
376 3143
376 3254
376 3442
376 3517
376 5851
376 5963
376 6119
376 6182
376 6916
376 7719
376 8086
376 8196
376 8293
376 8420
376 9022
376 9113
376 9235
376 9334
376 9513
376 10958
376 11731
376 11791
376 11960
376 12021
376 12214
376 13826
376 13986
376 14016
376 14166
376 14326
376 15082
376 16092
376 16176
376 17036
376 17185
376 17253
376 17411
377 192
377 458
377 1292
377 2351
377 2447
377 3144
377 3255
377 3443
377 3518
377 5852
377 5964
377 6120
377 6183
377 6917
377 7720
377 8087
377 8197
377 8294
377 8421
377 9023
377 9114
377 9236
377 9335
377 9514
377 10959
377 11732
377 11792
377 11961
377 12022
377 12215
377 13827
377 13987
377 14017
377 14167
377 14327
377 15083
377 16093
377 16177
377 17037
377 17186
377 17254
377 17412
378 193
378 459
378 1293
378 2352
378 2448
378 3145
378 3256
378 3444
378 3519
378 5853
378 5965
378 6121
378 6184
378 6918
378 7721
378 8088
378 8198
378 8295
378 8422
378 9024
378 9115
378 9237
378 9336
378 9515
378 10960
378 11733
378 11793
378 11962
378 12023
378 12216
378 13828
378 13988
378 14018
378 14168
378 14328
378 15084
378 16094
378 16178
378 17038
378 17187
378 17255
378 17413
379 194
379 460
379 1294
379 2241
379 2449
379 3146
379 3257
379 3445
379 3520
379 5854
379 5966
379 6122
379 6185
379 6919
379 7722
379 8089
379 8199
379 8296
379 8423
379 9025
379 9116
379 9238
379 9337
379 9516
379 10961
379 11734
379 11794
379 11963
379 12024
379 12217
379 13829
379 13989
379 14019
379 14169
379 14329
379 15085
379 16095
379 16179
379 17039
379 17188
379 17256
379 17414
380 195
380 461
380 1295
380 2242
380 2450
380 3147
380 3258
380 3446
380 3521
380 5855
380 5967
380 6123
380 6186
380 6920
380 7723
380 8090
380 8200
380 8297
380 8424
380 9026
380 9117
380 9239
380 9338
380 9517
380 10962
380 11735
380 11795
380 11964
380 12025
380 12218
380 13830
380 13990
380 14020
380 14170
380 14330
380 15086
380 16096
380 16180
380 17040
380 17189
380 17257
380 17415
381 196
381 462
381 1296
381 2243
381 2451
381 3148
381 3259
381 3447
381 3522
381 5856
381 5968
381 6124
381 6187
381 6921
381 7724
381 8091
381 8201
381 8298
381 8425
381 9027
381 9118
381 9240
381 9339
381 9518
381 10963
381 11736
381 11796
381 11965
381 12026
381 12219
381 13831
381 13991
381 14021
381 14171
381 14331
381 15087
381 16097
381 16181
381 17041
381 17190
381 17258
381 17416
382 197
382 463
382 1297
382 2244
382 2452
382 3149
382 3260
382 3448
382 3523
382 5857
382 5969
382 6125
382 6188
382 6922
382 7725
382 8092
382 8202
382 8299
382 8426
382 9028
382 9119
382 9241
382 9340
382 9519
382 10964
382 11737
382 11797
382 11966
382 12027
382 12220
382 13832
382 13992
382 14022
382 14172
382 14332
382 15088
382 16098
382 16182
382 17042
382 17191
382 17259
382 17417
383 198
383 464
383 1298
383 2245
383 2453
383 3150
383 3261
383 3449
383 3524
383 5858
383 5970
383 6126
383 6189
383 6923
383 7726
383 8093
383 8203
383 8300
383 8427
383 9029
383 9120
383 9242
383 9341
383 9520
383 10965
383 11738
383 11798
383 11967
383 12028
383 12221
383 13833
383 13993
383 14023
383 14173
383 14333
383 15089
383 16099
383 16183
383 17043
383 17192
383 17260
383 17418
384 199
384 465
384 1299
384 2246
384 2454
384 3151
384 3262
384 3450
384 3525
384 5859
384 5971
384 6127
384 6190
384 6924
384 7727
384 8094
384 8204
384 8301
384 8428
384 9030
384 9121
384 9243
384 9342
384 9409
384 10966
384 11739
384 11799
384 11968
384 12029
384 12222
384 13834
384 13994
384 14024
384 14174
384 14334
384 15090
384 16100
384 16184
384 17044
384 17193
384 17261
384 17419
385 200
385 466
385 1300
385 2247
385 2455
385 3152
385 3263
385 3451
385 3526
385 5860
385 5972
385 6128
385 6191
385 6925
385 7728
385 8095
385 8205
385 8302
385 8429
385 9031
385 9122
385 9244
385 9343
385 9410
385 10967
385 11740
385 11800
385 11969
385 12030
385 12223
385 13835
385 13995
385 14025
385 14175
385 14335
385 15091
385 16101
385 16185
385 17045
385 17194
385 17262
385 17420
386 201
386 467
386 1301
386 2248
386 2456
386 3153
386 3264
386 3452
386 3527
386 5861
386 5973
386 6129
386 6192
386 6926
386 7617
386 8096
386 8206
386 8303
386 8430
386 9032
386 9123
386 9245
386 9344
386 9411
386 10968
386 11741
386 11801
386 11970
386 12031
386 12224
386 13836
386 13996
386 14026
386 14176
386 14336
386 15092
386 16102
386 16186
386 17046
386 17195
386 17263
386 17421
387 202
387 468
387 1302
387 2249
387 2457
387 3154
387 3265
387 3453
387 3528
387 5862
387 5974
387 6130
387 6193
387 6927
387 7618
387 8097
387 8207
387 8304
387 8431
387 9033
387 9124
387 9246
387 9345
387 9412
387 10969
387 11742
387 11802
387 11971
387 12032
387 12225
387 13837
387 13997
387 14027
387 14177
387 14225
387 15093
387 16103
387 16187
387 17047
387 17196
387 17264
387 17422
388 203
388 469
388 1303
388 2250
388 2458
388 3155
388 3266
388 3454
388 3529
388 5863
388 5975
388 6131
388 6194
388 6928
388 7619
388 8098
388 8208
388 8305
388 8432
388 9034
388 9125
388 9247
388 9346
388 9413
388 10970
388 11743
388 11803
388 11972
388 12033
388 12226
388 13838
388 13998
388 14028
388 14178
388 14226
388 15094
388 16104
388 16188
388 17048
388 17197
388 17265
388 17423
389 204
389 470
389 1304
389 2251
389 2459
389 3156
389 3267
389 3455
389 3530
389 5864
389 5976
389 6132
389 6195
389 6929
389 7620
389 8099
389 8209
389 8306
389 8433
389 9035
389 9126
389 9248
389 9347
389 9414
389 10971
389 11744
389 11804
389 11973
389 12034
389 12227
389 13839
389 13999
389 14029
389 14179
389 14227
389 15095
389 16105
389 16189
389 17049
389 17198
389 17266
389 17424
390 205
390 471
390 1305
390 2252
390 2460
390 3157
390 3268
390 3456
390 3531
390 5865
390 5977
390 6133
390 6196
390 6930
390 7621
390 8100
390 8210
390 8307
390 8434
390 9036
390 9127
390 9249
390 9348
390 9415
390 10972
390 11745
390 11805
390 11974
390 12035
390 12228
390 13840
390 14000
390 14030
390 14180
390 14228
390 15096
390 16106
390 16190
390 17050
390 17199
390 17267
390 17425
391 206
391 472
391 1306
391 2253
391 2461
391 3158
391 3269
391 3457
391 3532
391 5866
391 5978
391 6134
391 6197
391 6931
391 7622
391 8101
391 8211
391 8308
391 8435
391 9037
391 9128
391 9250
391 9349
391 9416
391 10973
391 11746
391 11806
391 11975
391 12036
391 12229
391 13841
391 13889
391 14031
391 14181
391 14229
391 15097
391 16107
391 16191
391 17051
391 17200
391 17268
391 17426
392 207
392 473
392 1307
392 2254
392 2462
392 3159
392 3270
392 3458
392 3533
392 5867
392 5979
392 6135
392 6198
392 6932
392 7623
392 8102
392 8212
392 8309
392 8436
392 9038
392 9129
392 9251
392 9350
392 9417
392 10974
392 11747
392 11807
392 11976
392 12037
392 12230
392 13842
392 13890
392 14032
392 14182
392 14230
392 15098
392 16108
392 16192
392 17052
392 17201
392 17269
392 17427
393 208
393 474
393 1308
393 2255
393 2463
393 3160
393 3271
393 3459
393 3534
393 5868
393 5980
393 6136
393 6199
393 6933
393 7624
393 8103
393 8213
393 8310
393 8437
393 9039
393 9130
393 9252
393 9351
393 9418
393 10975
393 11748
393 11808
393 11977
393 12038
393 12231
393 13843
393 13891
393 14033
393 14183
393 14231
393 15099
393 16109
393 16193
393 17053
393 17202
393 17270
393 17428
394 209
394 475
394 1309
394 2256
394 2464
394 3161
394 3272
394 3460
394 3535
394 5869
394 5981
394 6137
394 6200
394 6934
394 7625
394 8104
394 8214
394 8311
394 8438
394 9040
394 9131
394 9253
394 9352
394 9419
394 10976
394 11749
394 11809
394 11978
394 12039
394 12232
394 13844
394 13892
394 14034
394 14184
394 14232
394 15100
394 16110
394 16194
394 17054
394 17203
394 17271
394 17429
395 210
395 476
395 1310
395 2257
395 2353
395 3162
395 3273
395 3461
395 3536
395 5870
395 5982
395 6138
395 6201
395 6935
395 7626
395 8105
395 8215
395 8312
395 8439
395 9041
395 9132
395 9254
395 9353
395 9420
395 10865
395 11750
395 11810
395 11979
395 12040
395 12233
395 13845
395 13893
395 14035
395 14185
395 14233
395 15101
395 16111
395 16195
395 17055
395 17204
395 17272
395 17430
396 211
396 477
396 1311
396 2258
396 2354
396 3163
396 3274
396 3462
396 3537
396 5871
396 5983
396 6139
396 6202
396 6936
396 7627
396 8106
396 8216
396 8313
396 8440
396 9042
396 9133
396 9255
396 9354
396 9421
396 10866
396 11751
396 11811
396 11980
396 12041
396 12234
396 13846
396 13894
396 14036
396 14186
396 14234
396 15102
396 16112
396 16196
396 17056
396 17205
396 17273
396 17431
397 212
397 478
397 1312
397 2259
397 2355
397 3164
397 3275
397 3463
397 3538
397 5872
397 5984
397 6140
397 6203
397 6937
397 7628
397 8107
397 8217
397 8314
397 8441
397 9043
397 9134
397 9256
397 9355
397 9422
397 10867
397 11752
397 11812
397 11981
397 12042
397 12235
397 13847
397 13895
397 14037
397 14187
397 14235
397 15103
397 16113
397 16197
397 17057
397 17206
397 17274
397 17432
398 213
398 479
398 1313
398 2260
398 2356
398 3165
398 3276
398 3464
398 3539
398 5873
398 5985
398 6141
398 6204
398 6938
398 7629
398 8108
398 8218
398 8315
398 8442
398 9044
398 9135
398 9257
398 9356
398 9423
398 10868
398 11753
398 11813
398 11982
398 12043
398 12236
398 13848
398 13896
398 14038
398 14188
398 14236
398 15104
398 16114
398 16198
398 17058
398 17207
398 17275
398 17433
399 214
399 480
399 1314
399 2261
399 2357
399 3166
399 3277
399 3465
399 3540
399 5874
399 5986
399 6142
399 6205
399 6939
399 7630
399 8109
399 8219
399 8316
399 8443
399 9045
399 9136
399 9258
399 9357
399 9424
399 10869
399 11754
399 11814
399 11983
399 12044
399 12237
399 13849
399 13897
399 14039
399 14189
399 14237
399 15105
399 16115
399 16199
399 17059
399 17208
399 17276
399 17434
400 215
400 481
400 1315
400 2262
400 2358
400 3167
400 3278
400 3466
400 3541
400 5875
400 5987
400 6143
400 6206
400 6940
400 7631
400 8110
400 8220
400 8317
400 8444
400 9046
400 9137
400 9259
400 9358
400 9425
400 10870
400 11755
400 11815
400 11984
400 12045
400 12238
400 13850
400 13898
400 14040
400 14190
400 14238
400 15106
400 16116
400 16200
400 17060
400 17209
400 17277
400 17435
401 216
401 482
401 1316
401 2263
401 2359
401 3168
401 3279
401 3467
401 3542
401 5876
401 5988
401 6144
401 6207
401 6941
401 7632
401 8111
401 8221
401 8318
401 8445
401 9047
401 9138
401 9260
401 9359
401 9426
401 10871
401 11756
401 11816
401 11873
401 12046
401 12239
401 13851
401 13899
401 14041
401 14191
401 14239
401 15107
401 16117
401 16201
401 17061
401 17210
401 17278
401 17436
402 217
402 483
402 1317
402 2264
402 2360
402 3169
402 3280
402 3468
402 3543
402 5877
402 5989
402 6145
402 6208
402 6942
402 7633
402 8112
402 8222
402 8319
402 8446
402 9048
402 9139
402 9261
402 9360
402 9427
402 10872
402 11757
402 11817
402 11874
402 12047
402 12240
402 13852
402 13900
402 14042
402 14192
402 14240
402 15108
402 16118
402 16202
402 17062
402 17211
402 17279
402 17437
403 218
403 484
403 1318
403 2265
403 2361
403 3170
403 3281
403 3469
403 3544
403 5878
403 5990
403 6146
403 6209
403 6943
403 7634
403 8113
403 8223
403 8320
403 8447
403 9049
403 9140
403 9262
403 9361
403 9428
403 10873
403 11758
403 11818
403 11875
403 12048
403 12241
403 13853
403 13901
403 14043
403 14193
403 14241
403 15109
403 16119
403 16203
403 17063
403 17212
403 17280
403 17438
404 219
404 485
404 1319
404 2266
404 2362
404 3171
404 3282
404 3470
404 3545
404 5879
404 5991
404 6147
404 6210
404 6944
404 7635
404 8114
404 8224
404 8321
404 8448
404 9050
404 9141
404 9263
404 9362
404 9429
404 10874
404 11759
404 11819
404 11876
404 12049
404 12242
404 13854
404 13902
404 14044
404 14194
404 14242
404 15110
404 16120
404 16204
404 17064
404 17213
404 17281
404 17439
405 220
405 486
405 1320
405 2267
405 2363
405 3172
405 3283
405 3471
405 3546
405 5880
405 5992
405 6148
405 6211
405 6833
405 7636
405 8115
405 8225
405 8322
405 8449
405 9051
405 9142
405 9264
405 9363
405 9430
405 10875
405 11760
405 11820
405 11877
405 12050
405 12243
405 13855
405 13903
405 14045
405 14195
405 14243
405 15111
405 16121
405 16205
405 17065
405 17214
405 17282
405 17440
406 221
406 487
406 1321
406 2268
406 2364
406 3173
406 3284
406 3472
406 3547
406 5881
406 5993
406 6149
406 6212
406 6834
406 7637
406 8116
406 8226
406 8323
406 8450
406 9052
406 9143
406 9265
406 9364
406 9431
406 10876
406 11649
406 11821
406 11878
406 12051
406 12244
406 13856
406 13904
406 14046
406 14196
406 14244
406 15112
406 16122
406 16206
406 17066
406 17215
406 17283
406 17441
407 222
407 488
407 1322
407 2269
407 2365
407 3174
407 3285
407 3361
407 3548
407 5882
407 5994
407 6150
407 6213
407 6835
407 7638
407 8117
407 8227
407 8324
407 8451
407 9053
407 9144
407 9266
407 9365
407 9432
407 10877
407 11650
407 11822
407 11879
407 12052
407 12245
407 13857
407 13905
407 14047
407 14197
407 14245
407 15113
407 16123
407 16207
407 17067
407 17216
407 17284
407 17442
408 223
408 489
408 1323
408 2270
408 2366
408 3175
408 3286
408 3362
408 3549
408 5883
408 5995
408 6151
408 6214
408 6836
408 7639
408 8118
408 8228
408 8325
408 8452
408 9054
408 9145
408 9267
408 9366
408 9433
408 10878
408 11651
408 11823
408 11880
408 12053
408 12246
408 13858
408 13906
408 14048
408 14198
408 14246
408 15114
408 16124
408 16208
408 17068
408 17217
408 17285
408 17443
409 224
409 490
409 1324
409 2271
409 2367
409 3176
409 3287
409 3363
409 3550
409 5884
409 5996
409 6152
409 6215
409 6837
409 7640
409 8119
409 8229
409 8326
409 8453
409 9055
409 9146
409 9268
409 9367
409 9434
409 10879
409 11652
409 11824
409 11881
409 12054
409 12247
409 13859
409 13907
409 14049
409 14199
409 14247
409 15115
409 16125
409 16209
409 17069
409 17218
409 17286
409 17444
410 113
410 491
410 1325
410 2272
410 2368
410 3177
410 3288
410 3364
410 3551
410 5885
410 5997
410 6153
410 6216
410 6838
410 7641
410 8120
410 8230
410 8327
410 8454
410 9056
410 9147
410 9269
410 9368
410 9435
410 10880
410 11653
410 11825
410 11882
410 12055
410 12248
410 13860
410 13908
410 14050
410 14200
410 14248
410 15116
410 16126
410 16210
410 17070
410 17219
410 17287
410 17445
411 114
411 492
411 1326
411 2273
411 2369
411 3178
411 3289
411 3365
411 3552
411 5886
411 5998
411 6154
411 6217
411 6839
411 7642
411 8121
411 8231
411 8328
411 8455
411 9057
411 9148
411 9270
411 9369
411 9436
411 10881
411 11654
411 11826
411 11883
411 12056
411 12249
411 13861
411 13909
411 14051
411 14201
411 14249
411 15117
411 16127
411 16211
411 17071
411 17220
411 17288
411 17446
412 115
412 493
412 1327
412 2274
412 2370
412 3179
412 3290
412 3366
412 3553
412 5887
412 5999
412 6155
412 6218
412 6840
412 7643
412 8122
412 8232
412 8329
412 8456
412 9058
412 9149
412 9271
412 9370
412 9437
412 10882
412 11655
412 11827
412 11884
412 12057
412 12250
412 13862
412 13910
412 14052
412 14202
412 14250
412 15118
412 16128
412 16212
412 17072
412 17221
412 17289
412 17447
413 116
413 494
413 1328
413 2275
413 2371
413 3180
413 3291
413 3367
413 3554
413 5888
413 6000
413 6156
413 6219
413 6841
413 7644
413 8123
413 8233
413 8330
413 8457
413 9059
413 9150
413 9272
413 9371
413 9438
413 10883
413 11656
413 11828
413 11885
413 12058
413 12251
413 13863
413 13911
413 14053
413 14203
413 14251
413 15119
413 16017
413 16213
413 17073
413 17222
413 17290
413 17448
414 117
414 495
414 1329
414 2276
414 2372
414 3181
414 3292
414 3368
414 3555
414 5889
414 6001
414 6157
414 6220
414 6842
414 7645
414 8124
414 8234
414 8331
414 8458
414 9060
414 9151
414 9273
414 9372
414 9439
414 10884
414 11657
414 11829
414 11886
414 12059
414 12252
414 13864
414 13912
414 14054
414 14204
414 14252
414 15120
414 16018
414 16214
414 17074
414 17223
414 17291
414 17449
415 118
415 496
415 1330
415 2277
415 2373
415 3182
415 3293
415 3369
415 3556
415 5890
415 6002
415 6158
415 6221
415 6843
415 7646
415 8125
415 8235
415 8332
415 8459
415 9061
415 9152
415 9274
415 9373
415 9440
415 10885
415 11658
415 11830
415 11887
415 12060
415 12253
415 13865
415 13913
415 14055
415 14205
415 14253
415 15009
415 16019
415 16215
415 17075
415 17224
415 17292
415 17450
416 119
416 497
416 1331
416 2278
416 2374
416 3183
416 3294
416 3370
416 3557
416 5891
416 6003
416 6159
416 6222
416 6844
416 7647
416 8126
416 8236
416 8333
416 8460
416 9062
416 9153
416 9275
416 9374
416 9441
416 10886
416 11659
416 11831
416 11888
416 12061
416 12254
416 13866
416 13914
416 14056
416 14206
416 14254
416 15010
416 16020
416 16216
416 17076
416 17225
416 17293
416 17451
417 120
417 498
417 1332
417 2279
417 2375
417 3184
417 3295
417 3371
417 3558
417 5892
417 6004
417 6160
417 6223
417 6845
417 7648
417 8127
417 8237
417 8334
417 8461
417 9063
417 9154
417 9276
417 9375
417 9442
417 10887
417 11660
417 11832
417 11889
417 12062
417 12255
417 13867
417 13915
417 14057
417 14207
417 14255
417 15011
417 16021
417 16217
417 17077
417 17226
417 17294
417 17452
418 121
418 499
418 1333
418 2280
418 2376
418 3185
418 3296
418 3372
418 3559
418 5893
418 6005
418 6049
418 6224
418 6846
418 7649
418 8128
418 8238
418 8335
418 8462
418 9064
418 9155
418 9277
418 9376
418 9443
418 10888
418 11661
418 11833
418 11890
418 12063
418 12256
418 13868
418 13916
418 14058
418 14208
418 14256
418 15012
418 16022
418 16218
418 17078
418 17227
418 17295
418 17453
419 122
419 500
419 1334
419 2281
419 2377
419 3186
419 3297
419 3373
419 3560
419 5894
419 6006
419 6050
419 6225
419 6847
419 7650
419 8129
419 8239
419 8336
419 8463
419 9065
419 9156
419 9278
419 9377
419 9444
419 10889
419 11662
419 11834
419 11891
419 12064
419 12257
419 13869
419 13917
419 14059
419 14209
419 14257
419 15013
419 16023
419 16219
419 17079
419 17228
419 17296
419 17454
420 123
420 501
420 1335
420 2282
420 2378
420 3187
420 3298
420 3374
420 3561
420 5895
420 6007
420 6051
420 6226
420 6848
420 7651
420 8130
420 8240
420 8337
420 8464
420 9066
420 9157
420 9279
420 9378
420 9445
420 10890
420 11663
420 11835
420 11892
420 12065
420 12258
420 13870
420 13918
420 14060
420 14210
420 14258
420 15014
420 16024
420 16220
420 17080
420 17229
420 17297
420 17455
421 124
421 502
421 1336
421 2283
421 2379
421 3188
421 3299
421 3375
421 3562
421 5896
421 6008
421 6052
421 6227
421 6849
421 7652
421 8131
421 8241
421 8338
421 8465
421 9067
421 9158
421 9280
421 9379
421 9446
421 10891
421 11664
421 11836
421 11893
421 12066
421 12259
421 13871
421 13919
421 14061
421 14211
421 14259
421 15015
421 16025
421 16221
421 17081
421 17230
421 17298
421 17456
422 125
422 503
422 1337
422 2284
422 2380
422 3189
422 3300
422 3376
422 3563
422 5897
422 6009
422 6053
422 6228
422 6850
422 7653
422 8132
422 8242
422 8339
422 8466
422 9068
422 9159
422 9281
422 9380
422 9447
422 10892
422 11665
422 11837
422 11894
422 12067
422 12260
422 13872
422 13920
422 14062
422 14212
422 14260
422 15016
422 16026
422 16222
422 17082
422 17231
422 17299
422 17457
423 126
423 504
423 1338
423 2285
423 2381
423 3190
423 3301
423 3377
423 3564
423 5898
423 6010
423 6054
423 6229
423 6851
423 7654
423 8133
423 8243
423 8340
423 8467
423 9069
423 9160
423 9282
423 9381
423 9448
423 10893
423 11666
423 11838
423 11895
423 12068
423 12261
423 13873
423 13921
423 14063
423 14213
423 14261
423 15017
423 16027
423 16223
423 17083
423 17232
423 17300
423 17458
424 127
424 505
424 1339
424 2286
424 2382
424 3191
424 3302
424 3378
424 3565
424 5899
424 6011
424 6055
424 6230
424 6852
424 7655
424 8134
424 8244
424 8341
424 8468
424 9070
424 9161
424 9283
424 9382
424 9449
424 10894
424 11667
424 11839
424 11896
424 12069
424 12262
424 13874
424 13922
424 14064
424 14214
424 14262
424 15018
424 16028
424 16224
424 17084
424 17233
424 17301
424 17459
425 128
425 506
425 1340
425 2287
425 2383
425 3192
425 3303
425 3379
425 3566
425 5900
425 6012
425 6056
425 6231
425 6853
425 7656
425 8135
425 8245
425 8342
425 8469
425 9071
425 9162
425 9284
425 9383
425 9450
425 10895
425 11668
425 11840
425 11897
425 12070
425 12263
425 13875
425 13923
425 14065
425 14215
425 14263
425 15019
425 16029
425 16225
425 17085
425 17234
425 17302
425 17460
426 129
426 507
426 1341
426 2288
426 2384
426 3193
426 3304
426 3380
426 3567
426 5901
426 6013
426 6057
426 6232
426 6854
426 7657
426 8136
426 8246
426 8343
426 8470
426 9072
426 9163
426 9285
426 9384
426 9451
426 10896
426 11669
426 11841
426 11898
426 12071
426 12264
426 13876
426 13924
426 14066
426 14216
426 14264
426 15020
426 16030
426 16226
426 17086
426 17235
426 17303
426 17461
427 130
427 508
427 1342
427 2289
427 2385
427 3194
427 3305
427 3381
427 3568
427 5902
427 6014
427 6058
427 6233
427 6855
427 7658
427 8137
427 8247
427 8344
427 8471
427 8961
427 9164
427 9286
427 9385
427 9452
427 10897
427 11670
427 11842
427 11899
427 12072
427 12265
427 13877
427 13925
427 14067
427 14217
427 14265
427 15021
427 16031
427 16227
427 17087
427 17236
427 17304
427 17462
428 131
428 509
428 1343
428 2290
428 2386
428 3195
428 3306
428 3382
428 3569
428 5903
428 6015
428 6059
428 6234
428 6856
428 7659
428 8138
428 8248
428 8345
428 8472
428 8962
428 9165
428 9287
428 9386
428 9453
428 10898
428 11671
428 11843
428 11900
428 12073
428 12266
428 13878
428 13926
428 14068
428 14218
428 14266
428 15022
428 16032
428 16228
428 17088
428 17237
428 17305
428 17463
429 132
429 510
429 1344
429 2291
429 2387
429 3196
429 3307
429 3383
429 3570
429 5904
429 6016
429 6060
429 6235
429 6857
429 7660
429 8139
429 8249
429 8346
429 8473
429 8963
429 9166
429 9288
429 9387
429 9454
429 10899
429 11672
429 11844
429 11901
429 12074
429 12267
429 13879
429 13927
429 14069
429 14219
429 14267
429 15023
429 16033
429 16229
429 17089
429 17238
429 17306
429 17464
430 133
430 511
430 1233
430 2292
430 2388
430 3197
430 3308
430 3384
430 3571
430 5905
430 6017
430 6061
430 6236
430 6858
430 7661
430 8140
430 8250
430 8347
430 8474
430 8964
430 9167
430 9289
430 9388
430 9455
430 10900
430 11673
430 11845
430 11902
430 12075
430 12268
430 13880
430 13928
430 14070
430 14220
430 14268
430 15024
430 16034
430 16230
430 17090
430 17239
430 17307
430 17465
431 134
431 512
431 1234
431 2293
431 2389
431 3198
431 3309
431 3385
431 3572
431 5906
431 6018
431 6062
431 6237
431 6859
431 7662
431 8141
431 8251
431 8348
431 8475
431 8965
431 9168
431 9290
431 9389
431 9456
431 10901
431 11674
431 11846
431 11903
431 12076
431 12269
431 13881
431 13929
431 14071
431 14221
431 14269
431 15025
431 16035
431 16231
431 17091
431 17240
431 17308
431 17466
432 135
432 513
432 1235
432 2294
432 2390
432 3199
432 3310
432 3386
432 3573
432 5907
432 6019
432 6063
432 6238
432 6860
432 7663
432 8142
432 8252
432 8349
432 8476
432 8966
432 9169
432 9291
432 9390
432 9457
432 10902
432 11675
432 11847
432 11904
432 12077
432 12270
432 13882
432 13930
432 14072
432 14222
432 14270
432 15026
432 16036
432 16232
432 17092
432 17241
432 17309
432 17467
433 136
433 514
433 1236
433 2295
433 2391
433 3200
433 3311
433 3387
433 3574
433 5908
433 6020
433 6064
433 6239
433 6861
433 7664
433 8143
433 8253
433 8350
433 8477
433 8967
433 9170
433 9292
433 9391
433 9458
433 10903
433 11676
433 11848
433 11905
433 12078
433 12271
433 13883
433 13931
433 14073
433 14223
433 14271
433 15027
433 16037
433 16233
433 17093
433 17242
433 17310
433 17468
434 137
434 515
434 1237
434 2296
434 2392
434 3201
434 3312
434 3388
434 3575
434 5909
434 6021
434 6065
434 6240
434 6862
434 7665
434 8144
434 8254
434 8351
434 8478
434 8968
434 9171
434 9293
434 9392
434 9459
434 10904
434 11677
434 11849
434 11906
434 12079
434 12272
434 13884
434 13932
434 14074
434 14224
434 14272
434 15028
434 16038
434 16234
434 17094
434 17243
434 17311
434 17469
435 138
435 516
435 1238
435 2297
435 2393
435 3202
435 3313
435 3389
435 3576
435 5910
435 6022
435 6066
435 6241
435 6863
435 7666
435 8145
435 8255
435 8352
435 8479
435 8969
435 9172
435 9294
435 9393
435 9460
435 10905
435 11678
435 11850
435 11907
435 12080
435 12273
435 13885
435 13933
435 14075
435 14113
435 14273
435 15029
435 16039
435 16235
435 17095
435 17244
435 17312
435 17470
436 139
436 517
436 1239
436 2298
436 2394
436 3203
436 3314
436 3390
436 3577
436 5911
436 6023
436 6067
436 6242
436 6864
436 7667
436 8146
436 8256
436 8353
436 8480
436 8970
436 9173
436 9295
436 9394
436 9461
436 10906
436 11679
436 11851
436 11908
436 12081
436 12274
436 13886
436 13934
436 14076
436 14114
436 14274
436 15030
436 16040
436 16236
436 17096
436 17245
436 17313
436 17471
437 140
437 518
437 1240
437 2299
437 2395
437 3204
437 3315
437 3391
437 3578
437 5912
437 6024
437 6068
437 6243
437 6865
437 7668
437 8147
437 8257
437 8354
437 8481
437 8971
437 9174
437 9296
437 9395
437 9462
437 10907
437 11680
437 11852
437 11909
437 12082
437 12275
437 13887
437 13935
437 14077
437 14115
437 14275
437 15031
437 16041
437 16237
437 17097
437 17246
437 17314
437 17472
438 141
438 519
438 1241
438 2300
438 2396
438 3205
438 3316
438 3392
438 3579
438 5913
438 6025
438 6069
438 6244
438 6866
438 7669
438 8148
438 8258
438 8355
438 8482
438 8972
438 9175
438 9185
438 9396
438 9463
438 10908
438 11681
438 11853
438 11910
438 12083
438 12276
438 13888
438 13936
438 14078
438 14116
438 14276
438 15032
438 16042
438 16238
438 17098
438 17247
438 17315
438 17361
439 142
439 520
439 1242
439 2301
439 2397
439 3206
439 3317
439 3393
439 3580
439 5914
439 6026
439 6070
439 6245
439 6867
439 7670
439 8149
439 8259
439 8356
439 8483
439 8973
439 9176
439 9186
439 9397
439 9464
439 10909
439 11682
439 11854
439 11911
439 12084
439 12277
439 13777
439 13937
439 14079
439 14117
439 14277
439 15033
439 16043
439 16239
439 17099
439 17248
439 17316
439 17362
440 143
440 521
440 1243
440 2302
440 2398
440 3207
440 3318
440 3394
440 3581
440 5915
440 6027
440 6071
440 6246
440 6868
440 7671
440 8150
440 8260
440 8357
440 8484
440 8974
440 9177
440 9187
440 9398
440 9465
440 10910
440 11683
440 11855
440 11912
440 12085
440 12278
440 13778
440 13938
440 14080
440 14118
440 14278
440 15034
440 16044
440 16240
440 17100
440 17137
440 17317
440 17363
441 144
441 522
441 1244
441 2303
441 2399
441 3208
441 3319
441 3395
441 3582
441 5916
441 6028
441 6072
441 6247
441 6869
441 7672
441 8151
441 8261
441 8358
441 8485
441 8975
441 9178
441 9188
441 9399
441 9466
441 10911
441 11684
441 11856
441 11913
441 12086
441 12279
441 13779
441 13939
441 14081
441 14119
441 14279
441 15035
441 16045
441 16129
441 17101
441 17138
441 17318
441 17364
442 145
442 523
442 1245
442 2304
442 2400
442 3209
442 3320
442 3396
442 3583
442 5917
442 6029
442 6073
442 6248
442 6870
442 7673
442 8152
442 8262
442 8359
442 8486
442 8976
442 9179
442 9189
442 9400
442 9467
442 10912
442 11685
442 11857
442 11914
442 12087
442 12280
442 13780
442 13940
442 14082
442 14120
442 14280
442 15036
442 16046
442 16130
442 17102
442 17139
442 17319
442 17365
443 146
443 524
443 1246
443 2305
443 2401
443 3210
443 3321
443 3397
443 3584
443 5918
443 6030
443 6074
443 6249
443 6871
443 7674
443 8153
443 8263
443 8360
443 8487
443 8977
443 9180
443 9190
443 9401
443 9468
443 10913
443 11686
443 11858
443 11915
443 12088
443 12281
443 13781
443 13941
443 14083
443 14121
443 14281
443 15037
443 16047
443 16131
443 17103
443 17140
443 17320
443 17366
444 147
444 525
444 1247
444 2306
444 2402
444 3211
444 3322
444 3398
444 3473
444 5919
444 6031
444 6075
444 6250
444 6872
444 7675
444 8154
444 8264
444 8361
444 8488
444 8978
444 9181
444 9191
444 9402
444 9469
444 10914
444 11687
444 11859
444 11916
444 12089
444 12282
444 13782
444 13942
444 14084
444 14122
444 14282
444 15038
444 16048
444 16132
444 17104
444 17141
444 17321
444 17367
445 148
445 526
445 1248
445 2307
445 2403
445 3212
445 3323
445 3399
445 3474
445 5920
445 6032
445 6076
445 6251
445 6873
445 7676
445 8155
445 8265
445 8362
445 8489
445 8979
445 9182
445 9192
445 9403
445 9470
445 10915
445 11688
445 11860
445 11917
445 12090
445 12283
445 13783
445 13943
445 14085
445 14123
445 14283
445 15039
445 16049
445 16133
445 17105
445 17142
445 17322
445 17368
446 149
446 527
446 1249
446 2308
446 2404
446 3213
446 3324
446 3400
446 3475
446 5921
446 6033
446 6077
446 6252
446 6874
446 7677
446 8156
446 8266
446 8363
446 8490
446 8980
446 9183
446 9193
446 9404
446 9471
446 10916
446 11689
446 11861
446 11918
446 12091
446 12284
446 13784
446 13944
446 14086
446 14124
446 14284
446 15040
446 16050
446 16134
446 17106
446 17143
446 17323
446 17369
447 150
447 528
447 1250
447 2309
447 2405
447 3214
447 3325
447 3401
447 3476
447 5922
447 6034
447 6078
447 6253
447 6875
447 7678
447 8157
447 8267
447 8364
447 8491
447 8981
447 9184
447 9194
447 9405
447 9472
447 10917
447 11690
447 11862
447 11919
447 12092
447 12285
447 13785
447 13945
447 14087
447 14125
447 14285
447 15041
447 16051
447 16135
447 17107
447 17144
447 17324
447 17370
448 151
448 529
448 1251
448 2310
448 2406
448 3215
448 3326
448 3402
448 3477
448 5923
448 6035
448 6079
448 6254
448 6876
448 7679
448 8158
448 8268
448 8365
448 8492
448 8982
448 9073
448 9195
448 9406
448 9473
448 10918
448 11691
448 11863
448 11920
448 12093
448 12286
448 13786
448 13946
448 14088
448 14126
448 14286
448 15042
448 16052
448 16136
448 17108
448 17145
448 17325
448 17371
449 221
449 1039
449 1991
449 2252
449 2452
449 2569
449 2613
449 3205
449 3346
449 3582
449 4936
449 5089
449 5705
449 5927
449 6020
449 6130
449 8170
449 8234
449 8328
449 8483
449 8874
449 9023
449 9121
449 9245
449 9356
449 10126
449 11718
449 11764
449 11926
449 12089
449 12278
449 12989
449 13957
449 14066
449 14126
449 14316
449 15588
449 17024
449 17077
449 17164
449 17252
449 17399
450 222
450 1040
450 1992
450 2253
450 2453
450 2570
450 2614
450 3206
450 3347
450 3583
450 4937
450 5090
450 5706
450 5928
450 6021
450 6131
450 8171
450 8235
450 8329
450 8484
450 8875
450 9024
450 9122
450 9246
450 9357
450 10127
450 11719
450 11765
450 11927
450 12090
450 12279
450 12990
450 13958
450 14067
450 14127
450 14317
450 15589
450 16913
450 17078
450 17165
450 17253
450 17400
451 223
451 1041
451 1993
451 2254
451 2454
451 2571
451 2615
451 3207
451 3348
451 3584
451 4938
451 5091
451 5707
451 5929
451 6022
451 6132
451 8172
451 8236
451 8330
451 8485
451 8876
451 9025
451 9123
451 9247
451 9358
451 10128
451 11720
451 11766
451 11928
451 12091
451 12280
451 12991
451 13959
451 14068
451 14128
451 14318
451 15590
451 16914
451 17079
451 17166
451 17254
451 17401
452 224
452 1042
452 1994
452 2255
452 2455
452 2572
452 2616
452 3208
452 3349
452 3473
452 4939
452 5092
452 5708
452 5930
452 6023
452 6133
452 8173
452 8237
452 8331
452 8486
452 8877
452 9026
452 9124
452 9248
452 9359
452 10129
452 11721
452 11767
452 11929
452 12092
452 12281
452 12992
452 13960
452 14069
452 14129
452 14319
452 15591
452 16915
452 17080
452 17167
452 17255
452 17402
453 113
453 1043
453 1995
453 2256
453 2456
453 2573
453 2617
453 3209
453 3350
453 3474
453 4940
453 5093
453 5709
453 5931
453 6024
453 6134
453 8174
453 8238
453 8332
453 8487
453 8878
453 9027
453 9125
453 9249
453 9360
453 10130
453 11722
453 11768
453 11930
453 12093
453 12282
453 12881
453 13961
453 14070
453 14130
453 14320
453 15592
453 16916
453 17081
453 17168
453 17256
453 17403
454 114
454 1044
454 1996
454 2257
454 2457
454 2574
454 2618
454 3210
454 3351
454 3475
454 4941
454 5094
454 5710
454 5932
454 6025
454 6135
454 8175
454 8239
454 8333
454 8488
454 8879
454 9028
454 9126
454 9250
454 9361
454 10131
454 11723
454 11769
454 11931
454 12094
454 12283
454 12882
454 13962
454 14071
454 14131
454 14321
454 15593
454 16917
454 17082
454 17169
454 17257
454 17404
455 115
455 1045
455 1997
455 2258
455 2458
455 2575
455 2619
455 3211
455 3352
455 3476
455 4942
455 5095
455 5711
455 5933
455 6026
455 6136
455 8176
455 8240
455 8334
455 8489
455 8880
455 9029
455 9127
455 9251
455 9362
455 10132
455 11724
455 11770
455 11932
455 12095
455 12284
455 12883
455 13963
455 14072
455 14132
455 14322
455 15594
455 16918
455 17083
455 17170
455 17258
455 17405
456 116
456 1046
456 1998
456 2259
456 2459
456 2576
456 2620
456 3212
456 3353
456 3477
456 4943
456 5096
456 5712
456 5934
456 6027
456 6137
456 8065
456 8241
456 8335
456 8490
456 8881
456 9030
456 9128
456 9252
456 9363
456 10133
456 11725
456 11771
456 11933
456 12096
456 12285
456 12884
456 13964
456 14073
456 14133
456 14323
456 15595
456 16919
456 17084
456 17171
456 17259
456 17406
457 117
457 1047
457 1999
457 2260
457 2460
457 2465
457 2621
457 3213
457 3354
457 3478
457 4944
457 5097
457 5601
457 5935
457 6028
457 6138
457 8066
457 8242
457 8336
457 8491
457 8882
457 9031
457 9129
457 9253
457 9364
457 10134
457 11726
457 11772
457 11934
457 11985
457 12286
457 12885
457 13965
457 14074
457 14134
457 14324
457 15596
457 16920
457 17085
457 17172
457 17260
457 17407
458 118
458 1048
458 2000
458 2261
458 2461
458 2466
458 2622
458 3214
458 3355
458 3479
458 4945
458 5098
458 5602
458 5936
458 6029
458 6139
458 8067
458 8243
458 8337
458 8492
458 8883
458 9032
458 9130
458 9254
458 9365
458 10135
458 11727
458 11773
458 11935
458 11986
458 12287
458 12886
458 13966
458 14075
458 14135
458 14325
458 15597
458 16921
458 17086
458 17173
458 17261
458 17408
459 119
459 1049
459 2001
459 2262
459 2462
459 2467
459 2623
459 3215
459 3356
459 3480
459 4946
459 5099
459 5603
459 5825
459 6030
459 6140
459 8068
459 8244
459 8338
459 8493
459 8884
459 9033
459 9131
459 9255
459 9366
459 10136
459 11728
459 11774
459 11936
459 11987
459 12288
459 12887
459 13967
459 14076
459 14136
459 14326
459 15598
459 16922
459 17087
459 17174
459 17262
459 17409
460 120
460 1050
460 2002
460 2263
460 2463
460 2468
460 2624
460 3216
460 3357
460 3481
460 4947
460 5100
460 5604
460 5826
460 6031
460 6141
460 8069
460 8245
460 8339
460 8494
460 8885
460 9034
460 9132
460 9256
460 9367
460 10137
460 11729
460 11775
460 11937
460 11988
460 12289
460 12888
460 13968
460 14077
460 14137
460 14327
460 15599
460 16923
460 17088
460 17175
460 17263
460 17410
461 121
461 1051
461 2003
461 2264
461 2464
461 2469
461 2625
461 3217
461 3358
461 3482
461 4948
461 5101
461 5605
461 5827
461 6032
461 6142
461 8070
461 8246
461 8340
461 8495
461 8886
461 9035
461 9133
461 9257
461 9368
461 10138
461 11730
461 11776
461 11938
461 11989
461 12290
461 12889
461 13969
461 14078
461 14138
461 14328
461 15600
461 16924
461 17089
461 17176
461 17264
461 17411
462 122
462 1052
462 2004
462 2265
462 2353
462 2470
462 2626
462 3218
462 3359
462 3483
462 4949
462 5102
462 5606
462 5828
462 6033
462 6143
462 8071
462 8247
462 8341
462 8496
462 8887
462 9036
462 9134
462 9258
462 9369
462 10139
462 11731
462 11777
462 11939
462 11990
462 12291
462 12890
462 13970
462 14079
462 14139
462 14329
462 15601
462 16925
462 17090
462 17177
462 17265
462 17412
463 123
463 1053
463 2005
463 2266
463 2354
463 2471
463 2627
463 3219
463 3360
463 3484
463 4950
463 5103
463 5607
463 5829
463 6034
463 6144
463 8072
463 8248
463 8342
463 8497
463 8888
463 9037
463 9135
463 9259
463 9370
463 10140
463 11732
463 11778
463 11940
463 11991
463 12292
463 12891
463 13971
463 14080
463 14140
463 14330
463 15602
463 16926
463 17091
463 17178
463 17266
463 17413
464 124
464 1054
464 2006
464 2267
464 2355
464 2472
464 2628
464 3220
464 3249
464 3485
464 4951
464 5104
464 5608
464 5830
464 6035
464 6145
464 8073
464 8249
464 8343
464 8498
464 8889
464 9038
464 9136
464 9260
464 9371
464 10141
464 11733
464 11779
464 11941
464 11992
464 12293
464 12892
464 13972
464 14081
464 14141
464 14331
464 15603
464 16927
464 17092
464 17179
464 17267
464 17414
465 125
465 1055
465 2007
465 2268
465 2356
465 2473
465 2629
465 3221
465 3250
465 3486
465 4952
465 5105
465 5609
465 5831
465 6036
465 6146
465 8074
465 8250
465 8344
465 8499
465 8890
465 9039
465 9137
465 9261
465 9372
465 10142
465 11734
465 11780
465 11942
465 11993
465 12294
465 12893
465 13973
465 14082
465 14142
465 14332
465 15604
465 16928
465 17093
465 17180
465 17268
465 17415
466 126
466 1056
466 2008
466 2269
466 2357
466 2474
466 2630
466 3222
466 3251
466 3487
466 4953
466 5106
466 5610
466 5832
466 6037
466 6147
466 8075
466 8251
466 8345
466 8500
466 8891
466 9040
466 9138
466 9262
466 9373
466 10143
466 11735
466 11781
466 11943
466 11994
466 12295
466 12894
466 13974
466 14083
466 14143
466 14333
466 15605
466 16929
466 17094
466 17181
466 17269
466 17416
467 127
467 1057
467 2009
467 2270
467 2358
467 2475
467 2631
467 3223
467 3252
467 3488
467 4954
467 5107
467 5611
467 5833
467 6038
467 6148
467 8076
467 8252
467 8346
467 8501
467 8892
467 9041
467 9139
467 9263
467 9374
467 10144
467 11736
467 11782
467 11944
467 11995
467 12296
467 12895
467 13975
467 14084
467 14144
467 14334
467 15606
467 16930
467 17095
467 17182
467 17270
467 17417
468 128
468 1058
468 2010
468 2271
468 2359
468 2476
468 2632
468 3224
468 3253
468 3489
468 4955
468 5108
468 5612
468 5834
468 6039
468 6149
468 8077
468 8253
468 8347
468 8502
468 8893
468 9042
468 9140
468 9264
468 9375
468 10145
468 11737
468 11783
468 11945
468 11996
468 12297
468 12896
468 13976
468 14085
468 14145
468 14335
468 15607
468 16931
468 17096
468 17183
468 17271
468 17418
469 129
469 1059
469 2011
469 2272
469 2360
469 2477
469 2633
469 3225
469 3254
469 3490
469 4956
469 5109
469 5613
469 5835
469 6040
469 6150
469 8078
469 8254
469 8348
469 8503
469 8894
469 9043
469 9141
469 9265
469 9376
469 10146
469 11738
469 11784
469 11946
469 11997
469 12298
469 12897
469 13977
469 14086
469 14146
469 14336
469 15608
469 16932
469 17097
469 17184
469 17272
469 17419
470 130
470 1060
470 2012
470 2273
470 2361
470 2478
470 2634
470 3226
470 3255
470 3491
470 4957
470 5110
470 5614
470 5836
470 6041
470 6151
470 8079
470 8255
470 8349
470 8504
470 8895
470 9044
470 9142
470 9266
470 9377
470 10147
470 11739
470 11785
470 11947
470 11998
470 12299
470 12898
470 13978
470 14087
470 14147
470 14225
470 15609
470 16933
470 17098
470 17185
470 17273
470 17420
471 131
471 1061
471 2013
471 2274
471 2362
471 2479
471 2635
471 3227
471 3256
471 3492
471 4958
471 5111
471 5615
471 5837
471 6042
471 6152
471 8080
471 8256
471 8350
471 8505
471 8896
471 9045
471 9143
471 9267
471 9378
471 10148
471 11740
471 11786
471 11948
471 11999
471 12300
471 12899
471 13979
471 14088
471 14148
471 14226
471 15610
471 16934
471 17099
471 17186
471 17274
471 17421
472 132
472 1062
472 2014
472 2275
472 2363
472 2480
472 2636
472 3228
472 3257
472 3493
472 4959
472 5112
472 5616
472 5838
472 6043
472 6153
472 8081
472 8257
472 8351
472 8506
472 8897
472 9046
472 9144
472 9268
472 9379
472 10149
472 11741
472 11787
472 11949
472 12000
472 12301
472 12900
472 13980
472 14089
472 14149
472 14227
472 15611
472 16935
472 17100
472 17187
472 17275
472 17422
473 133
473 1063
473 2015
473 2276
473 2364
473 2481
473 2637
473 3229
473 3258
473 3494
473 4960
473 5113
473 5617
473 5839
473 6044
473 6154
473 8082
473 8258
473 8352
473 8507
473 8898
473 9047
473 9145
473 9269
473 9380
473 10150
473 11742
473 11788
473 11950
473 12001
473 12302
473 12901
473 13981
473 14090
473 14150
473 14228
473 15612
473 16936
473 17101
473 17188
473 17276
473 17423
474 134
474 1064
474 2016
474 2277
474 2365
474 2482
474 2638
474 3230
474 3259
474 3495
474 4961
474 5114
474 5618
474 5840
474 6045
474 6155
474 8083
474 8259
474 8353
474 8508
474 8899
474 9048
474 9146
474 9270
474 9381
474 10151
474 11743
474 11789
474 11951
474 12002
474 12303
474 12902
474 13982
474 14091
474 14151
474 14229
474 15613
474 16937
474 17102
474 17189
474 17277
474 17424
475 135
475 1065
475 1905
475 2278
475 2366
475 2483
475 2639
475 3231
475 3260
475 3496
475 4962
475 5115
475 5619
475 5841
475 6046
475 6156
475 8084
475 8260
475 8354
475 8509
475 8900
475 9049
475 9147
475 9271
475 9382
475 10152
475 11744
475 11790
475 11952
475 12003
475 12304
475 12903
475 13983
475 14092
475 14152
475 14230
475 15614
475 16938
475 17103
475 17190
475 17278
475 17425
476 136
476 1066
476 1906
476 2279
476 2367
476 2484
476 2640
476 3232
476 3261
476 3497
476 4963
476 5116
476 5620
476 5842
476 6047
476 6157
476 8085
476 8261
476 8355
476 8510
476 8901
476 9050
476 9148
476 9272
476 9383
476 10153
476 11745
476 11791
476 11953
476 12004
476 12305
476 12904
476 13984
476 14093
476 14153
476 14231
476 15615
476 16939
476 17104
476 17191
476 17279
476 17426
477 137
477 1067
477 1907
477 2280
477 2368
477 2485
477 2641
477 3233
477 3262
477 3498
477 4964
477 5117
477 5621
477 5843
477 6048
477 6158
477 8086
477 8262
477 8356
477 8511
477 8902
477 9051
477 9149
477 9273
477 9384
477 10154
477 11746
477 11792
477 11954
477 12005
477 12306
477 12905
477 13985
477 14094
477 14154
477 14232
477 15616
477 16940
477 17105
477 17192
477 17280
477 17427
478 138
478 1068
478 1908
478 2281
478 2369
478 2486
478 2642
478 3234
478 3263
478 3499
478 4965
478 5118
478 5622
478 5844
478 5937
478 6159
478 8087
478 8263
478 8357
478 8512
478 8903
478 9052
478 9150
478 9274
478 9385
478 10155
478 11747
478 11793
478 11955
478 12006
478 12307
478 12906
478 13986
478 14095
478 14155
478 14233
478 15617
478 16941
478 17106
478 17193
478 17281
478 17428
479 139
479 1069
479 1909
479 2282
479 2370
479 2487
479 2643
479 3235
479 3264
479 3500
479 4966
479 5119
479 5623
479 5845
479 5938
479 6160
479 8088
479 8264
479 8358
479 8401
479 8904
479 9053
479 9151
479 9275
479 9386
479 10156
479 11748
479 11794
479 11956
479 12007
479 12308
479 12907
479 13987
479 14096
479 14156
479 14234
479 15618
479 16942
479 17107
479 17194
479 17282
479 17429
480 140
480 1070
480 1910
480 2283
480 2371
480 2488
480 2644
480 3236
480 3265
480 3501
480 4967
480 5120
480 5624
480 5846
480 5939
480 6049
480 8089
480 8265
480 8359
480 8402
480 8905
480 9054
480 9152
480 9276
480 9387
480 10157
480 11749
480 11795
480 11957
480 12008
480 12309
480 12908
480 13988
480 14097
480 14157
480 14235
480 15619
480 16943
480 17108
480 17195
480 17283
480 17430
481 141
481 1071
481 1911
481 2284
481 2372
481 2489
481 2645
481 3237
481 3266
481 3502
481 4968
481 5121
481 5625
481 5847
481 5940
481 6050
481 8090
481 8266
481 8360
481 8403
481 8906
481 9055
481 9153
481 9277
481 9388
481 10158
481 11750
481 11796
481 11958
481 12009
481 12310
481 12909
481 13989
481 14098
481 14158
481 14236
481 15620
481 16944
481 17109
481 17196
481 17284
481 17431
482 142
482 1072
482 1912
482 2285
482 2373
482 2490
482 2646
482 3238
482 3267
482 3503
482 4969
482 5122
482 5626
482 5848
482 5941
482 6051
482 8091
482 8267
482 8361
482 8404
482 8907
482 9056
482 9154
482 9278
482 9389
482 10159
482 11751
482 11797
482 11959
482 12010
482 12311
482 12910
482 13990
482 14099
482 14159
482 14237
482 15621
482 16945
482 17110
482 17197
482 17285
482 17432
483 143
483 1073
483 1913
483 2286
483 2374
483 2491
483 2647
483 3239
483 3268
483 3504
483 4970
483 5123
483 5627
483 5849
483 5942
483 6052
483 8092
483 8268
483 8362
483 8405
483 8908
483 9057
483 9155
483 9279
483 9390
483 10160
483 11752
483 11798
483 11960
483 12011
483 12312
483 12911
483 13991
483 14100
483 14160
483 14238
483 15622
483 16946
483 17111
483 17198
483 17286
483 17433
484 144
484 1074
484 1914
484 2287
484 2375
484 2492
484 2648
484 3240
484 3269
484 3505
484 4971
484 5124
484 5628
484 5850
484 5943
484 6053
484 8093
484 8269
484 8363
484 8406
484 8909
484 9058
484 9156
484 9280
484 9391
484 10161
484 11753
484 11799
484 11961
484 12012
484 12313
484 12912
484 13992
484 14101
484 14161
484 14239
484 15623
484 16947
484 17112
484 17199
484 17287
484 17434
485 145
485 1075
485 1915
485 2288
485 2376
485 2493
485 2649
485 3241
485 3270
485 3506
485 4972
485 5125
485 5629
485 5851
485 5944
485 6054
485 8094
485 8270
485 8364
485 8407
485 8910
485 9059
485 9157
485 9281
485 9392
485 10162
485 11754
485 11800
485 11962
485 12013
485 12314
485 12913
485 13993
485 14102
485 14162
485 14240
485 15624
485 16948
485 17113
485 17200
485 17288
485 17435
486 146
486 1076
486 1916
486 2289
486 2377
486 2494
486 2650
486 3242
486 3271
486 3507
486 4973
486 5126
486 5630
486 5852
486 5945
486 6055
486 8095
486 8271
486 8365
486 8408
486 8911
486 9060
486 9158
486 9282
486 9393
486 10163
486 11755
486 11801
486 11963
486 12014
486 12315
486 12914
486 13994
486 14103
486 14163
486 14241
486 15625
486 16949
486 17114
486 17201
486 17289
486 17436
487 147
487 1077
487 1917
487 2290
487 2378
487 2495
487 2651
487 3243
487 3272
487 3508
487 4974
487 5127
487 5631
487 5853
487 5946
487 6056
487 8096
487 8272
487 8366
487 8409
487 8912
487 9061
487 9159
487 9283
487 9394
487 10164
487 11756
487 11802
487 11964
487 12015
487 12316
487 12915
487 13995
487 14104
487 14164
487 14242
487 15626
487 16950
487 17115
487 17202
487 17290
487 17437
488 148
488 1078
488 1918
488 2291
488 2379
488 2496
488 2652
488 3244
488 3273
488 3509
488 4975
488 5128
488 5632
488 5854
488 5947
488 6057
488 8097
488 8273
488 8367
488 8410
488 8913
488 9062
488 9160
488 9284
488 9395
488 10165
488 11757
488 11803
488 11965
488 12016
488 12317
488 12916
488 13996
488 14105
488 14165
488 14243
488 15627
488 16951
488 17116
488 17203
488 17291
488 17438
489 149
489 1079
489 1919
489 2292
489 2380
489 2497
489 2653
489 3245
489 3274
489 3510
489 4976
489 5129
489 5633
489 5855
489 5948
489 6058
489 8098
489 8274
489 8368
489 8411
489 8914
489 9063
489 9161
489 9285
489 9396
489 10166
489 11758
489 11804
489 11966
489 12017
489 12318
489 12917
489 13997
489 14106
489 14166
489 14244
489 15628
489 16952
489 17117
489 17204
489 17292
489 17439
490 150
490 1080
490 1920
490 2293
490 2381
490 2498
490 2654
490 3246
490 3275
490 3511
490 4977
490 5130
490 5634
490 5856
490 5949
490 6059
490 8099
490 8275
490 8369
490 8412
490 8915
490 9064
490 9162
490 9286
490 9397
490 10167
490 11759
490 11805
490 11967
490 12018
490 12319
490 12918
490 13998
490 14107
490 14167
490 14245
490 15629
490 16953
490 17118
490 17205
490 17293
490 17440
491 151
491 1081
491 1921
491 2294
491 2382
491 2499
491 2655
491 3247
491 3276
491 3512
491 4978
491 5131
491 5635
491 5857
491 5950
491 6060
491 8100
491 8276
491 8370
491 8413
491 8916
491 9065
491 9163
491 9287
491 9398
491 10168
491 11760
491 11806
491 11968
491 12019
491 12320
491 12919
491 13999
491 14108
491 14168
491 14246
491 15630
491 16954
491 17119
491 17206
491 17294
491 17441
492 152
492 1082
492 1922
492 2295
492 2383
492 2500
492 2656
492 3248
492 3277
492 3513
492 4979
492 5132
492 5636
492 5858
492 5951
492 6061
492 8101
492 8277
492 8371
492 8414
492 8917
492 9066
492 9164
492 9288
492 9399
492 10169
492 11649
492 11807
492 11969
492 12020
492 12209
492 12920
492 14000
492 14109
492 14169
492 14247
492 15631
492 16955
492 17120
492 17207
492 17295
492 17442
493 153
493 1083
493 1923
493 2296
493 2384
493 2501
493 2657
493 3137
493 3278
493 3514
493 4980
493 5133
493 5637
493 5859
493 5952
493 6062
493 8102
493 8278
493 8372
493 8415
493 8918
493 9067
493 9165
493 9289
493 9400
493 10170
493 11650
493 11808
493 11970
493 12021
493 12210
493 12921
493 13889
493 14110
493 14170
493 14248
493 15632
493 16956
493 17121
493 17208
493 17296
493 17443
494 154
494 1084
494 1924
494 2297
494 2385
494 2502
494 2658
494 3138
494 3279
494 3515
494 4981
494 5134
494 5638
494 5860
494 5953
494 6063
494 8103
494 8279
494 8373
494 8416
494 8919
494 9068
494 9166
494 9290
494 9401
494 10171
494 11651
494 11809
494 11971
494 12022
494 12211
494 12922
494 13890
494 14111
494 14171
494 14249
494 15633
494 16957
494 17122
494 17209
494 17297
494 17444
495 155
495 1085
495 1925
495 2298
495 2386
495 2503
495 2659
495 3139
495 3280
495 3516
495 4982
495 5135
495 5639
495 5861
495 5954
495 6064
495 8104
495 8280
495 8374
495 8417
495 8920
495 9069
495 9167
495 9291
495 9402
495 10172
495 11652
495 11810
495 11972
495 12023
495 12212
495 12923
495 13891
495 14112
495 14172
495 14250
495 15634
495 16958
495 17123
495 17210
495 17298
495 17445
496 156
496 1086
496 1926
496 2299
496 2387
496 2504
496 2660
496 3140
496 3281
496 3517
496 4983
496 5136
496 5640
496 5862
496 5955
496 6065
496 8105
496 8281
496 8375
496 8418
496 8921
496 9070
496 9168
496 9292
496 9403
496 10173
496 11653
496 11811
496 11973
496 12024
496 12213
496 12924
496 13892
496 14001
496 14173
496 14251
496 15635
496 16959
496 17124
496 17211
496 17299
496 17446
497 157
497 1087
497 1927
497 2300
497 2388
497 2505
497 2661
497 3141
497 3282
497 3518
497 4984
497 5137
497 5641
497 5863
497 5956
497 6066
497 8106
497 8282
497 8376
497 8419
497 8922
497 9071
497 9169
497 9293
497 9404
497 10174
497 11654
497 11812
497 11974
497 12025
497 12214
497 12925
497 13893
497 14002
497 14174
497 14252
497 15636
497 16960
497 17125
497 17212
497 17300
497 17447
498 158
498 1088
498 1928
498 2301
498 2389
498 2506
498 2662
498 3142
498 3283
498 3519
498 4985
498 5138
498 5642
498 5864
498 5957
498 6067
498 8107
498 8283
498 8377
498 8420
498 8923
498 9072
498 9170
498 9294
498 9405
498 10175
498 11655
498 11813
498 11975
498 12026
498 12215
498 12926
498 13894
498 14003
498 14175
498 14253
498 15637
498 16961
498 17126
498 17213
498 17301
498 17448
499 159
499 1089
499 1929
499 2302
499 2390
499 2507
499 2663
499 3143
499 3284
499 3520
499 4986
499 5139
499 5643
499 5865
499 5958
499 6068
499 8108
499 8284
499 8378
499 8421
499 8924
499 8961
499 9171
499 9295
499 9406
499 10176
499 11656
499 11814
499 11976
499 12027
499 12216
499 12927
499 13895
499 14004
499 14176
499 14254
499 15638
499 16962
499 17127
499 17214
499 17302
499 17449
500 160
500 1090
500 1930
500 2303
500 2391
500 2508
500 2664
500 3144
500 3285
500 3521
500 4987
500 5140
500 5644
500 5866
500 5959
500 6069
500 8109
500 8285
500 8379
500 8422
500 8925
500 8962
500 9172
500 9296
500 9407
500 10177
500 11657
500 11815
500 11977
500 12028
500 12217
500 12928
500 13896
500 14005
500 14177
500 14255
500 15639
500 16963
500 17128
500 17215
500 17303
500 17450
501 161
501 1091
501 1931
501 2304
501 2392
501 2509
501 2665
501 3145
501 3286
501 3522
501 4988
501 5141
501 5645
501 5867
501 5960
501 6070
501 8110
501 8286
501 8380
501 8423
501 8926
501 8963
501 9173
501 9185
501 9408
501 10178
501 11658
501 11816
501 11978
501 12029
501 12218
501 12929
501 13897
501 14006
501 14178
501 14256
501 15640
501 16964
501 17129
501 17216
501 17304
501 17451
502 162
502 1092
502 1932
502 2305
502 2393
502 2510
502 2666
502 3146
502 3287
502 3523
502 4989
502 5142
502 5646
502 5868
502 5961
502 6071
502 8111
502 8287
502 8381
502 8424
502 8927
502 8964
502 9174
502 9186
502 9297
502 10179
502 11659
502 11817
502 11979
502 12030
502 12219
502 12930
502 13898
502 14007
502 14179
502 14257
502 15641
502 16965
502 17130
502 17217
502 17305
502 17452
503 163
503 1093
503 1933
503 2306
503 2394
503 2511
503 2667
503 3147
503 3288
503 3524
503 4990
503 5143
503 5647
503 5869
503 5962
503 6072
503 8112
503 8288
503 8382
503 8425
503 8928
503 8965
503 9175
503 9187
503 9298
503 10180
503 11660
503 11818
503 11980
503 12031
503 12220
503 12931
503 13899
503 14008
503 14180
503 14258
503 15642
503 16966
503 17131
503 17218
503 17306
503 17453
504 164
504 1094
504 1934
504 2307
504 2395
504 2512
504 2668
504 3148
504 3289
504 3525
504 4991
504 5144
504 5648
504 5870
504 5963
504 6073
504 8113
504 8177
504 8383
504 8426
504 8929
504 8966
504 9176
504 9188
504 9299
504 10181
504 11661
504 11819
504 11981
504 12032
504 12221
504 12932
504 13900
504 14009
504 14181
504 14259
504 15643
504 16967
504 17132
504 17219
504 17307
504 17454
505 165
505 1095
505 1935
505 2308
505 2396
505 2513
505 2669
505 3149
505 3290
505 3526
505 4992
505 5145
505 5649
505 5871
505 5964
505 6074
505 8114
505 8178
505 8384
505 8427
505 8930
505 8967
505 9177
505 9189
505 9300
505 10182
505 11662
505 11820
505 11982
505 12033
505 12222
505 12933
505 13901
505 14010
505 14182
505 14260
505 15644
505 16968
505 17133
505 17220
505 17308
505 17455
506 166
506 1096
506 1936
506 2309
506 2397
506 2514
506 2670
506 3150
506 3291
506 3527
506 4993
506 5146
506 5650
506 5872
506 5965
506 6075
506 8115
506 8179
506 8385
506 8428
506 8931
506 8968
506 9178
506 9190
506 9301
506 10183
506 11663
506 11821
506 11983
506 12034
506 12223
506 12934
506 13902
506 14011
506 14183
506 14261
506 15645
506 16969
506 17134
506 17221
506 17309
506 17456
507 167
507 1097
507 1937
507 2310
507 2398
507 2515
507 2671
507 3151
507 3292
507 3528
507 4994
507 5147
507 5651
507 5873
507 5966
507 6076
507 8116
507 8180
507 8386
507 8429
507 8932
507 8969
507 9179
507 9191
507 9302
507 10184
507 11664
507 11822
507 11984
507 12035
507 12224
507 12935
507 13903
507 14012
507 14184
507 14262
507 15646
507 16970
507 17135
507 17222
507 17310
507 17457
508 168
508 1098
508 1938
508 2311
508 2399
508 2516
508 2672
508 3152
508 3293
508 3529
508 4995
508 5148
508 5652
508 5874
508 5967
508 6077
508 8117
508 8181
508 8387
508 8430
508 8933
508 8970
508 9180
508 9192
508 9303
508 10185
508 11665
508 11823
508 11873
508 12036
508 12225
508 12936
508 13904
508 14013
508 14185
508 14263
508 15647
508 16971
508 17136
508 17223
508 17311
508 17458
509 169
509 1099
509 1939
509 2312
509 2400
509 2517
509 2673
509 3153
509 3294
509 3530
509 4996
509 5149
509 5653
509 5875
509 5968
509 6078
509 8118
509 8182
509 8388
509 8431
509 8934
509 8971
509 9181
509 9193
509 9304
509 10186
509 11666
509 11824
509 11874
509 12037
509 12226
509 12937
509 13905
509 14014
509 14186
509 14264
509 15648
509 16972
509 17025
509 17224
509 17312
509 17459
510 170
510 1100
510 1940
510 2313
510 2401
510 2518
510 2674
510 3154
510 3295
510 3531
510 4997
510 5150
510 5654
510 5876
510 5969
510 6079
510 8119
510 8183
510 8389
510 8432
510 8935
510 8972
510 9182
510 9194
510 9305
510 10187
510 11667
510 11825
510 11875
510 12038
510 12227
510 12938
510 13906
510 14015
510 14187
510 14265
510 15649
510 16973
510 17026
510 17225
510 17313
510 17460
511 171
511 1101
511 1941
511 2314
511 2402
511 2519
511 2675
511 3155
511 3296
511 3532
511 4998
511 5151
511 5655
511 5877
511 5970
511 6080
511 8120
511 8184
511 8390
511 8433
511 8936
511 8973
511 9183
511 9195
511 9306
511 10188
511 11668
511 11826
511 11876
511 12039
511 12228
511 12939
511 13907
511 14016
511 14188
511 14266
511 15650
511 16974
511 17027
511 17226
511 17314
511 17461
512 172
512 1102
512 1942
512 2315
512 2403
512 2520
512 2676
512 3156
512 3297
512 3533
512 4999
512 5152
512 5656
512 5878
512 5971
512 6081
512 8121
512 8185
512 8391
512 8434
512 8937
512 8974
512 9184
512 9196
512 9307
512 10189
512 11669
512 11827
512 11877
512 12040
512 12229
512 12940
512 13908
512 14017
512 14189
512 14267
512 15651
512 16975
512 17028
512 17227
512 17315
512 17462
513 173
513 1103
513 1943
513 2316
513 2404
513 2521
513 2677
513 3157
513 3298
513 3534
513 5000
513 5041
513 5657
513 5879
513 5972
513 6082
513 8122
513 8186
513 8392
513 8435
513 8938
513 8975
513 9073
513 9197
513 9308
513 10190
513 11670
513 11828
513 11878
513 12041
513 12230
513 12941
513 13909
513 14018
513 14190
513 14268
513 15652
513 16976
513 17029
513 17228
513 17316
513 17463
514 174
514 1104
514 1944
514 2317
514 2405
514 2522
514 2678
514 3158
514 3299
514 3535
514 5001
514 5042
514 5658
514 5880
514 5973
514 6083
514 8123
514 8187
514 8393
514 8436
514 8939
514 8976
514 9074
514 9198
514 9309
514 10191
514 11671
514 11829
514 11879
514 12042
514 12231
514 12942
514 13910
514 14019
514 14191
514 14269
514 15653
514 16977
514 17030
514 17229
514 17317
514 17464
515 175
515 1105
515 1945
515 2318
515 2406
515 2523
515 2679
515 3159
515 3300
515 3536
515 5002
515 5043
515 5659
515 5881
515 5974
515 6084
515 8124
515 8188
515 8394
515 8437
515 8940
515 8977
515 9075
515 9199
515 9310
515 10192
515 11672
515 11830
515 11880
515 12043
515 12232
515 12943
515 13911
515 14020
515 14192
515 14270
515 15654
515 16978
515 17031
515 17230
515 17318
515 17465
516 176
516 1106
516 1946
516 2319
516 2407
516 2524
516 2680
516 3160
516 3301
516 3537
516 5003
516 5044
516 5660
516 5882
516 5975
516 6085
516 8125
516 8189
516 8395
516 8438
516 8941
516 8978
516 9076
516 9200
516 9311
516 10081
516 11673
516 11831
516 11881
516 12044
516 12233
516 12944
516 13912
516 14021
516 14193
516 14271
516 15655
516 16979
516 17032
516 17231
516 17319
516 17466
517 177
517 1107
517 1947
517 2320
517 2408
517 2525
517 2681
517 3161
517 3302
517 3538
517 5004
517 5045
517 5661
517 5883
517 5976
517 6086
517 8126
517 8190
517 8396
517 8439
517 8942
517 8979
517 9077
517 9201
517 9312
517 10082
517 11674
517 11832
517 11882
517 12045
517 12234
517 12945
517 13913
517 14022
517 14194
517 14272
517 15656
517 16980
517 17033
517 17232
517 17320
517 17467
518 178
518 1108
518 1948
518 2321
518 2409
518 2526
518 2682
518 3162
518 3303
518 3539
518 5005
518 5046
518 5662
518 5884
518 5977
518 6087
518 8127
518 8191
518 8397
518 8440
518 8943
518 8980
518 9078
518 9202
518 9313
518 10083
518 11675
518 11833
518 11883
518 12046
518 12235
518 12946
518 13914
518 14023
518 14195
518 14273
518 15657
518 16981
518 17034
518 17233
518 17321
518 17468
519 179
519 1109
519 1949
519 2322
519 2410
519 2527
519 2683
519 3163
519 3304
519 3540
519 5006
519 5047
519 5663
519 5885
519 5978
519 6088
519 8128
519 8192
519 8398
519 8441
519 8944
519 8981
519 9079
519 9203
519 9314
519 10084
519 11676
519 11834
519 11884
519 12047
519 12236
519 12947
519 13915
519 14024
519 14196
519 14274
519 15658
519 16982
519 17035
519 17234
519 17322
519 17469
520 180
520 1110
520 1950
520 2323
520 2411
520 2528
520 2684
520 3164
520 3305
520 3541
520 5007
520 5048
520 5664
520 5886
520 5979
520 6089
520 8129
520 8193
520 8399
520 8442
520 8945
520 8982
520 9080
520 9204
520 9315
520 10085
520 11677
520 11835
520 11885
520 12048
520 12237
520 12948
520 13916
520 14025
520 14197
520 14275
520 15659
520 16983
520 17036
520 17235
520 17323
520 17470
521 181
521 1111
521 1951
521 2324
521 2412
521 2529
521 2685
521 3165
521 3306
521 3542
521 5008
521 5049
521 5665
521 5887
521 5980
521 6090
521 8130
521 8194
521 8400
521 8443
521 8946
521 8983
521 9081
521 9205
521 9316
521 10086
521 11678
521 11836
521 11886
521 12049
521 12238
521 12949
521 13917
521 14026
521 14198
521 14276
521 15660
521 16984
521 17037
521 17236
521 17324
521 17471
522 182
522 1112
522 1952
522 2325
522 2413
522 2530
522 2686
522 3166
522 3307
522 3543
522 5009
522 5050
522 5666
522 5888
522 5981
522 6091
522 8131
522 8195
522 8289
522 8444
522 8947
522 8984
522 9082
522 9206
522 9317
522 10087
522 11679
522 11837
522 11887
522 12050
522 12239
522 12950
522 13918
522 14027
522 14199
522 14277
522 15661
522 16985
522 17038
522 17237
522 17325
522 17472
523 183
523 1113
523 1953
523 2326
523 2414
523 2531
523 2687
523 3167
523 3308
523 3544
523 5010
523 5051
523 5667
523 5889
523 5982
523 6092
523 8132
523 8196
523 8290
523 8445
523 8948
523 8985
523 9083
523 9207
523 9318
523 10088
523 11680
523 11838
523 11888
523 12051
523 12240
523 12951
523 13919
523 14028
523 14200
523 14278
523 15662
523 16986
523 17039
523 17238
523 17326
523 17361
524 184
524 1114
524 1954
524 2327
524 2415
524 2532
524 2688
524 3168
524 3309
524 3545
524 5011
524 5052
524 5668
524 5890
524 5983
524 6093
524 8133
524 8197
524 8291
524 8446
524 8949
524 8986
524 9084
524 9208
524 9319
524 10089
524 11681
524 11839
524 11889
524 12052
524 12241
524 12952
524 13920
524 14029
524 14201
524 14279
524 15663
524 16987
524 17040
524 17239
524 17327
524 17362
525 185
525 1115
525 1955
525 2328
525 2416
525 2533
525 2577
525 3169
525 3310
525 3546
525 5012
525 5053
525 5669
525 5891
525 5984
525 6094
525 8134
525 8198
525 8292
525 8447
525 8950
525 8987
525 9085
525 9209
525 9320
525 10090
525 11682
525 11840
525 11890
525 12053
525 12242
525 12953
525 13921
525 14030
525 14202
525 14280
525 15664
525 16988
525 17041
525 17240
525 17328
525 17363
526 186
526 1116
526 1956
526 2329
526 2417
526 2534
526 2578
526 3170
526 3311
526 3547
526 5013
526 5054
526 5670
526 5892
526 5985
526 6095
526 8135
526 8199
526 8293
526 8448
526 8951
526 8988
526 9086
526 9210
526 9321
526 10091
526 11683
526 11841
526 11891
526 12054
526 12243
526 12954
526 13922
526 14031
526 14203
526 14281
526 15665
526 16989
526 17042
526 17241
526 17329
526 17364
527 187
527 1117
527 1957
527 2330
527 2418
527 2535
527 2579
527 3171
527 3312
527 3548
527 5014
527 5055
527 5671
527 5893
527 5986
527 6096
527 8136
527 8200
527 8294
527 8449
527 8952
527 8989
527 9087
527 9211
527 9322
527 10092
527 11684
527 11842
527 11892
527 12055
527 12244
527 12955
527 13923
527 14032
527 14204
527 14282
527 15666
527 16990
527 17043
527 17242
527 17330
527 17365
528 188
528 1118
528 1958
528 2331
528 2419
528 2536
528 2580
528 3172
528 3313
528 3549
528 5015
528 5056
528 5672
528 5894
528 5987
528 6097
528 8137
528 8201
528 8295
528 8450
528 8953
528 8990
528 9088
528 9212
528 9323
528 10093
528 11685
528 11843
528 11893
528 12056
528 12245
528 12956
528 13924
528 14033
528 14205
528 14283
528 15667
528 16991
528 17044
528 17243
528 17331
528 17366
529 189
529 1119
529 1959
529 2332
529 2420
529 2537
529 2581
529 3173
529 3314
529 3550
529 5016
529 5057
529 5673
529 5895
529 5988
529 6098
529 8138
529 8202
529 8296
529 8451
529 8954
529 8991
529 9089
529 9213
529 9324
529 10094
529 11686
529 11844
529 11894
529 12057
529 12246
529 12957
529 13925
529 14034
529 14206
529 14284
529 15668
529 16992
529 17045
529 17244
529 17332
529 17367
530 190
530 1120
530 1960
530 2333
530 2421
530 2538
530 2582
530 3174
530 3315
530 3551
530 5017
530 5058
530 5674
530 5896
530 5989
530 6099
530 8139
530 8203
530 8297
530 8452
530 8955
530 8992
530 9090
530 9214
530 9325
530 10095
530 11687
530 11845
530 11895
530 12058
530 12247
530 12958
530 13926
530 14035
530 14207
530 14285
530 15669
530 16993
530 17046
530 17245
530 17333
530 17368
531 191
531 1009
531 1961
531 2334
531 2422
531 2539
531 2583
531 3175
531 3316
531 3552
531 5018
531 5059
531 5675
531 5897
531 5990
531 6100
531 8140
531 8204
531 8298
531 8453
531 8956
531 8993
531 9091
531 9215
531 9326
531 10096
531 11688
531 11846
531 11896
531 12059
531 12248
531 12959
531 13927
531 14036
531 14208
531 14286
531 15670
531 16994
531 17047
531 17246
531 17334
531 17369
532 192
532 1010
532 1962
532 2335
532 2423
532 2540
532 2584
532 3176
532 3317
532 3553
532 5019
532 5060
532 5676
532 5898
532 5991
532 6101
532 8141
532 8205
532 8299
532 8454
532 8957
532 8994
532 9092
532 9216
532 9327
532 10097
532 11689
532 11847
532 11897
532 12060
532 12249
532 12960
532 13928
532 14037
532 14209
532 14287
532 15671
532 16995
532 17048
532 17247
532 17335
532 17370
533 193
533 1011
533 1963
533 2336
533 2424
533 2541
533 2585
533 3177
533 3318
533 3554
533 5020
533 5061
533 5677
533 5899
533 5992
533 6102
533 8142
533 8206
533 8300
533 8455
533 8958
533 8995
533 9093
533 9217
533 9328
533 10098
533 11690
533 11848
533 11898
533 12061
533 12250
533 12961
533 13929
533 14038
533 14210
533 14288
533 15672
533 16996
533 17049
533 17248
533 17336
533 17371
534 194
534 1012
534 1964
534 2337
534 2425
534 2542
534 2586
534 3178
534 3319
534 3555
534 5021
534 5062
534 5678
534 5900
534 5993
534 6103
534 8143
534 8207
534 8301
534 8456
534 8959
534 8996
534 9094
534 9218
534 9329
534 10099
534 11691
534 11849
534 11899
534 12062
534 12251
534 12962
534 13930
534 14039
534 14211
534 14289
534 15673
534 16997
534 17050
534 17137
534 17337
534 17372
535 195
535 1013
535 1965
535 2338
535 2426
535 2543
535 2587
535 3179
535 3320
535 3556
535 5022
535 5063
535 5679
535 5901
535 5994
535 6104
535 8144
535 8208
535 8302
535 8457
535 8960
535 8997
535 9095
535 9219
535 9330
535 10100
535 11692
535 11850
535 11900
535 12063
535 12252
535 12963
535 13931
535 14040
535 14212
535 14290
535 15674
535 16998
535 17051
535 17138
535 17338
535 17373
536 196
536 1014
536 1966
536 2339
536 2427
536 2544
536 2588
536 3180
536 3321
536 3557
536 5023
536 5064
536 5680
536 5902
536 5995
536 6105
536 8145
536 8209
536 8303
536 8458
536 8849
536 8998
536 9096
536 9220
536 9331
536 10101
536 11693
536 11851
536 11901
536 12064
536 12253
536 12964
536 13932
536 14041
536 14213
536 14291
536 15675
536 16999
536 17052
536 17139
536 17339
536 17374
537 197
537 1015
537 1967
537 2340
537 2428
537 2545
537 2589
537 3181
537 3322
537 3558
537 5024
537 5065
537 5681
537 5903
537 5996
537 6106
537 8146
537 8210
537 8304
537 8459
537 8850
537 8999
537 9097
537 9221
537 9332
537 10102
537 11694
537 11852
537 11902
537 12065
537 12254
537 12965
537 13933
537 14042
537 14214
537 14292
537 15676
537 17000
537 17053
537 17140
537 17340
537 17375
538 198
538 1016
538 1968
538 2341
538 2429
538 2546
538 2590
538 3182
538 3323
538 3559
538 5025
538 5066
538 5682
538 5904
538 5997
538 6107
538 8147
538 8211
538 8305
538 8460
538 8851
538 9000
538 9098
538 9222
538 9333
538 10103
538 11695
538 11853
538 11903
538 12066
538 12255
538 12966
538 13934
538 14043
538 14215
538 14293
538 15677
538 17001
538 17054
538 17141
538 17341
538 17376
539 199
539 1017
539 1969
539 2342
539 2430
539 2547
539 2591
539 3183
539 3324
539 3560
539 5026
539 5067
539 5683
539 5905
539 5998
539 6108
539 8148
539 8212
539 8306
539 8461
539 8852
539 9001
539 9099
539 9223
539 9334
539 10104
539 11696
539 11854
539 11904
539 12067
539 12256
539 12967
539 13935
539 14044
539 14216
539 14294
539 15678
539 17002
539 17055
539 17142
539 17342
539 17377
540 200
540 1018
540 1970
540 2343
540 2431
540 2548
540 2592
540 3184
540 3325
540 3561
540 5027
540 5068
540 5684
540 5906
540 5999
540 6109
540 8149
540 8213
540 8307
540 8462
540 8853
540 9002
540 9100
540 9224
540 9335
540 10105
540 11697
540 11855
540 11905
540 12068
540 12257
540 12968
540 13936
540 14045
540 14217
540 14295
540 15679
540 17003
540 17056
540 17143
540 17343
540 17378
541 201
541 1019
541 1971
541 2344
541 2432
541 2549
541 2593
541 3185
541 3326
541 3562
541 5028
541 5069
541 5685
541 5907
541 6000
541 6110
541 8150
541 8214
541 8308
541 8463
541 8854
541 9003
541 9101
541 9225
541 9336
541 10106
541 11698
541 11856
541 11906
541 12069
541 12258
541 12969
541 13937
541 14046
541 14218
541 14296
541 15680
541 17004
541 17057
541 17144
541 17344
541 17379
542 202
542 1020
542 1972
542 2345
542 2433
542 2550
542 2594
542 3186
542 3327
542 3563
542 5029
542 5070
542 5686
542 5908
542 6001
542 6111
542 8151
542 8215
542 8309
542 8464
542 8855
542 9004
542 9102
542 9226
542 9337
542 10107
542 11699
542 11857
542 11907
542 12070
542 12259
542 12970
542 13938
542 14047
542 14219
542 14297
542 15569
542 17005
542 17058
542 17145
542 17345
542 17380
543 203
543 1021
543 1973
543 2346
543 2434
543 2551
543 2595
543 3187
543 3328
543 3564
543 5030
543 5071
543 5687
543 5909
543 6002
543 6112
543 8152
543 8216
543 8310
543 8465
543 8856
543 9005
543 9103
543 9227
543 9338
543 10108
543 11700
543 11858
543 11908
543 12071
543 12260
543 12971
543 13939
543 14048
543 14220
543 14298
543 15570
543 17006
543 17059
543 17146
543 17346
543 17381
544 204
544 1022
544 1974
544 2347
544 2435
544 2552
544 2596
544 3188
544 3329
544 3565
544 5031
544 5072
544 5688
544 5910
544 6003
544 6113
544 8153
544 8217
544 8311
544 8466
544 8857
544 9006
544 9104
544 9228
544 9339
544 10109
544 11701
544 11859
544 11909
544 12072
544 12261
544 12972
544 13940
544 14049
544 14221
544 14299
544 15571
544 17007
544 17060
544 17147
544 17347
544 17382
545 205
545 1023
545 1975
545 2348
545 2436
545 2553
545 2597
545 3189
545 3330
545 3566
545 5032
545 5073
545 5689
545 5911
545 6004
545 6114
545 8154
545 8218
545 8312
545 8467
545 8858
545 9007
545 9105
545 9229
545 9340
545 10110
545 11702
545 11860
545 11910
545 12073
545 12262
545 12973
545 13941
545 14050
545 14222
545 14300
545 15572
545 17008
545 17061
545 17148
545 17348
545 17383
546 206
546 1024
546 1976
546 2349
546 2437
546 2554
546 2598
546 3190
546 3331
546 3567
546 5033
546 5074
546 5690
546 5912
546 6005
546 6115
546 8155
546 8219
546 8313
546 8468
546 8859
546 9008
546 9106
546 9230
546 9341
546 10111
546 11703
546 11861
546 11911
546 12074
546 12263
546 12974
546 13942
546 14051
546 14223
546 14301
546 15573
546 17009
546 17062
546 17149
546 17349
546 17384
547 207
547 1025
547 1977
547 2350
547 2438
547 2555
547 2599
547 3191
547 3332
547 3568
547 5034
547 5075
547 5691
547 5913
547 6006
547 6116
547 8156
547 8220
547 8314
547 8469
547 8860
547 9009
547 9107
547 9231
547 9342
547 10112
547 11704
547 11862
547 11912
547 12075
547 12264
547 12975
547 13943
547 14052
547 14224
547 14302
547 15574
547 17010
547 17063
547 17150
547 17350
547 17385
548 208
548 1026
548 1978
548 2351
548 2439
548 2556
548 2600
548 3192
548 3333
548 3569
548 5035
548 5076
548 5692
548 5914
548 6007
548 6117
548 8157
548 8221
548 8315
548 8470
548 8861
548 9010
548 9108
548 9232
548 9343
548 10113
548 11705
548 11863
548 11913
548 12076
548 12265
548 12976
548 13944
548 14053
548 14113
548 14303
548 15575
548 17011
548 17064
548 17151
548 17351
548 17386
549 209
549 1027
549 1979
549 2352
549 2440
549 2557
549 2601
549 3193
549 3334
549 3570
549 5036
549 5077
549 5693
549 5915
549 6008
549 6118
549 8158
549 8222
549 8316
549 8471
549 8862
549 9011
549 9109
549 9233
549 9344
549 10114
549 11706
549 11864
549 11914
549 12077
549 12266
549 12977
549 13945
549 14054
549 14114
549 14304
549 15576
549 17012
549 17065
549 17152
549 17352
549 17387
550 210
550 1028
550 1980
550 2241
550 2441
550 2558
550 2602
550 3194
550 3335
550 3571
550 5037
550 5078
550 5694
550 5916
550 6009
550 6119
550 8159
550 8223
550 8317
550 8472
550 8863
550 9012
550 9110
550 9234
550 9345
550 10115
550 11707
550 11865
550 11915
550 12078
550 12267
550 12978
550 13946
550 14055
550 14115
550 14305
550 15577
550 17013
550 17066
550 17153
550 17353
550 17388
551 211
551 1029
551 1981
551 2242
551 2442
551 2559
551 2603
551 3195
551 3336
551 3572
551 5038
551 5079
551 5695
551 5917
551 6010
551 6120
551 8160
551 8224
551 8318
551 8473
551 8864
551 9013
551 9111
551 9235
551 9346
551 10116
551 11708
551 11866
551 11916
551 12079
551 12268
551 12979
551 13947
551 14056
551 14116
551 14306
551 15578
551 17014
551 17067
551 17154
551 17354
551 17389
552 212
552 1030
552 1982
552 2243
552 2443
552 2560
552 2604
552 3196
552 3337
552 3573
552 5039
552 5080
552 5696
552 5918
552 6011
552 6121
552 8161
552 8225
552 8319
552 8474
552 8865
552 9014
552 9112
552 9236
552 9347
552 10117
552 11709
552 11867
552 11917
552 12080
552 12269
552 12980
552 13948
552 14057
552 14117
552 14307
552 15579
552 17015
552 17068
552 17155
552 17355
552 17390
553 213
553 1031
553 1983
553 2244
553 2444
553 2561
553 2605
553 3197
553 3338
553 3574
553 5040
553 5081
553 5697
553 5919
553 6012
553 6122
553 8162
553 8226
553 8320
553 8475
553 8866
553 9015
553 9113
553 9237
553 9348
553 10118
553 11710
553 11868
553 11918
553 12081
553 12270
553 12981
553 13949
553 14058
553 14118
553 14308
553 15580
553 17016
553 17069
553 17156
553 17356
553 17391
554 214
554 1032
554 1984
554 2245
554 2445
554 2562
554 2606
554 3198
554 3339
554 3575
554 4929
554 5082
554 5698
554 5920
554 6013
554 6123
554 8163
554 8227
554 8321
554 8476
554 8867
554 9016
554 9114
554 9238
554 9349
554 10119
554 11711
554 11869
554 11919
554 12082
554 12271
554 12982
554 13950
554 14059
554 14119
554 14309
554 15581
554 17017
554 17070
554 17157
554 17357
554 17392
555 215
555 1033
555 1985
555 2246
555 2446
555 2563
555 2607
555 3199
555 3340
555 3576
555 4930
555 5083
555 5699
555 5921
555 6014
555 6124
555 8164
555 8228
555 8322
555 8477
555 8868
555 9017
555 9115
555 9239
555 9350
555 10120
555 11712
555 11870
555 11920
555 12083
555 12272
555 12983
555 13951
555 14060
555 14120
555 14310
555 15582
555 17018
555 17071
555 17158
555 17358
555 17393
556 216
556 1034
556 1986
556 2247
556 2447
556 2564
556 2608
556 3200
556 3341
556 3577
556 4931
556 5084
556 5700
556 5922
556 6015
556 6125
556 8165
556 8229
556 8323
556 8478
556 8869
556 9018
556 9116
556 9240
556 9351
556 10121
556 11713
556 11871
556 11921
556 12084
556 12273
556 12984
556 13952
556 14061
556 14121
556 14311
556 15583
556 17019
556 17072
556 17159
556 17359
556 17394
557 217
557 1035
557 1987
557 2248
557 2448
557 2565
557 2609
557 3201
557 3342
557 3578
557 4932
557 5085
557 5701
557 5923
557 6016
557 6126
557 8166
557 8230
557 8324
557 8479
557 8870
557 9019
557 9117
557 9241
557 9352
557 10122
557 11714
557 11872
557 11922
557 12085
557 12274
557 12985
557 13953
557 14062
557 14122
557 14312
557 15584
557 17020
557 17073
557 17160
557 17360
557 17395
558 218
558 1036
558 1988
558 2249
558 2449
558 2566
558 2610
558 3202
558 3343
558 3579
558 4933
558 5086
558 5702
558 5924
558 6017
558 6127
558 8167
558 8231
558 8325
558 8480
558 8871
558 9020
558 9118
558 9242
558 9353
558 10123
558 11715
558 11761
558 11923
558 12086
558 12275
558 12986
558 13954
558 14063
558 14123
558 14313
558 15585
558 17021
558 17074
558 17161
558 17249
558 17396
559 219
559 1037
559 1989
559 2250
559 2450
559 2567
559 2611
559 3203
559 3344
559 3580
559 4934
559 5087
559 5703
559 5925
559 6018
559 6128
559 8168
559 8232
559 8326
559 8481
559 8872
559 9021
559 9119
559 9243
559 9354
559 10124
559 11716
559 11762
559 11924
559 12087
559 12276
559 12987
559 13955
559 14064
559 14124
559 14314
559 15586
559 17022
559 17075
559 17162
559 17250
559 17397
560 220
560 1038
560 1990
560 2251
560 2451
560 2568
560 2612
560 3204
560 3345
560 3581
560 4935
560 5088
560 5704
560 5926
560 6019
560 6129
560 8169
560 8233
560 8327
560 8482
560 8873
560 9022
560 9120
560 9244
560 9355
560 10125
560 11717
560 11763
560 11925
560 12088
560 12277
560 12988
560 13956
560 14065
560 14125
560 14315
560 15587
560 17023
560 17076
560 17163
560 17251
560 17398
561 275
561 1190
561 2037
561 2285
561 2367
561 2478
561 2638
561 3201
561 3282
561 3449
561 5091
561 5168
561 5803
561 6035
561 6080
561 6230
561 8084
561 8196
561 8347
561 8439
561 8599
561 8975
561 9163
561 9194
561 9321
561 10221
561 11753
561 11822
561 11877
561 12078
561 12375
561 12601
561 13891
561 14029
561 14139
561 14280
561 15242
561 16624
561 17117
561 17187
561 17342
561 17382
562 276
562 1191
562 2038
562 2286
562 2368
562 2479
562 2639
562 3202
562 3283
562 3450
562 5092
562 5169
562 5804
562 6036
562 6081
562 6231
562 8085
562 8197
562 8348
562 8440
562 8600
562 8976
562 9164
562 9195
562 9322
562 10222
562 11754
562 11823
562 11878
562 12079
562 12376
562 12602
562 13892
562 14030
562 14140
562 14281
562 15243
562 16625
562 17118
562 17188
562 17343
562 17383
563 277
563 1192
563 2039
563 2287
563 2369
563 2480
563 2640
563 3203
563 3284
563 3451
563 5093
563 5170
563 5805
563 6037
563 6082
563 6232
563 8086
563 8198
563 8349
563 8441
563 8601
563 8977
563 9165
563 9196
563 9323
563 10223
563 11755
563 11824
563 11879
563 12080
563 12377
563 12603
563 13893
563 14031
563 14141
563 14282
563 15244
563 16626
563 17119
563 17189
563 17344
563 17384
564 278
564 1193
564 2040
564 2288
564 2370
564 2481
564 2641
564 3204
564 3285
564 3452
564 5094
564 5171
564 5806
564 6038
564 6083
564 6233
564 8087
564 8199
564 8350
564 8442
564 8602
564 8978
564 9166
564 9197
564 9324
564 10224
564 11756
564 11825
564 11880
564 12081
564 12378
564 12604
564 13894
564 14032
564 14142
564 14283
564 15245
564 16627
564 17120
564 17190
564 17345
564 17385
565 279
565 1194
565 2041
565 2289
565 2371
565 2482
565 2642
565 3205
565 3286
565 3453
565 5095
565 5172
565 5807
565 6039
565 6084
565 6234
565 8088
565 8200
565 8351
565 8443
565 8603
565 8979
565 9167
565 9198
565 9325
565 10225
565 11757
565 11826
565 11881
565 12082
565 12379
565 12605
565 13895
565 14033
565 14143
565 14284
565 15246
565 16628
565 17121
565 17191
565 17346
565 17386
566 280
566 1195
566 2042
566 2290
566 2372
566 2483
566 2643
566 3206
566 3287
566 3454
566 5096
566 5173
566 5808
566 6040
566 6085
566 6235
566 8089
566 8201
566 8352
566 8444
566 8604
566 8980
566 9168
566 9199
566 9326
566 10226
566 11758
566 11827
566 11882
566 12083
566 12380
566 12606
566 13896
566 14034
566 14144
566 14285
566 15247
566 16629
566 17122
566 17192
566 17347
566 17387
567 281
567 1196
567 2043
567 2291
567 2373
567 2484
567 2644
567 3207
567 3288
567 3455
567 5097
567 5174
567 5809
567 6041
567 6086
567 6236
567 8090
567 8202
567 8353
567 8445
567 8605
567 8981
567 9169
567 9200
567 9327
567 10227
567 11759
567 11828
567 11883
567 12084
567 12381
567 12607
567 13897
567 14035
567 14145
567 14286
567 15248
567 16630
567 17123
567 17193
567 17348
567 17388
568 282
568 1197
568 2044
568 2292
568 2374
568 2485
568 2645
568 3208
568 3289
568 3456
568 5098
568 5175
568 5810
568 6042
568 6087
568 6237
568 8091
568 8203
568 8354
568 8446
568 8606
568 8982
568 9170
568 9201
568 9328
568 10228
568 11760
568 11829
568 11884
568 12085
568 12382
568 12608
568 13898
568 14036
568 14146
568 14287
568 15249
568 16631
568 17124
568 17194
568 17349
568 17389
569 283
569 1198
569 2045
569 2293
569 2375
569 2486
569 2646
569 3209
569 3290
569 3457
569 5099
569 5176
569 5811
569 6043
569 6088
569 6238
569 8092
569 8204
569 8355
569 8447
569 8607
569 8983
569 9171
569 9202
569 9329
569 10229
569 11649
569 11830
569 11885
569 12086
569 12383
569 12609
569 13899
569 14037
569 14147
569 14288
569 15250
569 16632
569 17125
569 17195
569 17350
569 17390
570 284
570 1199
570 2046
570 2294
570 2376
570 2487
570 2647
570 3210
570 3291
570 3458
570 5100
570 5177
570 5812
570 6044
570 6089
570 6239
570 8093
570 8205
570 8356
570 8448
570 8608
570 8984
570 9172
570 9203
570 9330
570 10230
570 11650
570 11831
570 11886
570 12087
570 12384
570 12610
570 13900
570 14038
570 14148
570 14289
570 15251
570 16633
570 17126
570 17196
570 17351
570 17391
571 285
571 1200
571 2047
571 2295
571 2377
571 2488
571 2648
571 3211
571 3292
571 3459
571 5101
571 5178
571 5813
571 6045
571 6090
571 6240
571 8094
571 8206
571 8357
571 8449
571 8609
571 8985
571 9173
571 9204
571 9331
571 10231
571 11651
571 11832
571 11887
571 12088
571 12385
571 12611
571 13901
571 14039
571 14149
571 14290
571 15252
571 16634
571 17127
571 17197
571 17352
571 17392
572 286
572 1201
572 2048
572 2296
572 2378
572 2489
572 2649
572 3212
572 3293
572 3460
572 5102
572 5179
572 5814
572 6046
572 6091
572 6241
572 8095
572 8207
572 8358
572 8450
572 8610
572 8986
572 9174
572 9205
572 9332
572 10232
572 11652
572 11833
572 11888
572 12089
572 12386
572 12612
572 13902
572 14040
572 14150
572 14291
572 15253
572 16635
572 17128
572 17198
572 17353
572 17393
573 287
573 1202
573 2049
573 2297
573 2379
573 2490
573 2650
573 3213
573 3294
573 3461
573 5103
573 5180
573 5815
573 6047
573 6092
573 6242
573 8096
573 8208
573 8359
573 8451
573 8611
573 8987
573 9175
573 9206
573 9333
573 10233
573 11653
573 11834
573 11889
573 12090
573 12387
573 12613
573 13903
573 14041
573 14151
573 14292
573 15254
573 16636
573 17129
573 17199
573 17354
573 17394
574 288
574 1203
574 2050
574 2298
574 2380
574 2491
574 2651
574 3214
574 3295
574 3462
574 5104
574 5181
574 5816
574 6048
574 6093
574 6243
574 8097
574 8209
574 8360
574 8452
574 8612
574 8988
574 9176
574 9207
574 9334
574 10234
574 11654
574 11835
574 11890
574 12091
574 12388
574 12614
574 13904
574 14042
574 14152
574 14293
574 15255
574 16637
574 17130
574 17200
574 17355
574 17395
575 289
575 1204
575 2051
575 2299
575 2381
575 2492
575 2652
575 3215
575 3296
575 3463
575 5105
575 5182
575 5817
575 5937
575 6094
575 6244
575 8098
575 8210
575 8361
575 8453
575 8613
575 8989
575 9177
575 9208
575 9335
575 10235
575 11655
575 11836
575 11891
575 12092
575 12389
575 12615
575 13905
575 14043
575 14153
575 14294
575 15256
575 16638
575 17131
575 17201
575 17356
575 17396
576 290
576 1205
576 2052
576 2300
576 2382
576 2493
576 2653
576 3216
576 3297
576 3464
576 5106
576 5183
576 5818
576 5938
576 6095
576 6245
576 8099
576 8211
576 8362
576 8454
576 8614
576 8990
576 9178
576 9209
576 9336
576 10236
576 11656
576 11837
576 11892
576 12093
576 12390
576 12616
576 13906
576 14044
576 14154
576 14295
576 15257
576 16639
576 17132
576 17202
576 17357
576 17397
577 291
577 1206
577 2053
577 2301
577 2383
577 2494
577 2654
577 3217
577 3298
577 3465
577 5107
577 5184
577 5819
577 5939
577 6096
577 6246
577 8100
577 8212
577 8363
577 8455
577 8615
577 8991
577 9179
577 9210
577 9337
577 10237
577 11657
577 11838
577 11893
577 12094
577 12391
577 12617
577 13907
577 14045
577 14155
577 14296
577 15258
577 16640
577 17133
577 17203
577 17358
577 17398
578 292
578 1207
578 2054
578 2302
578 2384
578 2495
578 2655
578 3218
578 3299
578 3466
578 5108
578 5185
578 5820
578 5940
578 6097
578 6247
578 8101
578 8213
578 8364
578 8456
578 8616
578 8992
578 9180
578 9211
578 9338
578 10238
578 11658
578 11839
578 11894
578 12095
578 12392
578 12618
578 13908
578 14046
578 14156
578 14297
578 15259
578 16641
578 17134
578 17204
578 17359
578 17399
579 293
579 1208
579 2055
579 2303
579 2385
579 2496
579 2656
579 3219
579 3300
579 3467
579 5109
579 5186
579 5821
579 5941
579 6098
579 6248
579 8102
579 8214
579 8365
579 8457
579 8617
579 8993
579 9181
579 9212
579 9339
579 10239
579 11659
579 11840
579 11895
579 12096
579 12393
579 12619
579 13909
579 14047
579 14157
579 14298
579 15260
579 16642
579 17135
579 17205
579 17360
579 17400
580 294
580 1209
580 2056
580 2304
580 2386
580 2497
580 2657
580 3220
580 3301
580 3468
580 5110
580 5187
580 5822
580 5942
580 6099
580 6249
580 8103
580 8215
580 8366
580 8458
580 8618
580 8994
580 9182
580 9213
580 9340
580 10240
580 11660
580 11841
580 11896
580 11985
580 12394
580 12620
580 13910
580 14048
580 14158
580 14299
580 15261
580 16643
580 17136
580 17206
580 17249
580 17401
581 295
581 1210
581 2057
581 2305
581 2387
581 2498
581 2658
581 3221
581 3302
581 3469
581 5111
581 5188
581 5823
581 5943
581 6100
581 6250
581 8104
581 8216
581 8367
581 8459
581 8619
581 8995
581 9183
581 9214
581 9341
581 10241
581 11661
581 11842
581 11897
581 11986
581 12395
581 12621
581 13911
581 14049
581 14159
581 14300
581 15262
581 16644
581 17025
581 17207
581 17250
581 17402
582 296
582 1211
582 2058
582 2306
582 2388
582 2499
582 2659
582 3222
582 3303
582 3470
582 5112
582 5189
582 5824
582 5944
582 6101
582 6251
582 8105
582 8217
582 8368
582 8460
582 8620
582 8996
582 9184
582 9215
582 9342
582 10242
582 11662
582 11843
582 11898
582 11987
582 12396
582 12622
582 13912
582 14050
582 14160
582 14301
582 15263
582 16645
582 17026
582 17208
582 17251
582 17403
583 297
583 1212
583 2059
583 2307
583 2389
583 2500
583 2660
583 3223
583 3304
583 3471
583 5113
583 5190
583 5713
583 5945
583 6102
583 6252
583 8106
583 8218
583 8369
583 8461
583 8621
583 8997
583 9073
583 9216
583 9343
583 10243
583 11663
583 11844
583 11899
583 11988
583 12397
583 12623
583 13913
583 14051
583 14161
583 14302
583 15264
583 16646
583 17027
583 17209
583 17252
583 17404
584 298
584 1213
584 2060
584 2308
584 2390
584 2501
584 2661
584 3224
584 3305
584 3472
584 5114
584 5191
584 5714
584 5946
584 6103
584 6253
584 8107
584 8219
584 8370
584 8462
584 8622
584 8998
584 9074
584 9217
584 9344
584 10244
584 11664
584 11845
584 11900
584 11989
584 12398
584 12624
584 13914
584 14052
584 14162
584 14303
584 15265
584 16647
584 17028
584 17210
584 17253
584 17405
585 299
585 1214
585 2061
585 2309
585 2391
585 2502
585 2662
585 3225
585 3306
585 3361
585 5115
585 5192
585 5715
585 5947
585 6104
585 6254
585 8108
585 8220
585 8371
585 8463
585 8623
585 8999
585 9075
585 9218
585 9345
585 10245
585 11665
585 11846
585 11901
585 11990
585 12399
585 12625
585 13915
585 14053
585 14163
585 14304
585 15266
585 16648
585 17029
585 17211
585 17254
585 17406
586 300
586 1215
586 2062
586 2310
586 2392
586 2503
586 2663
586 3226
586 3307
586 3362
586 5116
586 5193
586 5716
586 5948
586 6105
586 6255
586 8109
586 8221
586 8372
586 8464
586 8624
586 9000
586 9076
586 9219
586 9346
586 10246
586 11666
586 11847
586 11902
586 11991
586 12400
586 12626
586 13916
586 14054
586 14164
586 14305
586 15267
586 16649
586 17030
586 17212
586 17255
586 17407
587 301
587 1216
587 2063
587 2311
587 2393
587 2504
587 2664
587 3227
587 3308
587 3363
587 5117
587 5194
587 5717
587 5949
587 6106
587 6256
587 8110
587 8222
587 8373
587 8465
587 8513
587 9001
587 9077
587 9220
587 9347
587 10247
587 11667
587 11848
587 11903
587 11992
587 12401
587 12627
587 13917
587 14055
587 14165
587 14306
587 15268
587 16650
587 17031
587 17213
587 17256
587 17408
588 302
588 1217
588 2064
588 2312
588 2394
588 2505
588 2665
588 3228
588 3309
588 3364
588 5118
588 5195
588 5718
588 5950
588 6107
588 6257
588 8111
588 8223
588 8374
588 8466
588 8514
588 9002
588 9078
588 9221
588 9348
588 10248
588 11668
588 11849
588 11904
588 11993
588 12402
588 12628
588 13918
588 14056
588 14166
588 14307
588 15269
588 16651
588 17032
588 17214
588 17257
588 17409
589 303
589 1218
589 2065
589 2313
589 2395
589 2506
589 2666
589 3229
589 3310
589 3365
589 5119
589 5196
589 5719
589 5951
589 6108
589 6258
589 8112
589 8224
589 8375
589 8467
589 8515
589 9003
589 9079
589 9222
589 9349
589 10249
589 11669
589 11850
589 11905
589 11994
589 12403
589 12629
589 13919
589 14057
589 14167
589 14308
589 15270
589 16652
589 17033
589 17215
589 17258
589 17410
590 304
590 1219
590 2066
590 2314
590 2396
590 2507
590 2667
590 3230
590 3311
590 3366
590 5120
590 5197
590 5720
590 5952
590 6109
590 6259
590 8113
590 8225
590 8376
590 8468
590 8516
590 9004
590 9080
590 9223
590 9350
590 10250
590 11670
590 11851
590 11906
590 11995
590 12404
590 12630
590 13920
590 14058
590 14168
590 14309
590 15271
590 16653
590 17034
590 17216
590 17259
590 17411
591 305
591 1220
591 2067
591 2315
591 2397
591 2508
591 2668
591 3231
591 3312
591 3367
591 5121
591 5198
591 5721
591 5953
591 6110
591 6260
591 8114
591 8226
591 8377
591 8469
591 8517
591 9005
591 9081
591 9224
591 9351
591 10251
591 11671
591 11852
591 11907
591 11996
591 12405
591 12631
591 13921
591 14059
591 14169
591 14310
591 15272
591 16654
591 17035
591 17217
591 17260
591 17412
592 306
592 1221
592 2068
592 2316
592 2398
592 2509
592 2669
592 3232
592 3313
592 3368
592 5122
592 5199
592 5722
592 5954
592 6111
592 6261
592 8115
592 8227
592 8378
592 8470
592 8518
592 9006
592 9082
592 9225
592 9352
592 10252
592 11672
592 11853
592 11908
592 11997
592 12406
592 12632
592 13922
592 14060
592 14170
592 14311
592 15273
592 16655
592 17036
592 17218
592 17261
592 17413
593 307
593 1222
593 2069
593 2317
593 2399
593 2510
593 2670
593 3233
593 3314
593 3369
593 5123
593 5200
593 5723
593 5955
593 6112
593 6262
593 8116
593 8228
593 8379
593 8471
593 8519
593 9007
593 9083
593 9226
593 9353
593 10253
593 11673
593 11854
593 11909
593 11998
593 12407
593 12633
593 13923
593 14061
593 14171
593 14312
593 15274
593 16656
593 17037
593 17219
593 17262
593 17414
594 308
594 1223
594 2070
594 2318
594 2400
594 2511
594 2671
594 3234
594 3315
594 3370
594 5124
594 5201
594 5724
594 5956
594 6113
594 6263
594 8117
594 8229
594 8380
594 8472
594 8520
594 9008
594 9084
594 9227
594 9354
594 10254
594 11674
594 11855
594 11910
594 11999
594 12408
594 12634
594 13924
594 14062
594 14172
594 14313
594 15275
594 16657
594 17038
594 17220
594 17263
594 17415
595 309
595 1224
595 2071
595 2319
595 2401
595 2512
595 2672
595 3235
595 3316
595 3371
595 5125
595 5202
595 5725
595 5957
595 6114
595 6264
595 8118
595 8230
595 8381
595 8473
595 8521
595 9009
595 9085
595 9228
595 9355
595 10255
595 11675
595 11856
595 11911
595 12000
595 12409
595 12635
595 13925
595 14063
595 14173
595 14314
595 15276
595 16658
595 17039
595 17221
595 17264
595 17416
596 310
596 1225
596 2072
596 2320
596 2402
596 2513
596 2673
596 3236
596 3317
596 3372
596 5126
596 5203
596 5726
596 5958
596 6115
596 6265
596 8119
596 8231
596 8382
596 8474
596 8522
596 9010
596 9086
596 9229
596 9356
596 10256
596 11676
596 11857
596 11912
596 12001
596 12410
596 12636
596 13926
596 14064
596 14174
596 14315
596 15277
596 16659
596 17040
596 17222
596 17265
596 17417
597 311
597 1226
597 2073
597 2321
597 2403
597 2514
597 2674
597 3237
597 3318
597 3373
597 5127
597 5204
597 5727
597 5959
597 6116
597 6266
597 8120
597 8232
597 8383
597 8475
597 8523
597 9011
597 9087
597 9230
597 9357
597 10257
597 11677
597 11858
597 11913
597 12002
597 12411
597 12637
597 13927
597 14065
597 14175
597 14316
597 15278
597 16660
597 17041
597 17223
597 17266
597 17418
598 312
598 1227
598 2074
598 2322
598 2404
598 2515
598 2675
598 3238
598 3319
598 3374
598 5128
598 5205
598 5728
598 5960
598 6117
598 6267
598 8121
598 8233
598 8384
598 8476
598 8524
598 9012
598 9088
598 9231
598 9358
598 10258
598 11678
598 11859
598 11914
598 12003
598 12412
598 12638
598 13928
598 14066
598 14176
598 14317
598 15279
598 16661
598 17042
598 17224
598 17267
598 17419
599 313
599 1228
599 2075
599 2323
599 2405
599 2516
599 2676
599 3239
599 3320
599 3375
599 5129
599 5206
599 5729
599 5961
599 6118
599 6268
599 8122
599 8234
599 8385
599 8477
599 8525
599 9013
599 9089
599 9232
599 9359
599 10259
599 11679
599 11860
599 11915
599 12004
599 12413
599 12639
599 13929
599 14067
599 14177
599 14318
599 15280
599 16662
599 17043
599 17225
599 17268
599 17420
600 314
600 1229
600 2076
600 2324
600 2406
600 2517
600 2677
600 3240
600 3321
600 3376
600 5130
600 5207
600 5730
600 5962
600 6119
600 6269
600 8123
600 8235
600 8386
600 8478
600 8526
600 9014
600 9090
600 9233
600 9360
600 10260
600 11680
600 11861
600 11916
600 12005
600 12414
600 12640
600 13930
600 14068
600 14178
600 14319
600 15281
600 16663
600 17044
600 17226
600 17269
600 17421
601 315
601 1230
601 2077
601 2325
601 2407
601 2518
601 2678
601 3241
601 3322
601 3377
601 5131
601 5208
601 5731
601 5963
601 6120
601 6270
601 8124
601 8236
601 8387
601 8479
601 8527
601 9015
601 9091
601 9234
601 9361
601 10261
601 11681
601 11862
601 11917
601 12006
601 12415
601 12641
601 13931
601 14069
601 14179
601 14320
601 15282
601 16664
601 17045
601 17227
601 17270
601 17422
602 316
602 1231
602 2078
602 2326
602 2408
602 2519
602 2679
602 3242
602 3323
602 3378
602 5132
602 5209
602 5732
602 5964
602 6121
602 6271
602 8125
602 8237
602 8388
602 8480
602 8528
602 9016
602 9092
602 9235
602 9362
602 10262
602 11682
602 11863
602 11918
602 12007
602 12416
602 12642
602 13932
602 14070
602 14180
602 14321
602 15283
602 16665
602 17046
602 17228
602 17271
602 17423
603 317
603 1232
603 2079
603 2327
603 2409
603 2520
603 2680
603 3243
603 3324
603 3379
603 5133
603 5210
603 5733
603 5965
603 6122
603 6272
603 8126
603 8238
603 8389
603 8481
603 8529
603 9017
603 9093
603 9236
603 9363
603 10263
603 11683
603 11864
603 11919
603 12008
603 12417
603 12643
603 13933
603 14071
603 14181
603 14322
603 15284
603 16666
603 17047
603 17229
603 17272
603 17424
604 318
604 1121
604 2080
604 2328
604 2410
604 2521
604 2681
604 3244
604 3325
604 3380
604 5134
604 5211
604 5734
604 5966
604 6123
604 6161
604 8127
604 8239
604 8390
604 8482
604 8530
604 9018
604 9094
604 9237
604 9364
604 10264
604 11684
604 11865
604 11920
604 12009
604 12418
604 12644
604 13934
604 14072
604 14182
604 14323
604 15285
604 16667
604 17048
604 17230
604 17273
604 17425
605 319
605 1122
605 2081
605 2329
605 2411
605 2522
605 2682
605 3245
605 3326
605 3381
605 5135
605 5212
605 5735
605 5967
605 6124
605 6162
605 8128
605 8240
605 8391
605 8483
605 8531
605 9019
605 9095
605 9238
605 9365
605 10265
605 11685
605 11866
605 11921
605 12010
605 12419
605 12645
605 13935
605 14073
605 14183
605 14324
605 15286
605 16668
605 17049
605 17231
605 17274
605 17426
606 320
606 1123
606 2082
606 2330
606 2412
606 2523
606 2683
606 3246
606 3327
606 3382
606 5136
606 5213
606 5736
606 5968
606 6125
606 6163
606 8129
606 8241
606 8392
606 8484
606 8532
606 9020
606 9096
606 9239
606 9366
606 10266
606 11686
606 11867
606 11922
606 12011
606 12420
606 12646
606 13936
606 14074
606 14184
606 14325
606 15287
606 16669
606 17050
606 17232
606 17275
606 17427
607 321
607 1124
607 2083
607 2331
607 2413
607 2524
607 2684
607 3247
607 3328
607 3383
607 5137
607 5214
607 5737
607 5969
607 6126
607 6164
607 8130
607 8242
607 8393
607 8485
607 8533
607 9021
607 9097
607 9240
607 9367
607 10267
607 11687
607 11868
607 11923
607 12012
607 12421
607 12647
607 13937
607 14075
607 14185
607 14326
607 15288
607 16670
607 17051
607 17233
607 17276
607 17428
608 322
608 1125
608 2084
608 2332
608 2414
608 2525
608 2685
608 3248
608 3329
608 3384
608 5138
608 5215
608 5738
608 5970
608 6127
608 6165
608 8131
608 8243
608 8394
608 8486
608 8534
608 9022
608 9098
608 9241
608 9368
608 10268
608 11688
608 11869
608 11924
608 12013
608 12422
608 12648
608 13938
608 14076
608 14186
608 14327
608 15289
608 16671
608 17052
608 17234
608 17277
608 17429
609 323
609 1126
609 2085
609 2333
609 2415
609 2526
609 2686
609 3137
609 3330
609 3385
609 5139
609 5216
609 5739
609 5971
609 6128
609 6166
609 8132
609 8244
609 8395
609 8487
609 8535
609 9023
609 9099
609 9242
609 9369
609 10269
609 11689
609 11870
609 11925
609 12014
609 12423
609 12649
609 13939
609 14077
609 14187
609 14328
609 15290
609 16672
609 17053
609 17235
609 17278
609 17430
610 324
610 1127
610 2086
610 2334
610 2416
610 2527
610 2687
610 3138
610 3331
610 3386
610 5140
610 5217
610 5740
610 5972
610 6129
610 6167
610 8133
610 8245
610 8396
610 8488
610 8536
610 9024
610 9100
610 9243
610 9370
610 10270
610 11690
610 11871
610 11926
610 12015
610 12424
610 12650
610 13940
610 14078
610 14188
610 14329
610 15291
610 16673
610 17054
610 17236
610 17279
610 17431
611 325
611 1128
611 2087
611 2335
611 2417
611 2528
611 2688
611 3139
611 3332
611 3387
611 5141
611 5218
611 5741
611 5973
611 6130
611 6168
611 8134
611 8246
611 8397
611 8489
611 8537
611 9025
611 9101
611 9244
611 9371
611 10271
611 11691
611 11872
611 11927
611 12016
611 12425
611 12651
611 13941
611 14079
611 14189
611 14330
611 15292
611 16674
611 17055
611 17237
611 17280
611 17432
612 326
612 1129
612 2088
612 2336
612 2418
612 2529
612 2577
612 3140
612 3333
612 3388
612 5142
612 5219
612 5742
612 5974
612 6131
612 6169
612 8135
612 8247
612 8398
612 8490
612 8538
612 9026
612 9102
612 9245
612 9372
612 10272
612 11692
612 11761
612 11928
612 12017
612 12426
612 12652
612 13942
612 14080
612 14190
612 14331
612 15293
612 16675
612 17056
612 17238
612 17281
612 17433
613 327
613 1130
613 2089
613 2337
613 2419
613 2530
613 2578
613 3141
613 3334
613 3389
613 5143
613 5220
613 5743
613 5975
613 6132
613 6170
613 8136
613 8248
613 8399
613 8491
613 8539
613 9027
613 9103
613 9246
613 9373
613 10273
613 11693
613 11762
613 11929
613 12018
613 12427
613 12653
613 13943
613 14081
613 14191
613 14332
613 15294
613 16676
613 17057
613 17239
613 17282
613 17434
614 328
614 1131
614 2090
614 2338
614 2420
614 2531
614 2579
614 3142
614 3335
614 3390
614 5144
614 5221
614 5744
614 5976
614 6133
614 6171
614 8137
614 8249
614 8400
614 8492
614 8540
614 9028
614 9104
614 9247
614 9374
614 10274
614 11694
614 11763
614 11930
614 12019
614 12428
614 12654
614 13944
614 14082
614 14192
614 14333
614 15295
614 16677
614 17058
614 17240
614 17283
614 17435
615 329
615 1132
615 2091
615 2339
615 2421
615 2532
615 2580
615 3143
615 3336
615 3391
615 5145
615 5222
615 5745
615 5977
615 6134
615 6172
615 8138
615 8250
615 8289
615 8493
615 8541
615 9029
615 9105
615 9248
615 9375
615 10275
615 11695
615 11764
615 11931
615 12020
615 12429
615 12655
615 13945
615 14083
615 14193
615 14334
615 15296
615 16678
615 17059
615 17241
615 17284
615 17436
616 330
616 1133
616 2092
616 2340
616 2422
616 2533
616 2581
616 3144
616 3337
616 3392
616 5146
616 5223
616 5746
616 5978
616 6135
616 6173
616 8139
616 8251
616 8290
616 8494
616 8542
616 9030
616 9106
616 9249
616 9376
616 10276
616 11696
616 11765
616 11932
616 12021
616 12430
616 12656
616 13946
616 14084
616 14194
616 14335
616 15297
616 16679
616 17060
616 17242
616 17285
616 17437
617 331
617 1134
617 2093
617 2341
617 2423
617 2534
617 2582
617 3145
617 3338
617 3393
617 5147
617 5224
617 5747
617 5979
617 6136
617 6174
617 8140
617 8252
617 8291
617 8495
617 8543
617 9031
617 9107
617 9250
617 9377
617 10277
617 11697
617 11766
617 11933
617 12022
617 12431
617 12545
617 13947
617 14085
617 14195
617 14336
617 15298
617 16680
617 17061
617 17243
617 17286
617 17438
618 332
618 1135
618 2094
618 2342
618 2424
618 2535
618 2583
618 3146
618 3339
618 3394
618 5148
618 5225
618 5748
618 5980
618 6137
618 6175
618 8141
618 8253
618 8292
618 8496
618 8544
618 9032
618 9108
618 9251
618 9378
618 10278
618 11698
618 11767
618 11934
618 12023
618 12432
618 12546
618 13948
618 14086
618 14196
618 14225
618 15299
618 16681
618 17062
618 17244
618 17287
618 17439
619 333
619 1136
619 2095
619 2343
619 2425
619 2536
619 2584
619 3147
619 3340
619 3395
619 5149
619 5226
619 5749
619 5981
619 6138
619 6176
619 8142
619 8254
619 8293
619 8497
619 8545
619 9033
619 9109
619 9252
619 9379
619 10279
619 11699
619 11768
619 11935
619 12024
619 12321
619 12547
619 13949
619 14087
619 14197
619 14226
619 15300
619 16682
619 17063
619 17245
619 17288
619 17440
620 334
620 1137
620 2096
620 2344
620 2426
620 2537
620 2585
620 3148
620 3341
620 3396
620 5150
620 5227
620 5750
620 5982
620 6139
620 6177
620 8143
620 8255
620 8294
620 8498
620 8546
620 9034
620 9110
620 9253
620 9380
620 10280
620 11700
620 11769
620 11936
620 12025
620 12322
620 12548
620 13950
620 14088
620 14198
620 14227
620 15301
620 16683
620 17064
620 17246
620 17289
620 17441
621 335
621 1138
621 2097
621 2345
621 2427
621 2538
621 2586
621 3149
621 3342
621 3397
621 5151
621 5228
621 5751
621 5983
621 6140
621 6178
621 8144
621 8256
621 8295
621 8499
621 8547
621 9035
621 9111
621 9254
621 9381
621 10281
621 11701
621 11770
621 11937
621 12026
621 12323
621 12549
621 13951
621 14089
621 14199
621 14228
621 15302
621 16684
621 17065
621 17247
621 17290
621 17442
622 336
622 1139
622 2098
622 2346
622 2428
622 2539
622 2587
622 3150
622 3343
622 3398
622 5152
622 5229
622 5752
622 5984
622 6141
622 6179
622 8145
622 8257
622 8296
622 8500
622 8548
622 9036
622 9112
622 9255
622 9382
622 10282
622 11702
622 11771
622 11938
622 12027
622 12324
622 12550
622 13952
622 14090
622 14200
622 14229
622 15303
622 16685
622 17066
622 17248
622 17291
622 17443
623 225
623 1140
623 2099
623 2347
623 2429
623 2540
623 2588
623 3151
623 3344
623 3399
623 5041
623 5230
623 5753
623 5985
623 6142
623 6180
623 8146
623 8258
623 8297
623 8501
623 8549
623 9037
623 9113
623 9256
623 9383
623 10283
623 11703
623 11772
623 11939
623 12028
623 12325
623 12551
623 13953
623 14091
623 14201
623 14230
623 15304
623 16686
623 17067
623 17137
623 17292
623 17444
624 226
624 1141
624 2100
624 2348
624 2430
624 2541
624 2589
624 3152
624 3345
624 3400
624 5042
624 5231
624 5754
624 5986
624 6143
624 6181
624 8147
624 8259
624 8298
624 8502
624 8550
624 9038
624 9114
624 9257
624 9384
624 10284
624 11704
624 11773
624 11940
624 12029
624 12326
624 12552
624 13954
624 14092
624 14202
624 14231
624 15305
624 16687
624 17068
624 17138
624 17293
624 17445
625 227
625 1142
625 2101
625 2349
625 2431
625 2542
625 2590
625 3153
625 3346
625 3401
625 5043
625 5232
625 5755
625 5987
625 6144
625 6182
625 8148
625 8260
625 8299
625 8503
625 8551
625 9039
625 9115
625 9258
625 9385
625 10285
625 11705
625 11774
625 11941
625 12030
625 12327
625 12553
625 13955
625 14093
625 14203
625 14232
625 15306
625 16688
625 17069
625 17139
625 17294
625 17446
626 228
626 1143
626 2102
626 2350
626 2432
626 2543
626 2591
626 3154
626 3347
626 3402
626 5044
626 5233
626 5756
626 5988
626 6145
626 6183
626 8149
626 8261
626 8300
626 8504
626 8552
626 9040
626 9116
626 9259
626 9386
626 10286
626 11706
626 11775
626 11942
626 12031
626 12328
626 12554
626 13956
626 14094
626 14204
626 14233
626 15307
626 16577
626 17070
626 17140
626 17295
626 17447
627 229
627 1144
627 2103
627 2351
627 2433
627 2544
627 2592
627 3155
627 3348
627 3403
627 5045
627 5234
627 5757
627 5989
627 6146
627 6184
627 8150
627 8262
627 8301
627 8505
627 8553
627 9041
627 9117
627 9260
627 9387
627 10287
627 11707
627 11776
627 11943
627 12032
627 12329
627 12555
627 13957
627 14095
627 14205
627 14234
627 15308
627 16578
627 17071
627 17141
627 17296
627 17448
628 230
628 1145
628 2104
628 2352
628 2434
628 2545
628 2593
628 3156
628 3349
628 3404
628 5046
628 5235
628 5758
628 5990
628 6147
628 6185
628 8151
628 8263
628 8302
628 8506
628 8554
628 9042
628 9118
628 9261
628 9388
628 10288
628 11708
628 11777
628 11944
628 12033
628 12330
628 12556
628 13958
628 14096
628 14206
628 14235
628 15309
628 16579
628 17072
628 17142
628 17297
628 17449
629 231
629 1146
629 2105
629 2241
629 2435
629 2546
629 2594
629 3157
629 3350
629 3405
629 5047
629 5236
629 5759
629 5991
629 6148
629 6186
629 8152
629 8264
629 8303
629 8507
629 8555
629 9043
629 9119
629 9262
629 9389
629 10289
629 11709
629 11778
629 11945
629 12034
629 12331
629 12557
629 13959
629 14097
629 14207
629 14236
629 15310
629 16580
629 17073
629 17143
629 17298
629 17450
630 232
630 1147
630 2106
630 2242
630 2436
630 2547
630 2595
630 3158
630 3351
630 3406
630 5048
630 5237
630 5760
630 5992
630 6149
630 6187
630 8153
630 8265
630 8304
630 8508
630 8556
630 9044
630 9120
630 9263
630 9390
630 10290
630 11710
630 11779
630 11946
630 12035
630 12332
630 12558
630 13960
630 14098
630 14208
630 14237
630 15311
630 16581
630 17074
630 17144
630 17299
630 17451
631 233
631 1148
631 2107
631 2243
631 2437
631 2548
631 2596
631 3159
631 3352
631 3407
631 5049
631 5238
631 5761
631 5993
631 6150
631 6188
631 8154
631 8266
631 8305
631 8509
631 8557
631 9045
631 9121
631 9264
631 9391
631 10291
631 11711
631 11780
631 11947
631 12036
631 12333
631 12559
631 13961
631 14099
631 14209
631 14238
631 15312
631 16582
631 17075
631 17145
631 17300
631 17452
632 234
632 1149
632 2108
632 2244
632 2438
632 2549
632 2597
632 3160
632 3353
632 3408
632 5050
632 5239
632 5762
632 5994
632 6151
632 6189
632 8155
632 8267
632 8306
632 8510
632 8558
632 9046
632 9122
632 9265
632 9392
632 10292
632 11712
632 11781
632 11948
632 12037
632 12334
632 12560
632 13962
632 14100
632 14210
632 14239
632 15313
632 16583
632 17076
632 17146
632 17301
632 17453
633 235
633 1150
633 2109
633 2245
633 2439
633 2550
633 2598
633 3161
633 3354
633 3409
633 5051
633 5240
633 5763
633 5995
633 6152
633 6190
633 8156
633 8268
633 8307
633 8511
633 8559
633 9047
633 9123
633 9266
633 9393
633 10293
633 11713
633 11782
633 11949
633 12038
633 12335
633 12561
633 13963
633 14101
633 14211
633 14240
633 15314
633 16584
633 17077
633 17147
633 17302
633 17454
634 236
634 1151
634 2110
634 2246
634 2440
634 2551
634 2599
634 3162
634 3355
634 3410
634 5052
634 5241
634 5764
634 5996
634 6153
634 6191
634 8157
634 8269
634 8308
634 8512
634 8560
634 9048
634 9124
634 9267
634 9394
634 10294
634 11714
634 11783
634 11950
634 12039
634 12336
634 12562
634 13964
634 14102
634 14212
634 14241
634 15315
634 16585
634 17078
634 17148
634 17303
634 17455
635 237
635 1152
635 2111
635 2247
635 2441
635 2552
635 2600
635 3163
635 3356
635 3411
635 5053
635 5242
635 5765
635 5997
635 6154
635 6192
635 8158
635 8270
635 8309
635 8401
635 8561
635 9049
635 9125
635 9268
635 9395
635 10295
635 11715
635 11784
635 11951
635 12040
635 12337
635 12563
635 13965
635 14103
635 14213
635 14242
635 15316
635 16586
635 17079
635 17149
635 17304
635 17456
636 238
636 1153
636 2112
636 2248
636 2442
636 2553
636 2601
636 3164
636 3357
636 3412
636 5054
636 5243
636 5766
636 5998
636 6155
636 6193
636 8159
636 8271
636 8310
636 8402
636 8562
636 9050
636 9126
636 9269
636 9396
636 10296
636 11716
636 11785
636 11952
636 12041
636 12338
636 12564
636 13966
636 14104
636 14214
636 14243
636 15317
636 16587
636 17080
636 17150
636 17305
636 17457
637 239
637 1154
637 2113
637 2249
637 2443
637 2554
637 2602
637 3165
637 3358
637 3413
637 5055
637 5244
637 5767
637 5999
637 6156
637 6194
637 8160
637 8272
637 8311
637 8403
637 8563
637 9051
637 9127
637 9270
637 9397
637 10297
637 11717
637 11786
637 11953
637 12042
637 12339
637 12565
637 13967
637 14105
637 14215
637 14244
637 15318
637 16588
637 17081
637 17151
637 17306
637 17458
638 240
638 1155
638 2114
638 2250
638 2444
638 2555
638 2603
638 3166
638 3359
638 3414
638 5056
638 5245
638 5768
638 6000
638 6157
638 6195
638 8161
638 8273
638 8312
638 8404
638 8564
638 9052
638 9128
638 9271
638 9398
638 10298
638 11718
638 11787
638 11954
638 12043
638 12340
638 12566
638 13968
638 14106
638 14216
638 14245
638 15319
638 16589
638 17082
638 17152
638 17307
638 17459
639 241
639 1156
639 2115
639 2251
639 2445
639 2556
639 2604
639 3167
639 3360
639 3415
639 5057
639 5246
639 5769
639 6001
639 6158
639 6196
639 8162
639 8274
639 8313
639 8405
639 8565
639 9053
639 9129
639 9272
639 9399
639 10299
639 11719
639 11788
639 11955
639 12044
639 12341
639 12567
639 13969
639 14107
639 14217
639 14246
639 15320
639 16590
639 17083
639 17153
639 17308
639 17460
640 242
640 1157
640 2116
640 2252
640 2446
640 2557
640 2605
640 3168
640 3249
640 3416
640 5058
640 5247
640 5770
640 6002
640 6159
640 6197
640 8163
640 8275
640 8314
640 8406
640 8566
640 9054
640 9130
640 9273
640 9400
640 10300
640 11720
640 11789
640 11956
640 12045
640 12342
640 12568
640 13970
640 14108
640 14218
640 14247
640 15321
640 16591
640 17084
640 17154
640 17309
640 17461
641 243
641 1158
641 2117
641 2253
641 2447
641 2558
641 2606
641 3169
641 3250
641 3417
641 5059
641 5248
641 5771
641 6003
641 6160
641 6198
641 8164
641 8276
641 8315
641 8407
641 8567
641 9055
641 9131
641 9274
641 9401
641 10301
641 11721
641 11790
641 11957
641 12046
641 12343
641 12569
641 13971
641 14109
641 14219
641 14248
641 15322
641 16592
641 17085
641 17155
641 17310
641 17462
642 244
642 1159
642 2118
642 2254
642 2448
642 2559
642 2607
642 3170
642 3251
642 3418
642 5060
642 5249
642 5772
642 6004
642 6049
642 6199
642 8165
642 8277
642 8316
642 8408
642 8568
642 9056
642 9132
642 9275
642 9402
642 10302
642 11722
642 11791
642 11958
642 12047
642 12344
642 12570
642 13972
642 14110
642 14220
642 14249
642 15323
642 16593
642 17086
642 17156
642 17311
642 17463
643 245
643 1160
643 2119
643 2255
643 2449
643 2560
643 2608
643 3171
643 3252
643 3419
643 5061
643 5250
643 5773
643 6005
643 6050
643 6200
643 8166
643 8278
643 8317
643 8409
643 8569
643 9057
643 9133
643 9276
643 9403
643 10303
643 11723
643 11792
643 11959
643 12048
643 12345
643 12571
643 13973
643 14111
643 14221
643 14250
643 15324
643 16594
643 17087
643 17157
643 17312
643 17464
644 246
644 1161
644 2120
644 2256
644 2450
644 2561
644 2609
644 3172
644 3253
644 3420
644 5062
644 5251
644 5774
644 6006
644 6051
644 6201
644 8167
644 8279
644 8318
644 8410
644 8570
644 9058
644 9134
644 9277
644 9404
644 10304
644 11724
644 11793
644 11960
644 12049
644 12346
644 12572
644 13974
644 14112
644 14222
644 14251
644 15325
644 16595
644 17088
644 17158
644 17313
644 17465
645 247
645 1162
645 2121
645 2257
645 2451
645 2562
645 2610
645 3173
645 3254
645 3421
645 5063
645 5252
645 5775
645 6007
645 6052
645 6202
645 8168
645 8280
645 8319
645 8411
645 8571
645 9059
645 9135
645 9278
645 9405
645 10193
645 11725
645 11794
645 11961
645 12050
645 12347
645 12573
645 13975
645 14001
645 14223
645 14252
645 15326
645 16596
645 17089
645 17159
645 17314
645 17466
646 248
646 1163
646 2122
646 2258
646 2452
646 2563
646 2611
646 3174
646 3255
646 3422
646 5064
646 5253
646 5776
646 6008
646 6053
646 6203
646 8169
646 8281
646 8320
646 8412
646 8572
646 9060
646 9136
646 9279
646 9406
646 10194
646 11726
646 11795
646 11962
646 12051
646 12348
646 12574
646 13976
646 14002
646 14224
646 14253
646 15327
646 16597
646 17090
646 17160
646 17315
646 17467
647 249
647 1164
647 2123
647 2259
647 2453
647 2564
647 2612
647 3175
647 3256
647 3423
647 5065
647 5254
647 5777
647 6009
647 6054
647 6204
647 8170
647 8282
647 8321
647 8413
647 8573
647 9061
647 9137
647 9280
647 9407
647 10195
647 11727
647 11796
647 11963
647 12052
647 12349
647 12575
647 13977
647 14003
647 14113
647 14254
647 15328
647 16598
647 17091
647 17161
647 17316
647 17468
648 250
648 1165
648 2124
648 2260
648 2454
648 2565
648 2613
648 3176
648 3257
648 3424
648 5066
648 5255
648 5778
648 6010
648 6055
648 6205
648 8171
648 8283
648 8322
648 8414
648 8574
648 9062
648 9138
648 9281
648 9408
648 10196
648 11728
648 11797
648 11964
648 12053
648 12350
648 12576
648 13978
648 14004
648 14114
648 14255
648 15329
648 16599
648 17092
648 17162
648 17317
648 17469
649 251
649 1166
649 2125
649 2261
649 2455
649 2566
649 2614
649 3177
649 3258
649 3425
649 5067
649 5256
649 5779
649 6011
649 6056
649 6206
649 8172
649 8284
649 8323
649 8415
649 8575
649 9063
649 9139
649 9282
649 9297
649 10197
649 11729
649 11798
649 11965
649 12054
649 12351
649 12577
649 13979
649 14005
649 14115
649 14256
649 15330
649 16600
649 17093
649 17163
649 17318
649 17470
650 252
650 1167
650 2126
650 2262
650 2456
650 2567
650 2615
650 3178
650 3259
650 3426
650 5068
650 5257
650 5780
650 6012
650 6057
650 6207
650 8173
650 8285
650 8324
650 8416
650 8576
650 9064
650 9140
650 9283
650 9298
650 10198
650 11730
650 11799
650 11966
650 12055
650 12352
650 12578
650 13980
650 14006
650 14116
650 14257
650 15331
650 16601
650 17094
650 17164
650 17319
650 17471
651 253
651 1168
651 2127
651 2263
651 2457
651 2568
651 2616
651 3179
651 3260
651 3427
651 5069
651 5258
651 5781
651 6013
651 6058
651 6208
651 8174
651 8286
651 8325
651 8417
651 8577
651 9065
651 9141
651 9284
651 9299
651 10199
651 11731
651 11800
651 11967
651 12056
651 12353
651 12579
651 13981
651 14007
651 14117
651 14258
651 15332
651 16602
651 17095
651 17165
651 17320
651 17472
652 254
652 1169
652 2128
652 2264
652 2458
652 2569
652 2617
652 3180
652 3261
652 3428
652 5070
652 5259
652 5782
652 6014
652 6059
652 6209
652 8175
652 8287
652 8326
652 8418
652 8578
652 9066
652 9142
652 9285
652 9300
652 10200
652 11732
652 11801
652 11968
652 12057
652 12354
652 12580
652 13982
652 14008
652 14118
652 14259
652 15333
652 16603
652 17096
652 17166
652 17321
652 17361
653 255
653 1170
653 2017
653 2265
653 2459
653 2570
653 2618
653 3181
653 3262
653 3429
653 5071
653 5260
653 5783
653 6015
653 6060
653 6210
653 8176
653 8288
653 8327
653 8419
653 8579
653 9067
653 9143
653 9286
653 9301
653 10201
653 11733
653 11802
653 11969
653 12058
653 12355
653 12581
653 13983
653 14009
653 14119
653 14260
653 15334
653 16604
653 17097
653 17167
653 17322
653 17362
654 256
654 1171
654 2018
654 2266
654 2460
654 2571
654 2619
654 3182
654 3263
654 3430
654 5072
654 5261
654 5784
654 6016
654 6061
654 6211
654 8065
654 8177
654 8328
654 8420
654 8580
654 9068
654 9144
654 9287
654 9302
654 10202
654 11734
654 11803
654 11970
654 12059
654 12356
654 12582
654 13984
654 14010
654 14120
654 14261
654 15335
654 16605
654 17098
654 17168
654 17323
654 17363
655 257
655 1172
655 2019
655 2267
655 2461
655 2572
655 2620
655 3183
655 3264
655 3431
655 5073
655 5262
655 5785
655 6017
655 6062
655 6212
655 8066
655 8178
655 8329
655 8421
655 8581
655 9069
655 9145
655 9288
655 9303
655 10203
655 11735
655 11804
655 11971
655 12060
655 12357
655 12583
655 13985
655 14011
655 14121
655 14262
655 15336
655 16606
655 17099
655 17169
655 17324
655 17364
656 258
656 1173
656 2020
656 2268
656 2462
656 2573
656 2621
656 3184
656 3265
656 3432
656 5074
656 5263
656 5786
656 6018
656 6063
656 6213
656 8067
656 8179
656 8330
656 8422
656 8582
656 9070
656 9146
656 9289
656 9304
656 10204
656 11736
656 11805
656 11972
656 12061
656 12358
656 12584
656 13986
656 14012
656 14122
656 14263
656 15337
656 16607
656 17100
656 17170
656 17325
656 17365
657 259
657 1174
657 2021
657 2269
657 2463
657 2574
657 2622
657 3185
657 3266
657 3433
657 5075
657 5264
657 5787
657 6019
657 6064
657 6214
657 8068
657 8180
657 8331
657 8423
657 8583
657 9071
657 9147
657 9290
657 9305
657 10205
657 11737
657 11806
657 11973
657 12062
657 12359
657 12585
657 13987
657 14013
657 14123
657 14264
657 15338
657 16608
657 17101
657 17171
657 17326
657 17366
658 260
658 1175
658 2022
658 2270
658 2464
658 2575
658 2623
658 3186
658 3267
658 3434
658 5076
658 5153
658 5788
658 6020
658 6065
658 6215
658 8069
658 8181
658 8332
658 8424
658 8584
658 9072
658 9148
658 9291
658 9306
658 10206
658 11738
658 11807
658 11974
658 12063
658 12360
658 12586
658 13988
658 14014
658 14124
658 14265
658 15339
658 16609
658 17102
658 17172
658 17327
658 17367
659 261
659 1176
659 2023
659 2271
659 2353
659 2576
659 2624
659 3187
659 3268
659 3435
659 5077
659 5154
659 5789
659 6021
659 6066
659 6216
659 8070
659 8182
659 8333
659 8425
659 8585
659 8961
659 9149
659 9292
659 9307
659 10207
659 11739
659 11808
659 11975
659 12064
659 12361
659 12587
659 13989
659 14015
659 14125
659 14266
659 15340
659 16610
659 17103
659 17173
659 17328
659 17368
660 262
660 1177
660 2024
660 2272
660 2354
660 2465
660 2625
660 3188
660 3269
660 3436
660 5078
660 5155
660 5790
660 6022
660 6067
660 6217
660 8071
660 8183
660 8334
660 8426
660 8586
660 8962
660 9150
660 9293
660 9308
660 10208
660 11740
660 11809
660 11976
660 12065
660 12362
660 12588
660 13990
660 14016
660 14126
660 14267
660 15341
660 16611
660 17104
660 17174
660 17329
660 17369
661 263
661 1178
661 2025
661 2273
661 2355
661 2466
661 2626
661 3189
661 3270
661 3437
661 5079
661 5156
661 5791
661 6023
661 6068
661 6218
661 8072
661 8184
661 8335
661 8427
661 8587
661 8963
661 9151
661 9294
661 9309
661 10209
661 11741
661 11810
661 11977
661 12066
661 12363
661 12589
661 13991
661 14017
661 14127
661 14268
661 15342
661 16612
661 17105
661 17175
661 17330
661 17370
662 264
662 1179
662 2026
662 2274
662 2356
662 2467
662 2627
662 3190
662 3271
662 3438
662 5080
662 5157
662 5792
662 6024
662 6069
662 6219
662 8073
662 8185
662 8336
662 8428
662 8588
662 8964
662 9152
662 9295
662 9310
662 10210
662 11742
662 11811
662 11978
662 12067
662 12364
662 12590
662 13992
662 14018
662 14128
662 14269
662 15343
662 16613
662 17106
662 17176
662 17331
662 17371
663 265
663 1180
663 2027
663 2275
663 2357
663 2468
663 2628
663 3191
663 3272
663 3439
663 5081
663 5158
663 5793
663 6025
663 6070
663 6220
663 8074
663 8186
663 8337
663 8429
663 8589
663 8965
663 9153
663 9296
663 9311
663 10211
663 11743
663 11812
663 11979
663 12068
663 12365
663 12591
663 13993
663 14019
663 14129
663 14270
663 15344
663 16614
663 17107
663 17177
663 17332
663 17372
664 266
664 1181
664 2028
664 2276
664 2358
664 2469
664 2629
664 3192
664 3273
664 3440
664 5082
664 5159
664 5794
664 6026
664 6071
664 6221
664 8075
664 8187
664 8338
664 8430
664 8590
664 8966
664 9154
664 9185
664 9312
664 10212
664 11744
664 11813
664 11980
664 12069
664 12366
664 12592
664 13994
664 14020
664 14130
664 14271
664 15233
664 16615
664 17108
664 17178
664 17333
664 17373
665 267
665 1182
665 2029
665 2277
665 2359
665 2470
665 2630
665 3193
665 3274
665 3441
665 5083
665 5160
665 5795
665 6027
665 6072
665 6222
665 8076
665 8188
665 8339
665 8431
665 8591
665 8967
665 9155
665 9186
665 9313
665 10213
665 11745
665 11814
665 11981
665 12070
665 12367
665 12593
665 13995
665 14021
665 14131
665 14272
665 15234
665 16616
665 17109
665 17179
665 17334
665 17374
666 268
666 1183
666 2030
666 2278
666 2360
666 2471
666 2631
666 3194
666 3275
666 3442
666 5084
666 5161
666 5796
666 6028
666 6073
666 6223
666 8077
666 8189
666 8340
666 8432
666 8592
666 8968
666 9156
666 9187
666 9314
666 10214
666 11746
666 11815
666 11982
666 12071
666 12368
666 12594
666 13996
666 14022
666 14132
666 14273
666 15235
666 16617
666 17110
666 17180
666 17335
666 17375
667 269
667 1184
667 2031
667 2279
667 2361
667 2472
667 2632
667 3195
667 3276
667 3443
667 5085
667 5162
667 5797
667 6029
667 6074
667 6224
667 8078
667 8190
667 8341
667 8433
667 8593
667 8969
667 9157
667 9188
667 9315
667 10215
667 11747
667 11816
667 11983
667 12072
667 12369
667 12595
667 13997
667 14023
667 14133
667 14274
667 15236
667 16618
667 17111
667 17181
667 17336
667 17376
668 270
668 1185
668 2032
668 2280
668 2362
668 2473
668 2633
668 3196
668 3277
668 3444
668 5086
668 5163
668 5798
668 6030
668 6075
668 6225
668 8079
668 8191
668 8342
668 8434
668 8594
668 8970
668 9158
668 9189
668 9316
668 10216
668 11748
668 11817
668 11984
668 12073
668 12370
668 12596
668 13998
668 14024
668 14134
668 14275
668 15237
668 16619
668 17112
668 17182
668 17337
668 17377
669 271
669 1186
669 2033
669 2281
669 2363
669 2474
669 2634
669 3197
669 3278
669 3445
669 5087
669 5164
669 5799
669 6031
669 6076
669 6226
669 8080
669 8192
669 8343
669 8435
669 8595
669 8971
669 9159
669 9190
669 9317
669 10217
669 11749
669 11818
669 11873
669 12074
669 12371
669 12597
669 13999
669 14025
669 14135
669 14276
669 15238
669 16620
669 17113
669 17183
669 17338
669 17378
670 272
670 1187
670 2034
670 2282
670 2364
670 2475
670 2635
670 3198
670 3279
670 3446
670 5088
670 5165
670 5800
670 6032
670 6077
670 6227
670 8081
670 8193
670 8344
670 8436
670 8596
670 8972
670 9160
670 9191
670 9318
670 10218
670 11750
670 11819
670 11874
670 12075
670 12372
670 12598
670 14000
670 14026
670 14136
670 14277
670 15239
670 16621
670 17114
670 17184
670 17339
670 17379
671 273
671 1188
671 2035
671 2283
671 2365
671 2476
671 2636
671 3199
671 3280
671 3447
671 5089
671 5166
671 5801
671 6033
671 6078
671 6228
671 8082
671 8194
671 8345
671 8437
671 8597
671 8973
671 9161
671 9192
671 9319
671 10219
671 11751
671 11820
671 11875
671 12076
671 12373
671 12599
671 13889
671 14027
671 14137
671 14278
671 15240
671 16622
671 17115
671 17185
671 17340
671 17380
672 274
672 1189
672 2036
672 2284
672 2366
672 2477
672 2637
672 3200
672 3281
672 3448
672 5090
672 5167
672 5802
672 6034
672 6079
672 6229
672 8083
672 8195
672 8346
672 8438
672 8598
672 8974
672 9162
672 9193
672 9320
672 10220
672 11752
672 11821
672 11876
672 12077
672 12374
672 12600
672 13890
672 14028
672 14138
672 14279
672 15241
672 16623
672 17116
672 17186
672 17341
672 17381
673 351
673 1325
673 2152
673 2247
673 2396
673 2546
673 2685
673 3330
673 3421
673 3494
673 5204
673 5327
673 5476
673 5886
673 6150
673 6223
673 8089
673 8222
673 8353
673 8448
673 8730
673 9033
673 9137
673 9253
673 9306
673 9951
673 11751
673 11838
673 11938
673 12074
673 12515
673 12705
673 13954
673 14095
673 14214
673 14323
673 15376
673 16755
673 17135
673 17201
673 17270
673 17381
674 352
674 1326
674 2153
674 2248
674 2397
674 2547
674 2686
674 3331
674 3422
674 3495
674 5205
674 5328
674 5477
674 5887
674 6151
674 6224
674 8090
674 8223
674 8354
674 8449
674 8731
674 9034
674 9138
674 9254
674 9307
674 9952
674 11752
674 11839
674 11939
674 12075
674 12516
674 12706
674 13955
674 14096
674 14215
674 14324
674 15377
674 16756
674 17136
674 17202
674 17271
674 17382
675 353
675 1327
675 2154
675 2249
675 2398
675 2548
675 2687
675 3332
675 3423
675 3496
675 5206
675 5329
675 5478
675 5888
675 6152
675 6225
675 8091
675 8224
675 8355
675 8450
675 8732
675 9035
675 9139
675 9255
675 9308
675 9953
675 11753
675 11840
675 11940
675 12076
675 12517
675 12707
675 13956
675 14097
675 14216
675 14325
675 15378
675 16757
675 17025
675 17203
675 17272
675 17383
676 354
676 1328
676 2155
676 2250
676 2399
676 2549
676 2688
676 3333
676 3424
676 3497
676 5207
676 5330
676 5479
676 5889
676 6153
676 6226
676 8092
676 8225
676 8356
676 8451
676 8733
676 9036
676 9140
676 9256
676 9309
676 9954
676 11754
676 11841
676 11941
676 12077
676 12518
676 12708
676 13957
676 14098
676 14217
676 14326
676 15379
676 16758
676 17026
676 17204
676 17273
676 17384
677 355
677 1329
677 2156
677 2251
677 2400
677 2550
677 2577
677 3334
677 3425
677 3498
677 5208
677 5331
677 5480
677 5890
677 6154
677 6227
677 8093
677 8226
677 8357
677 8452
677 8734
677 9037
677 9141
677 9257
677 9310
677 9955
677 11755
677 11842
677 11942
677 12078
677 12519
677 12709
677 13958
677 14099
677 14218
677 14327
677 15380
677 16759
677 17027
677 17205
677 17274
677 17385
678 356
678 1330
678 2157
678 2252
678 2401
678 2551
678 2578
678 3335
678 3426
678 3499
678 5209
678 5332
678 5481
678 5891
678 6155
678 6228
678 8094
678 8227
678 8358
678 8453
678 8735
678 9038
678 9142
678 9258
678 9311
678 9956
678 11756
678 11843
678 11943
678 12079
678 12520
678 12710
678 13959
678 14100
678 14219
678 14328
678 15381
678 16760
678 17028
678 17206
678 17275
678 17386
679 357
679 1331
679 2158
679 2253
679 2402
679 2552
679 2579
679 3336
679 3427
679 3500
679 5210
679 5333
679 5482
679 5892
679 6156
679 6229
679 8095
679 8228
679 8359
679 8454
679 8736
679 9039
679 9143
679 9259
679 9312
679 9957
679 11757
679 11844
679 11944
679 12080
679 12521
679 12711
679 13960
679 14101
679 14220
679 14329
679 15382
679 16761
679 17029
679 17207
679 17276
679 17387
680 358
680 1332
680 2159
680 2254
680 2403
680 2553
680 2580
680 3337
680 3428
680 3501
680 5211
680 5334
680 5483
680 5893
680 6157
680 6230
680 8096
680 8229
680 8360
680 8455
680 8625
680 9040
680 9144
680 9260
680 9313
680 9958
680 11758
680 11845
680 11945
680 12081
680 12522
680 12712
680 13961
680 14102
680 14221
680 14330
680 15383
680 16762
680 17030
680 17208
680 17277
680 17388
681 359
681 1333
681 2160
681 2255
681 2404
681 2554
681 2581
681 3338
681 3429
681 3502
681 5212
681 5335
681 5484
681 5894
681 6158
681 6231
681 8097
681 8230
681 8361
681 8456
681 8626
681 9041
681 9145
681 9261
681 9314
681 9959
681 11759
681 11846
681 11946
681 12082
681 12523
681 12713
681 13962
681 14103
681 14222
681 14331
681 15384
681 16763
681 17031
681 17209
681 17278
681 17389
682 360
682 1334
682 2161
682 2256
682 2405
682 2555
682 2582
682 3339
682 3430
682 3503
682 5213
682 5336
682 5485
682 5895
682 6159
682 6232
682 8098
682 8231
682 8362
682 8457
682 8627
682 9042
682 9146
682 9262
682 9315
682 9960
682 11760
682 11847
682 11947
682 12083
682 12524
682 12714
682 13963
682 14104
682 14223
682 14332
682 15385
682 16764
682 17032
682 17210
682 17279
682 17390
683 361
683 1335
683 2162
683 2257
683 2406
683 2556
683 2583
683 3340
683 3431
683 3504
683 5214
683 5337
683 5486
683 5896
683 6160
683 6233
683 8099
683 8232
683 8363
683 8458
683 8628
683 9043
683 9147
683 9263
683 9316
683 9961
683 11649
683 11848
683 11948
683 12084
683 12525
683 12715
683 13964
683 14105
683 14224
683 14333
683 15386
683 16765
683 17033
683 17211
683 17280
683 17391
684 362
684 1336
684 2163
684 2258
684 2407
684 2557
684 2584
684 3341
684 3432
684 3505
684 5215
684 5338
684 5487
684 5897
684 6049
684 6234
684 8100
684 8233
684 8364
684 8459
684 8629
684 9044
684 9148
684 9264
684 9317
684 9962
684 11650
684 11849
684 11949
684 12085
684 12526
684 12716
684 13965
684 14106
684 14113
684 14334
684 15387
684 16766
684 17034
684 17212
684 17281
684 17392
685 363
685 1337
685 2164
685 2259
685 2408
685 2558
685 2585
685 3342
685 3433
685 3506
685 5216
685 5339
685 5488
685 5898
685 6050
685 6235
685 8101
685 8234
685 8365
685 8460
685 8630
685 9045
685 9149
685 9265
685 9318
685 9963
685 11651
685 11850
685 11950
685 12086
685 12527
685 12717
685 13966
685 14107
685 14114
685 14335
685 15388
685 16767
685 17035
685 17213
685 17282
685 17393
686 364
686 1338
686 2165
686 2260
686 2409
686 2559
686 2586
686 3343
686 3434
686 3507
686 5217
686 5340
686 5377
686 5899
686 6051
686 6236
686 8102
686 8235
686 8366
686 8461
686 8631
686 9046
686 9150
686 9266
686 9319
686 9964
686 11652
686 11851
686 11951
686 12087
686 12528
686 12718
686 13967
686 14108
686 14115
686 14336
686 15389
686 16768
686 17036
686 17214
686 17283
686 17394
687 365
687 1339
687 2166
687 2261
687 2410
687 2560
687 2587
687 3344
687 3435
687 3508
687 5218
687 5341
687 5378
687 5900
687 6052
687 6237
687 8103
687 8236
687 8367
687 8462
687 8632
687 9047
687 9151
687 9267
687 9320
687 9965
687 11653
687 11852
687 11952
687 12088
687 12529
687 12719
687 13968
687 14109
687 14116
687 14225
687 15390
687 16769
687 17037
687 17215
687 17284
687 17395
688 366
688 1340
688 2167
688 2262
688 2411
688 2561
688 2588
688 3345
688 3436
688 3509
688 5219
688 5342
688 5379
688 5901
688 6053
688 6238
688 8104
688 8237
688 8368
688 8463
688 8633
688 9048
688 9152
688 9268
688 9321
688 9966
688 11654
688 11853
688 11953
688 12089
688 12530
688 12720
688 13969
688 14110
688 14117
688 14226
688 15391
688 16770
688 17038
688 17216
688 17285
688 17396
689 367
689 1341
689 2168
689 2263
689 2412
689 2562
689 2589
689 3346
689 3437
689 3510
689 5220
689 5343
689 5380
689 5902
689 6054
689 6239
689 8105
689 8238
689 8369
689 8464
689 8634
689 9049
689 9153
689 9269
689 9322
689 9967
689 11655
689 11854
689 11954
689 12090
689 12531
689 12721
689 13970
689 14111
689 14118
689 14227
689 15392
689 16771
689 17039
689 17217
689 17286
689 17397
690 368
690 1342
690 2169
690 2264
690 2413
690 2563
690 2590
690 3347
690 3438
690 3511
690 5221
690 5344
690 5381
690 5903
690 6055
690 6240
690 8106
690 8239
690 8370
690 8465
690 8635
690 9050
690 9154
690 9270
690 9323
690 9968
690 11656
690 11855
690 11955
690 12091
690 12532
690 12722
690 13971
690 14112
690 14119
690 14228
690 15393
690 16772
690 17040
690 17218
690 17287
690 17398
691 369
691 1343
691 2170
691 2265
691 2414
691 2564
691 2591
691 3348
691 3439
691 3512
691 5222
691 5345
691 5382
691 5904
691 6056
691 6241
691 8107
691 8240
691 8371
691 8466
691 8636
691 9051
691 9155
691 9271
691 9324
691 9857
691 11657
691 11856
691 11956
691 12092
691 12533
691 12723
691 13972
691 14001
691 14120
691 14229
691 15394
691 16773
691 17041
691 17219
691 17288
691 17399
692 370
692 1344
692 2171
692 2266
692 2415
692 2565
692 2592
692 3349
692 3440
692 3513
692 5223
692 5346
692 5383
692 5905
692 6057
692 6242
692 8108
692 8241
692 8372
692 8467
692 8637
692 9052
692 9156
692 9272
692 9325
692 9858
692 11658
692 11857
692 11957
692 12093
692 12534
692 12724
692 13973
692 14002
692 14121
692 14230
692 15395
692 16774
692 17042
692 17220
692 17289
692 17400
693 371
693 1233
693 2172
693 2267
693 2416
693 2566
693 2593
693 3350
693 3441
693 3514
693 5224
693 5347
693 5384
693 5906
693 6058
693 6243
693 8109
693 8242
693 8373
693 8468
693 8638
693 9053
693 9157
693 9273
693 9326
693 9859
693 11659
693 11858
693 11958
693 12094
693 12535
693 12725
693 13974
693 14003
693 14122
693 14231
693 15396
693 16775
693 17043
693 17221
693 17290
693 17401
694 372
694 1234
694 2173
694 2268
694 2417
694 2567
694 2594
694 3351
694 3442
694 3515
694 5225
694 5348
694 5385
694 5907
694 6059
694 6244
694 8110
694 8243
694 8374
694 8469
694 8639
694 9054
694 9158
694 9274
694 9327
694 9860
694 11660
694 11859
694 11959
694 12095
694 12536
694 12726
694 13975
694 14004
694 14123
694 14232
694 15397
694 16776
694 17044
694 17222
694 17291
694 17402
695 373
695 1235
695 2174
695 2269
695 2418
695 2568
695 2595
695 3352
695 3443
695 3516
695 5226
695 5349
695 5386
695 5908
695 6060
695 6245
695 8111
695 8244
695 8375
695 8470
695 8640
695 9055
695 9159
695 9275
695 9328
695 9861
695 11661
695 11860
695 11960
695 12096
695 12537
695 12727
695 13976
695 14005
695 14124
695 14233
695 15398
695 16777
695 17045
695 17223
695 17292
695 17403
696 374
696 1236
696 2175
696 2270
696 2419
696 2569
696 2596
696 3353
696 3444
696 3517
696 5227
696 5350
696 5387
696 5909
696 6061
696 6246
696 8112
696 8245
696 8376
696 8471
696 8641
696 9056
696 9160
696 9276
696 9329
696 9862
696 11662
696 11861
696 11961
696 11985
696 12538
696 12728
696 13977
696 14006
696 14125
696 14234
696 15399
696 16778
696 17046
696 17224
696 17293
696 17404
697 375
697 1237
697 2176
697 2271
697 2420
697 2570
697 2597
697 3354
697 3445
697 3518
697 5228
697 5351
697 5388
697 5910
697 6062
697 6247
697 8113
697 8246
697 8377
697 8472
697 8642
697 9057
697 9161
697 9277
697 9330
697 9863
697 11663
697 11862
697 11962
697 11986
697 12539
697 12729
697 13978
697 14007
697 14126
697 14235
697 15400
697 16779
697 17047
697 17225
697 17294
697 17405
698 376
698 1238
698 2177
698 2272
698 2421
698 2571
698 2598
698 3355
698 3446
698 3519
698 5229
698 5352
698 5389
698 5911
698 6063
698 6248
698 8114
698 8247
698 8378
698 8473
698 8643
698 9058
698 9162
698 9278
698 9331
698 9864
698 11664
698 11863
698 11963
698 11987
698 12540
698 12730
698 13979
698 14008
698 14127
698 14236
698 15401
698 16780
698 17048
698 17226
698 17295
698 17406
699 377
699 1239
699 2178
699 2273
699 2422
699 2572
699 2599
699 3356
699 3447
699 3520
699 5230
699 5353
699 5390
699 5912
699 6064
699 6249
699 8115
699 8248
699 8379
699 8474
699 8644
699 9059
699 9163
699 9279
699 9332
699 9865
699 11665
699 11864
699 11964
699 11988
699 12541
699 12731
699 13980
699 14009
699 14128
699 14237
699 15402
699 16781
699 17049
699 17227
699 17296
699 17407
700 378
700 1240
700 2179
700 2274
700 2423
700 2573
700 2600
700 3357
700 3448
700 3521
700 5231
700 5354
700 5391
700 5913
700 6065
700 6250
700 8116
700 8249
700 8380
700 8475
700 8645
700 9060
700 9164
700 9280
700 9333
700 9866
700 11666
700 11865
700 11965
700 11989
700 12542
700 12732
700 13981
700 14010
700 14129
700 14238
700 15403
700 16782
700 17050
700 17228
700 17297
700 17408
701 379
701 1241
701 2180
701 2275
701 2424
701 2574
701 2601
701 3358
701 3449
701 3522
701 5232
701 5355
701 5392
701 5914
701 6066
701 6251
701 8117
701 8250
701 8381
701 8476
701 8646
701 9061
701 9165
701 9281
701 9334
701 9867
701 11667
701 11866
701 11966
701 11990
701 12543
701 12733
701 13982
701 14011
701 14130
701 14239
701 15404
701 16783
701 17051
701 17229
701 17298
701 17409
702 380
702 1242
702 2181
702 2276
702 2425
702 2575
702 2602
702 3359
702 3450
702 3523
702 5233
702 5356
702 5393
702 5915
702 6067
702 6252
702 8118
702 8251
702 8382
702 8477
702 8647
702 9062
702 9166
702 9282
702 9335
702 9868
702 11668
702 11867
702 11967
702 11991
702 12544
702 12734
702 13983
702 14012
702 14131
702 14240
702 15405
702 16784
702 17052
702 17230
702 17299
702 17410
703 381
703 1243
703 2182
703 2277
703 2426
703 2576
703 2603
703 3360
703 3451
703 3524
703 5234
703 5357
703 5394
703 5916
703 6068
703 6253
703 8119
703 8252
703 8383
703 8478
703 8648
703 9063
703 9167
703 9283
703 9336
703 9869
703 11669
703 11868
703 11968
703 11992
703 12433
703 12735
703 13984
703 14013
703 14132
703 14241
703 15406
703 16785
703 17053
703 17231
703 17300
703 17411
704 382
704 1244
704 2183
704 2278
704 2427
704 2465
704 2604
704 3249
704 3452
704 3525
704 5235
704 5358
704 5395
704 5917
704 6069
704 6254
704 8120
704 8253
704 8384
704 8479
704 8649
704 9064
704 9168
704 9284
704 9337
704 9870
704 11670
704 11869
704 11969
704 11993
704 12434
704 12736
704 13985
704 14014
704 14133
704 14242
704 15407
704 16786
704 17054
704 17232
704 17301
704 17412
705 383
705 1245
705 2184
705 2279
705 2428
705 2466
705 2605
705 3250
705 3453
705 3526
705 5236
705 5359
705 5396
705 5918
705 6070
705 6255
705 8121
705 8254
705 8385
705 8480
705 8650
705 9065
705 9169
705 9285
705 9338
705 9871
705 11671
705 11870
705 11970
705 11994
705 12435
705 12737
705 13986
705 14015
705 14134
705 14243
705 15408
705 16787
705 17055
705 17233
705 17302
705 17413
706 384
706 1246
706 2185
706 2280
706 2429
706 2467
706 2606
706 3251
706 3454
706 3527
706 5237
706 5360
706 5397
706 5919
706 6071
706 6256
706 8122
706 8255
706 8386
706 8481
706 8651
706 9066
706 9170
706 9286
706 9339
706 9872
706 11672
706 11871
706 11971
706 11995
706 12436
706 12738
706 13987
706 14016
706 14135
706 14244
706 15409
706 16788
706 17056
706 17234
706 17303
706 17414
707 385
707 1247
707 2186
707 2281
707 2430
707 2468
707 2607
707 3252
707 3455
707 3528
707 5238
707 5361
707 5398
707 5920
707 6072
707 6257
707 8123
707 8256
707 8387
707 8482
707 8652
707 9067
707 9171
707 9287
707 9340
707 9873
707 11673
707 11872
707 11972
707 11996
707 12437
707 12739
707 13988
707 14017
707 14136
707 14245
707 15410
707 16789
707 17057
707 17235
707 17304
707 17415
708 386
708 1248
708 2187
708 2282
708 2431
708 2469
708 2608
708 3253
708 3456
708 3529
708 5239
708 5362
708 5399
708 5921
708 6073
708 6258
708 8124
708 8257
708 8388
708 8483
708 8653
708 9068
708 9172
708 9288
708 9341
708 9874
708 11674
708 11761
708 11973
708 11997
708 12438
708 12740
708 13989
708 14018
708 14137
708 14246
708 15411
708 16790
708 17058
708 17236
708 17305
708 17416
709 387
709 1249
709 2188
709 2283
709 2432
709 2470
709 2609
709 3254
709 3457
709 3530
709 5240
709 5363
709 5400
709 5922
709 6074
709 6259
709 8125
709 8258
709 8389
709 8484
709 8654
709 9069
709 9173
709 9289
709 9342
709 9875
709 11675
709 11762
709 11974
709 11998
709 12439
709 12741
709 13990
709 14019
709 14138
709 14247
709 15412
709 16791
709 17059
709 17237
709 17306
709 17417
710 388
710 1250
710 2189
710 2284
710 2433
710 2471
710 2610
710 3255
710 3458
710 3531
710 5241
710 5364
710 5401
710 5923
710 6075
710 6260
710 8126
710 8259
710 8390
710 8485
710 8655
710 9070
710 9174
710 9290
710 9343
710 9876
710 11676
710 11763
710 11975
710 11999
710 12440
710 12742
710 13991
710 14020
710 14139
710 14248
710 15413
710 16792
710 17060
710 17238
710 17307
710 17418
711 389
711 1251
711 2190
711 2285
711 2434
711 2472
711 2611
711 3256
711 3459
711 3532
711 5242
711 5365
711 5402
711 5924
711 6076
711 6261
711 8127
711 8260
711 8391
711 8486
711 8656
711 9071
711 9175
711 9291
711 9344
711 9877
711 11677
711 11764
711 11976
711 12000
711 12441
711 12743
711 13992
711 14021
711 14140
711 14249
711 15414
711 16793
711 17061
711 17239
711 17308
711 17419
712 390
712 1252
712 2191
712 2286
712 2435
712 2473
712 2612
712 3257
712 3460
712 3533
712 5243
712 5366
712 5403
712 5925
712 6077
712 6262
712 8128
712 8261
712 8392
712 8487
712 8657
712 9072
712 9176
712 9292
712 9345
712 9878
712 11678
712 11765
712 11977
712 12001
712 12442
712 12744
712 13993
712 14022
712 14141
712 14250
712 15415
712 16794
712 17062
712 17240
712 17309
712 17420
713 391
713 1253
713 2192
713 2287
713 2436
713 2474
713 2613
713 3258
713 3461
713 3534
713 5244
713 5367
713 5404
713 5926
713 6078
713 6263
713 8129
713 8262
713 8393
713 8488
713 8658
713 8961
713 9177
713 9293
713 9346
713 9879
713 11679
713 11766
713 11978
713 12002
713 12443
713 12745
713 13994
713 14023
713 14142
713 14251
713 15416
713 16795
713 17063
713 17241
713 17310
713 17421
714 392
714 1254
714 2193
714 2288
714 2437
714 2475
714 2614
714 3259
714 3462
714 3535
714 5245
714 5368
714 5405
714 5927
714 6079
714 6264
714 8130
714 8263
714 8394
714 8489
714 8659
714 8962
714 9178
714 9294
714 9347
714 9880
714 11680
714 11767
714 11979
714 12003
714 12444
714 12746
714 13995
714 14024
714 14143
714 14252
714 15417
714 16796
714 17064
714 17242
714 17311
714 17422
715 393
715 1255
715 2194
715 2289
715 2438
715 2476
715 2615
715 3260
715 3463
715 3536
715 5246
715 5369
715 5406
715 5928
715 6080
715 6265
715 8131
715 8264
715 8395
715 8490
715 8660
715 8963
715 9179
715 9295
715 9348
715 9881
715 11681
715 11768
715 11980
715 12004
715 12445
715 12747
715 13996
715 14025
715 14144
715 14253
715 15418
715 16797
715 17065
715 17243
715 17312
715 17423
716 394
716 1256
716 2195
716 2290
716 2439
716 2477
716 2616
716 3261
716 3464
716 3537
716 5247
716 5370
716 5407
716 5929
716 6081
716 6266
716 8132
716 8265
716 8396
716 8491
716 8661
716 8964
716 9180
716 9296
716 9349
716 9882
716 11682
716 11769
716 11981
716 12005
716 12446
716 12748
716 13997
716 14026
716 14145
716 14254
716 15419
716 16798
716 17066
716 17244
716 17313
716 17424
717 395
717 1257
717 2196
717 2291
717 2440
717 2478
717 2617
717 3262
717 3465
717 3538
717 5248
717 5371
717 5408
717 5930
717 6082
717 6267
717 8133
717 8266
717 8397
717 8492
717 8662
717 8965
717 9181
717 9185
717 9350
717 9883
717 11683
717 11770
717 11982
717 12006
717 12447
717 12749
717 13998
717 14027
717 14146
717 14255
717 15420
717 16799
717 17067
717 17245
717 17314
717 17425
718 396
718 1258
718 2197
718 2292
718 2441
718 2479
718 2618
718 3263
718 3466
718 3539
718 5249
718 5372
718 5409
718 5931
718 6083
718 6268
718 8134
718 8267
718 8398
718 8493
718 8663
718 8966
718 9182
718 9186
718 9351
718 9884
718 11684
718 11771
718 11983
718 12007
718 12448
718 12750
718 13999
718 14028
718 14147
718 14256
718 15421
718 16800
718 17068
718 17246
718 17315
718 17426
719 397
719 1259
719 2198
719 2293
719 2442
719 2480
719 2619
719 3264
719 3467
719 3540
719 5250
719 5373
719 5410
719 5932
719 6084
719 6269
719 8135
719 8268
719 8399
719 8494
719 8664
719 8967
719 9183
719 9187
719 9352
719 9885
719 11685
719 11772
719 11984
719 12008
719 12449
719 12751
719 14000
719 14029
719 14148
719 14257
719 15422
719 16689
719 17069
719 17247
719 17316
719 17427
720 398
720 1260
720 2199
720 2294
720 2443
720 2481
720 2620
720 3265
720 3468
720 3541
720 5251
720 5374
720 5411
720 5933
720 6085
720 6270
720 8136
720 8269
720 8400
720 8495
720 8665
720 8968
720 9184
720 9188
720 9353
720 9886
720 11686
720 11773
720 11873
720 12009
720 12450
720 12752
720 13889
720 14030
720 14149
720 14258
720 15423
720 16690
720 17070
720 17248
720 17317
720 17428
721 399
721 1261
721 2200
721 2295
721 2444
721 2482
721 2621
721 3266
721 3469
721 3542
721 5252
721 5375
721 5412
721 5934
721 6086
721 6271
721 8137
721 8270
721 8289
721 8496
721 8666
721 8969
721 9073
721 9189
721 9354
721 9887
721 11687
721 11774
721 11874
721 12010
721 12451
721 12753
721 13890
721 14031
721 14150
721 14259
721 15424
721 16691
721 17071
721 17137
721 17318
721 17429
722 400
722 1262
722 2201
722 2296
722 2445
722 2483
722 2622
722 3267
722 3470
722 3543
722 5253
722 5376
722 5413
722 5935
722 6087
722 6272
722 8138
722 8271
722 8290
722 8497
722 8667
722 8970
722 9074
722 9190
722 9355
722 9888
722 11688
722 11775
722 11875
722 12011
722 12452
722 12754
722 13891
722 14032
722 14151
722 14260
722 15425
722 16692
722 17072
722 17138
722 17319
722 17430
723 401
723 1263
723 2202
723 2297
723 2446
723 2484
723 2623
723 3268
723 3471
723 3544
723 5254
723 5265
723 5414
723 5936
723 6088
723 6161
723 8139
723 8272
723 8291
723 8498
723 8668
723 8971
723 9075
723 9191
723 9356
723 9889
723 11689
723 11776
723 11876
723 12012
723 12453
723 12755
723 13892
723 14033
723 14152
723 14261
723 15426
723 16693
723 17073
723 17139
723 17320
723 17431
724 402
724 1264
724 2203
724 2298
724 2447
724 2485
724 2624
724 3269
724 3472
724 3545
724 5255
724 5266
724 5415
724 5825
724 6089
724 6162
724 8140
724 8273
724 8292
724 8499
724 8669
724 8972
724 9076
724 9192
724 9357
724 9890
724 11690
724 11777
724 11877
724 12013
724 12454
724 12756
724 13893
724 14034
724 14153
724 14262
724 15427
724 16694
724 17074
724 17140
724 17321
724 17432
725 403
725 1265
725 2204
725 2299
725 2448
725 2486
725 2625
725 3270
725 3361
725 3546
725 5256
725 5267
725 5416
725 5826
725 6090
725 6163
725 8141
725 8274
725 8293
725 8500
725 8670
725 8973
725 9077
725 9193
725 9358
725 9891
725 11691
725 11778
725 11878
725 12014
725 12455
725 12757
725 13894
725 14035
725 14154
725 14263
725 15428
725 16695
725 17075
725 17141
725 17322
725 17433
726 404
726 1266
726 2205
726 2300
726 2449
726 2487
726 2626
726 3271
726 3362
726 3547
726 5257
726 5268
726 5417
726 5827
726 6091
726 6164
726 8142
726 8275
726 8294
726 8501
726 8671
726 8974
726 9078
726 9194
726 9359
726 9892
726 11692
726 11779
726 11879
726 12015
726 12456
726 12758
726 13895
726 14036
726 14155
726 14264
726 15429
726 16696
726 17076
726 17142
726 17323
726 17434
727 405
727 1267
727 2206
727 2301
727 2450
727 2488
727 2627
727 3272
727 3363
727 3548
727 5258
727 5269
727 5418
727 5828
727 6092
727 6165
727 8143
727 8276
727 8295
727 8502
727 8672
727 8975
727 9079
727 9195
727 9360
727 9893
727 11693
727 11780
727 11880
727 12016
727 12457
727 12759
727 13896
727 14037
727 14156
727 14265
727 15430
727 16697
727 17077
727 17143
727 17324
727 17435
728 406
728 1268
728 2207
728 2302
728 2451
728 2489
728 2628
728 3273
728 3364
728 3549
728 5259
728 5270
728 5419
728 5829
728 6093
728 6166
728 8144
728 8277
728 8296
728 8503
728 8673
728 8976
728 9080
728 9196
728 9361
728 9894
728 11694
728 11781
728 11881
728 12017
728 12458
728 12760
728 13897
728 14038
728 14157
728 14266
728 15431
728 16698
728 17078
728 17144
728 17325
728 17436
729 407
729 1269
729 2208
729 2303
729 2452
729 2490
729 2629
729 3274
729 3365
729 3550
729 5260
729 5271
729 5420
729 5830
729 6094
729 6167
729 8145
729 8278
729 8297
729 8504
729 8674
729 8977
729 9081
729 9197
729 9362
729 9895
729 11695
729 11782
729 11882
729 12018
729 12459
729 12761
729 13898
729 14039
729 14158
729 14267
729 15432
729 16699
729 17079
729 17145
729 17326
729 17437
730 408
730 1270
730 2209
730 2304
730 2453
730 2491
730 2630
730 3275
730 3366
730 3551
730 5261
730 5272
730 5421
730 5831
730 6095
730 6168
730 8146
730 8279
730 8298
730 8505
730 8675
730 8978
730 9082
730 9198
730 9363
730 9896
730 11696
730 11783
730 11883
730 12019
730 12460
730 12762
730 13899
730 14040
730 14159
730 14268
730 15433
730 16700
730 17080
730 17146
730 17327
730 17438
731 409
731 1271
731 2210
731 2305
731 2454
731 2492
731 2631
731 3276
731 3367
731 3552
731 5262
731 5273
731 5422
731 5832
731 6096
731 6169
731 8147
731 8280
731 8299
731 8506
731 8676
731 8979
731 9083
731 9199
731 9364
731 9897
731 11697
731 11784
731 11884
731 12020
731 12461
731 12763
731 13900
731 14041
731 14160
731 14269
731 15434
731 16701
731 17081
731 17147
731 17328
731 17439
732 410
732 1272
732 2211
732 2306
732 2455
732 2493
732 2632
732 3277
732 3368
732 3553
732 5263
732 5274
732 5423
732 5833
732 6097
732 6170
732 8148
732 8281
732 8300
732 8507
732 8677
732 8980
732 9084
732 9200
732 9365
732 9898
732 11698
732 11785
732 11885
732 12021
732 12462
732 12764
732 13901
732 14042
732 14161
732 14270
732 15435
732 16702
732 17082
732 17148
732 17329
732 17440
733 411
733 1273
733 2212
733 2307
733 2456
733 2494
733 2633
733 3278
733 3369
733 3554
733 5264
733 5275
733 5424
733 5834
733 6098
733 6171
733 8149
733 8282
733 8301
733 8508
733 8678
733 8981
733 9085
733 9201
733 9366
733 9899
733 11699
733 11786
733 11886
733 12022
733 12463
733 12765
733 13902
733 14043
733 14162
733 14271
733 15436
733 16703
733 17083
733 17149
733 17330
733 17441
734 412
734 1274
734 2213
734 2308
734 2457
734 2495
734 2634
734 3279
734 3370
734 3555
734 5153
734 5276
734 5425
734 5835
734 6099
734 6172
734 8150
734 8283
734 8302
734 8509
734 8679
734 8982
734 9086
734 9202
734 9367
734 9900
734 11700
734 11787
734 11887
734 12023
734 12464
734 12766
734 13903
734 14044
734 14163
734 14272
734 15437
734 16704
734 17084
734 17150
734 17331
734 17442
735 413
735 1275
735 2214
735 2309
735 2458
735 2496
735 2635
735 3280
735 3371
735 3556
735 5154
735 5277
735 5426
735 5836
735 6100
735 6173
735 8151
735 8284
735 8303
735 8510
735 8680
735 8983
735 9087
735 9203
735 9368
735 9901
735 11701
735 11788
735 11888
735 12024
735 12465
735 12767
735 13904
735 14045
735 14164
735 14273
735 15438
735 16705
735 17085
735 17151
735 17332
735 17443
736 414
736 1276
736 2215
736 2310
736 2459
736 2497
736 2636
736 3281
736 3372
736 3557
736 5155
736 5278
736 5427
736 5837
736 6101
736 6174
736 8152
736 8285
736 8304
736 8511
736 8681
736 8984
736 9088
736 9204
736 9369
736 9902
736 11702
736 11789
736 11889
736 12025
736 12466
736 12768
736 13905
736 14046
736 14165
736 14274
736 15439
736 16706
736 17086
736 17152
736 17333
736 17444
737 415
737 1277
737 2216
737 2311
737 2460
737 2498
737 2637
737 3282
737 3373
737 3558
737 5156
737 5279
737 5428
737 5838
737 6102
737 6175
737 8153
737 8286
737 8305
737 8512
737 8682
737 8985
737 9089
737 9205
737 9370
737 9903
737 11703
737 11790
737 11890
737 12026
737 12467
737 12657
737 13906
737 14047
737 14166
737 14275
737 15440
737 16707
737 17087
737 17153
737 17334
737 17445
738 416
738 1278
738 2217
738 2312
738 2461
738 2499
738 2638
738 3283
738 3374
738 3559
738 5157
738 5280
738 5429
738 5839
738 6103
738 6176
738 8154
738 8287
738 8306
738 8401
738 8683
738 8986
738 9090
738 9206
738 9371
738 9904
738 11704
738 11791
738 11891
738 12027
738 12468
738 12658
738 13907
738 14048
738 14167
738 14276
738 15441
738 16708
738 17088
738 17154
738 17335
738 17446
739 417
739 1279
739 2218
739 2313
739 2462
739 2500
739 2639
739 3284
739 3375
739 3560
739 5158
739 5281
739 5430
739 5840
739 6104
739 6177
739 8155
739 8288
739 8307
739 8402
739 8684
739 8987
739 9091
739 9207
739 9372
739 9905
739 11705
739 11792
739 11892
739 12028
739 12469
739 12659
739 13908
739 14049
739 14168
739 14277
739 15442
739 16709
739 17089
739 17155
739 17336
739 17447
740 418
740 1280
740 2219
740 2314
740 2463
740 2501
740 2640
740 3285
740 3376
740 3561
740 5159
740 5282
740 5431
740 5841
740 6105
740 6178
740 8156
740 8177
740 8308
740 8403
740 8685
740 8988
740 9092
740 9208
740 9373
740 9906
740 11706
740 11793
740 11893
740 12029
740 12470
740 12660
740 13909
740 14050
740 14169
740 14278
740 15443
740 16710
740 17090
740 17156
740 17337
740 17448
741 419
741 1281
741 2220
741 2315
741 2464
741 2502
741 2641
741 3286
741 3377
741 3562
741 5160
741 5283
741 5432
741 5842
741 6106
741 6179
741 8157
741 8178
741 8309
741 8404
741 8686
741 8989
741 9093
741 9209
741 9374
741 9907
741 11707
741 11794
741 11894
741 12030
741 12471
741 12661
741 13910
741 14051
741 14170
741 14279
741 15444
741 16711
741 17091
741 17157
741 17338
741 17449
742 420
742 1282
742 2221
742 2316
742 2353
742 2503
742 2642
742 3287
742 3378
742 3563
742 5161
742 5284
742 5433
742 5843
742 6107
742 6180
742 8158
742 8179
742 8310
742 8405
742 8687
742 8990
742 9094
742 9210
742 9375
742 9908
742 11708
742 11795
742 11895
742 12031
742 12472
742 12662
742 13911
742 14052
742 14171
742 14280
742 15445
742 16712
742 17092
742 17158
742 17339
742 17450
743 421
743 1283
743 2222
743 2317
743 2354
743 2504
743 2643
743 3288
743 3379
743 3564
743 5162
743 5285
743 5434
743 5844
743 6108
743 6181
743 8159
743 8180
743 8311
743 8406
743 8688
743 8991
743 9095
743 9211
743 9376
743 9909
743 11709
743 11796
743 11896
743 12032
743 12473
743 12663
743 13912
743 14053
743 14172
743 14281
743 15446
743 16713
743 17093
743 17159
743 17340
743 17451
744 422
744 1284
744 2223
744 2318
744 2355
744 2505
744 2644
744 3289
744 3380
744 3565
744 5163
744 5286
744 5435
744 5845
744 6109
744 6182
744 8160
744 8181
744 8312
744 8407
744 8689
744 8992
744 9096
744 9212
744 9377
744 9910
744 11710
744 11797
744 11897
744 12033
744 12474
744 12664
744 13913
744 14054
744 14173
744 14282
744 15447
744 16714
744 17094
744 17160
744 17341
744 17452
745 423
745 1285
745 2224
745 2319
745 2356
745 2506
745 2645
745 3290
745 3381
745 3566
745 5164
745 5287
745 5436
745 5846
745 6110
745 6183
745 8161
745 8182
745 8313
745 8408
745 8690
745 8993
745 9097
745 9213
745 9378
745 9911
745 11711
745 11798
745 11898
745 12034
745 12475
745 12665
745 13914
745 14055
745 14174
745 14283
745 15448
745 16715
745 17095
745 17161
745 17342
745 17453
746 424
746 1286
746 2225
746 2320
746 2357
746 2507
746 2646
746 3291
746 3382
746 3567
746 5165
746 5288
746 5437
746 5847
746 6111
746 6184
746 8162
746 8183
746 8314
746 8409
746 8691
746 8994
746 9098
746 9214
746 9379
746 9912
746 11712
746 11799
746 11899
746 12035
746 12476
746 12666
746 13915
746 14056
746 14175
746 14284
746 15449
746 16716
746 17096
746 17162
746 17343
746 17454
747 425
747 1287
747 2226
747 2321
747 2358
747 2508
747 2647
747 3292
747 3383
747 3568
747 5166
747 5289
747 5438
747 5848
747 6112
747 6185
747 8163
747 8184
747 8315
747 8410
747 8692
747 8995
747 9099
747 9215
747 9380
747 9913
747 11713
747 11800
747 11900
747 12036
747 12477
747 12667
747 13916
747 14057
747 14176
747 14285
747 15450
747 16717
747 17097
747 17163
747 17344
747 17455
748 426
748 1288
748 2227
748 2322
748 2359
748 2509
748 2648
748 3293
748 3384
748 3569
748 5167
748 5290
748 5439
748 5849
748 6113
748 6186
748 8164
748 8185
748 8316
748 8411
748 8693
748 8996
748 9100
748 9216
748 9381
748 9914
748 11714
748 11801
748 11901
748 12037
748 12478
748 12668
748 13917
748 14058
748 14177
748 14286
748 15451
748 16718
748 17098
748 17164
748 17345
748 17456
749 427
749 1289
749 2228
749 2323
749 2360
749 2510
749 2649
749 3294
749 3385
749 3570
749 5168
749 5291
749 5440
749 5850
749 6114
749 6187
749 8165
749 8186
749 8317
749 8412
749 8694
749 8997
749 9101
749 9217
749 9382
749 9915
749 11715
749 11802
749 11902
749 12038
749 12479
749 12669
749 13918
749 14059
749 14178
749 14287
749 15452
749 16719
749 17099
749 17165
749 17346
749 17457
750 428
750 1290
750 2229
750 2324
750 2361
750 2511
750 2650
750 3295
750 3386
750 3571
750 5169
750 5292
750 5441
750 5851
750 6115
750 6188
750 8166
750 8187
750 8318
750 8413
750 8695
750 8998
750 9102
750 9218
750 9383
750 9916
750 11716
750 11803
750 11903
750 12039
750 12480
750 12670
750 13919
750 14060
750 14179
750 14288
750 15453
750 16720
750 17100
750 17166
750 17347
750 17458
751 429
751 1291
751 2230
751 2325
751 2362
751 2512
751 2651
751 3296
751 3387
751 3572
751 5170
751 5293
751 5442
751 5852
751 6116
751 6189
751 8167
751 8188
751 8319
751 8414
751 8696
751 8999
751 9103
751 9219
751 9384
751 9917
751 11717
751 11804
751 11904
751 12040
751 12481
751 12671
751 13920
751 14061
751 14180
751 14289
751 15454
751 16721
751 17101
751 17167
751 17348
751 17459
752 430
752 1292
752 2231
752 2326
752 2363
752 2513
752 2652
752 3297
752 3388
752 3573
752 5171
752 5294
752 5443
752 5853
752 6117
752 6190
752 8168
752 8189
752 8320
752 8415
752 8697
752 9000
752 9104
752 9220
752 9385
752 9918
752 11718
752 11805
752 11905
752 12041
752 12482
752 12672
752 13921
752 14062
752 14181
752 14290
752 15455
752 16722
752 17102
752 17168
752 17349
752 17460
753 431
753 1293
753 2232
753 2327
753 2364
753 2514
753 2653
753 3298
753 3389
753 3574
753 5172
753 5295
753 5444
753 5854
753 6118
753 6191
753 8169
753 8190
753 8321
753 8416
753 8698
753 9001
753 9105
753 9221
753 9386
753 9919
753 11719
753 11806
753 11906
753 12042
753 12483
753 12673
753 13922
753 14063
753 14182
753 14291
753 15456
753 16723
753 17103
753 17169
753 17350
753 17461
754 432
754 1294
754 2233
754 2328
754 2365
754 2515
754 2654
754 3299
754 3390
754 3575
754 5173
754 5296
754 5445
754 5855
754 6119
754 6192
754 8170
754 8191
754 8322
754 8417
754 8699
754 9002
754 9106
754 9222
754 9387
754 9920
754 11720
754 11807
754 11907
754 12043
754 12484
754 12674
754 13923
754 14064
754 14183
754 14292
754 15345
754 16724
754 17104
754 17170
754 17351
754 17462
755 433
755 1295
755 2234
755 2329
755 2366
755 2516
755 2655
755 3300
755 3391
755 3576
755 5174
755 5297
755 5446
755 5856
755 6120
755 6193
755 8171
755 8192
755 8323
755 8418
755 8700
755 9003
755 9107
755 9223
755 9388
755 9921
755 11721
755 11808
755 11908
755 12044
755 12485
755 12675
755 13924
755 14065
755 14184
755 14293
755 15346
755 16725
755 17105
755 17171
755 17352
755 17463
756 434
756 1296
756 2235
756 2330
756 2367
756 2517
756 2656
756 3301
756 3392
756 3577
756 5175
756 5298
756 5447
756 5857
756 6121
756 6194
756 8172
756 8193
756 8324
756 8419
756 8701
756 9004
756 9108
756 9224
756 9389
756 9922
756 11722
756 11809
756 11909
756 12045
756 12486
756 12676
756 13925
756 14066
756 14185
756 14294
756 15347
756 16726
756 17106
756 17172
756 17353
756 17464
757 435
757 1297
757 2236
757 2331
757 2368
757 2518
757 2657
757 3302
757 3393
757 3578
757 5176
757 5299
757 5448
757 5858
757 6122
757 6195
757 8173
757 8194
757 8325
757 8420
757 8702
757 9005
757 9109
757 9225
757 9390
757 9923
757 11723
757 11810
757 11910
757 12046
757 12487
757 12677
757 13926
757 14067
757 14186
757 14295
757 15348
757 16727
757 17107
757 17173
757 17354
757 17465
758 436
758 1298
758 2237
758 2332
758 2369
758 2519
758 2658
758 3303
758 3394
758 3579
758 5177
758 5300
758 5449
758 5859
758 6123
758 6196
758 8174
758 8195
758 8326
758 8421
758 8703
758 9006
758 9110
758 9226
758 9391
758 9924
758 11724
758 11811
758 11911
758 12047
758 12488
758 12678
758 13927
758 14068
758 14187
758 14296
758 15349
758 16728
758 17108
758 17174
758 17355
758 17466
759 437
759 1299
759 2238
759 2333
759 2370
759 2520
759 2659
759 3304
759 3395
759 3580
759 5178
759 5301
759 5450
759 5860
759 6124
759 6197
759 8175
759 8196
759 8327
759 8422
759 8704
759 9007
759 9111
759 9227
759 9392
759 9925
759 11725
759 11812
759 11912
759 12048
759 12489
759 12679
759 13928
759 14069
759 14188
759 14297
759 15350
759 16729
759 17109
759 17175
759 17356
759 17467
760 438
760 1300
760 2239
760 2334
760 2371
760 2521
760 2660
760 3305
760 3396
760 3581
760 5179
760 5302
760 5451
760 5861
760 6125
760 6198
760 8176
760 8197
760 8328
760 8423
760 8705
760 9008
760 9112
760 9228
760 9393
760 9926
760 11726
760 11813
760 11913
760 12049
760 12490
760 12680
760 13929
760 14070
760 14189
760 14298
760 15351
760 16730
760 17110
760 17176
760 17357
760 17468
761 439
761 1301
761 2240
761 2335
761 2372
761 2522
761 2661
761 3306
761 3397
761 3582
761 5180
761 5303
761 5452
761 5862
761 6126
761 6199
761 8065
761 8198
761 8329
761 8424
761 8706
761 9009
761 9113
761 9229
761 9394
761 9927
761 11727
761 11814
761 11914
761 12050
761 12491
761 12681
761 13930
761 14071
761 14190
761 14299
761 15352
761 16731
761 17111
761 17177
761 17358
761 17469
762 440
762 1302
762 2129
762 2336
762 2373
762 2523
762 2662
762 3307
762 3398
762 3583
762 5181
762 5304
762 5453
762 5863
762 6127
762 6200
762 8066
762 8199
762 8330
762 8425
762 8707
762 9010
762 9114
762 9230
762 9395
762 9928
762 11728
762 11815
762 11915
762 12051
762 12492
762 12682
762 13931
762 14072
762 14191
762 14300
762 15353
762 16732
762 17112
762 17178
762 17359
762 17470
763 441
763 1303
763 2130
763 2337
763 2374
763 2524
763 2663
763 3308
763 3399
763 3584
763 5182
763 5305
763 5454
763 5864
763 6128
763 6201
763 8067
763 8200
763 8331
763 8426
763 8708
763 9011
763 9115
763 9231
763 9396
763 9929
763 11729
763 11816
763 11916
763 12052
763 12493
763 12683
763 13932
763 14073
763 14192
763 14301
763 15354
763 16733
763 17113
763 17179
763 17360
763 17471
764 442
764 1304
764 2131
764 2338
764 2375
764 2525
764 2664
764 3309
764 3400
764 3473
764 5183
764 5306
764 5455
764 5865
764 6129
764 6202
764 8068
764 8201
764 8332
764 8427
764 8709
764 9012
764 9116
764 9232
764 9397
764 9930
764 11730
764 11817
764 11917
764 12053
764 12494
764 12684
764 13933
764 14074
764 14193
764 14302
764 15355
764 16734
764 17114
764 17180
764 17249
764 17472
765 443
765 1305
765 2132
765 2339
765 2376
765 2526
765 2665
765 3310
765 3401
765 3474
765 5184
765 5307
765 5456
765 5866
765 6130
765 6203
765 8069
765 8202
765 8333
765 8428
765 8710
765 9013
765 9117
765 9233
765 9398
765 9931
765 11731
765 11818
765 11918
765 12054
765 12495
765 12685
765 13934
765 14075
765 14194
765 14303
765 15356
765 16735
765 17115
765 17181
765 17250
765 17361
766 444
766 1306
766 2133
766 2340
766 2377
766 2527
766 2666
766 3311
766 3402
766 3475
766 5185
766 5308
766 5457
766 5867
766 6131
766 6204
766 8070
766 8203
766 8334
766 8429
766 8711
766 9014
766 9118
766 9234
766 9399
766 9932
766 11732
766 11819
766 11919
766 12055
766 12496
766 12686
766 13935
766 14076
766 14195
766 14304
766 15357
766 16736
766 17116
766 17182
766 17251
766 17362
767 445
767 1307
767 2134
767 2341
767 2378
767 2528
767 2667
767 3312
767 3403
767 3476
767 5186
767 5309
767 5458
767 5868
767 6132
767 6205
767 8071
767 8204
767 8335
767 8430
767 8712
767 9015
767 9119
767 9235
767 9400
767 9933
767 11733
767 11820
767 11920
767 12056
767 12497
767 12687
767 13936
767 14077
767 14196
767 14305
767 15358
767 16737
767 17117
767 17183
767 17252
767 17363
768 446
768 1308
768 2135
768 2342
768 2379
768 2529
768 2668
768 3313
768 3404
768 3477
768 5187
768 5310
768 5459
768 5869
768 6133
768 6206
768 8072
768 8205
768 8336
768 8431
768 8713
768 9016
768 9120
768 9236
768 9401
768 9934
768 11734
768 11821
768 11921
768 12057
768 12498
768 12688
768 13937
768 14078
768 14197
768 14306
768 15359
768 16738
768 17118
768 17184
768 17253
768 17364
769 447
769 1309
769 2136
769 2343
769 2380
769 2530
769 2669
769 3314
769 3405
769 3478
769 5188
769 5311
769 5460
769 5870
769 6134
769 6207
769 8073
769 8206
769 8337
769 8432
769 8714
769 9017
769 9121
769 9237
769 9402
769 9935
769 11735
769 11822
769 11922
769 12058
769 12499
769 12689
769 13938
769 14079
769 14198
769 14307
769 15360
769 16739
769 17119
769 17185
769 17254
769 17365
770 448
770 1310
770 2137
770 2344
770 2381
770 2531
770 2670
770 3315
770 3406
770 3479
770 5189
770 5312
770 5461
770 5871
770 6135
770 6208
770 8074
770 8207
770 8338
770 8433
770 8715
770 9018
770 9122
770 9238
770 9403
770 9936
770 11736
770 11823
770 11923
770 12059
770 12500
770 12690
770 13939
770 14080
770 14199
770 14308
770 15361
770 16740
770 17120
770 17186
770 17255
770 17366
771 337
771 1311
771 2138
771 2345
771 2382
771 2532
771 2671
771 3316
771 3407
771 3480
771 5190
771 5313
771 5462
771 5872
771 6136
771 6209
771 8075
771 8208
771 8339
771 8434
771 8716
771 9019
771 9123
771 9239
771 9404
771 9937
771 11737
771 11824
771 11924
771 12060
771 12501
771 12691
771 13940
771 14081
771 14200
771 14309
771 15362
771 16741
771 17121
771 17187
771 17256
771 17367
772 338
772 1312
772 2139
772 2346
772 2383
772 2533
772 2672
772 3317
772 3408
772 3481
772 5191
772 5314
772 5463
772 5873
772 6137
772 6210
772 8076
772 8209
772 8340
772 8435
772 8717
772 9020
772 9124
772 9240
772 9405
772 9938
772 11738
772 11825
772 11925
772 12061
772 12502
772 12692
772 13941
772 14082
772 14201
772 14310
772 15363
772 16742
772 17122
772 17188
772 17257
772 17368
773 339
773 1313
773 2140
773 2347
773 2384
773 2534
773 2673
773 3318
773 3409
773 3482
773 5192
773 5315
773 5464
773 5874
773 6138
773 6211
773 8077
773 8210
773 8341
773 8436
773 8718
773 9021
773 9125
773 9241
773 9406
773 9939
773 11739
773 11826
773 11926
773 12062
773 12503
773 12693
773 13942
773 14083
773 14202
773 14311
773 15364
773 16743
773 17123
773 17189
773 17258
773 17369
774 340
774 1314
774 2141
774 2348
774 2385
774 2535
774 2674
774 3319
774 3410
774 3483
774 5193
774 5316
774 5465
774 5875
774 6139
774 6212
774 8078
774 8211
774 8342
774 8437
774 8719
774 9022
774 9126
774 9242
774 9407
774 9940
774 11740
774 11827
774 11927
774 12063
774 12504
774 12694
774 13943
774 14084
774 14203
774 14312
774 15365
774 16744
774 17124
774 17190
774 17259
774 17370
775 341
775 1315
775 2142
775 2349
775 2386
775 2536
775 2675
775 3320
775 3411
775 3484
775 5194
775 5317
775 5466
775 5876
775 6140
775 6213
775 8079
775 8212
775 8343
775 8438
775 8720
775 9023
775 9127
775 9243
775 9408
775 9941
775 11741
775 11828
775 11928
775 12064
775 12505
775 12695
775 13944
775 14085
775 14204
775 14313
775 15366
775 16745
775 17125
775 17191
775 17260
775 17371
776 342
776 1316
776 2143
776 2350
776 2387
776 2537
776 2676
776 3321
776 3412
776 3485
776 5195
776 5318
776 5467
776 5877
776 6141
776 6214
776 8080
776 8213
776 8344
776 8439
776 8721
776 9024
776 9128
776 9244
776 9297
776 9942
776 11742
776 11829
776 11929
776 12065
776 12506
776 12696
776 13945
776 14086
776 14205
776 14314
776 15367
776 16746
776 17126
776 17192
776 17261
776 17372
777 343
777 1317
777 2144
777 2351
777 2388
777 2538
777 2677
777 3322
777 3413
777 3486
777 5196
777 5319
777 5468
777 5878
777 6142
777 6215
777 8081
777 8214
777 8345
777 8440
777 8722
777 9025
777 9129
777 9245
777 9298
777 9943
777 11743
777 11830
777 11930
777 12066
777 12507
777 12697
777 13946
777 14087
777 14206
777 14315
777 15368
777 16747
777 17127
777 17193
777 17262
777 17373
778 344
778 1318
778 2145
778 2352
778 2389
778 2539
778 2678
778 3323
778 3414
778 3487
778 5197
778 5320
778 5469
778 5879
778 6143
778 6216
778 8082
778 8215
778 8346
778 8441
778 8723
778 9026
778 9130
778 9246
778 9299
778 9944
778 11744
778 11831
778 11931
778 12067
778 12508
778 12698
778 13947
778 14088
778 14207
778 14316
778 15369
778 16748
778 17128
778 17194
778 17263
778 17374
779 345
779 1319
779 2146
779 2241
779 2390
779 2540
779 2679
779 3324
779 3415
779 3488
779 5198
779 5321
779 5470
779 5880
779 6144
779 6217
779 8083
779 8216
779 8347
779 8442
779 8724
779 9027
779 9131
779 9247
779 9300
779 9945
779 11745
779 11832
779 11932
779 12068
779 12509
779 12699
779 13948
779 14089
779 14208
779 14317
779 15370
779 16749
779 17129
779 17195
779 17264
779 17375
780 346
780 1320
780 2147
780 2242
780 2391
780 2541
780 2680
780 3325
780 3416
780 3489
780 5199
780 5322
780 5471
780 5881
780 6145
780 6218
780 8084
780 8217
780 8348
780 8443
780 8725
780 9028
780 9132
780 9248
780 9301
780 9946
780 11746
780 11833
780 11933
780 12069
780 12510
780 12700
780 13949
780 14090
780 14209
780 14318
780 15371
780 16750
780 17130
780 17196
780 17265
780 17376
781 347
781 1321
781 2148
781 2243
781 2392
781 2542
781 2681
781 3326
781 3417
781 3490
781 5200
781 5323
781 5472
781 5882
781 6146
781 6219
781 8085
781 8218
781 8349
781 8444
781 8726
781 9029
781 9133
781 9249
781 9302
781 9947
781 11747
781 11834
781 11934
781 12070
781 12511
781 12701
781 13950
781 14091
781 14210
781 14319
781 15372
781 16751
781 17131
781 17197
781 17266
781 17377
782 348
782 1322
782 2149
782 2244
782 2393
782 2543
782 2682
782 3327
782 3418
782 3491
782 5201
782 5324
782 5473
782 5883
782 6147
782 6220
782 8086
782 8219
782 8350
782 8445
782 8727
782 9030
782 9134
782 9250
782 9303
782 9948
782 11748
782 11835
782 11935
782 12071
782 12512
782 12702
782 13951
782 14092
782 14211
782 14320
782 15373
782 16752
782 17132
782 17198
782 17267
782 17378
783 349
783 1323
783 2150
783 2245
783 2394
783 2544
783 2683
783 3328
783 3419
783 3492
783 5202
783 5325
783 5474
783 5884
783 6148
783 6221
783 8087
783 8220
783 8351
783 8446
783 8728
783 9031
783 9135
783 9251
783 9304
783 9949
783 11749
783 11836
783 11936
783 12072
783 12513
783 12703
783 13952
783 14093
783 14212
783 14321
783 15374
783 16753
783 17133
783 17199
783 17268
783 17379
784 350
784 1324
784 2151
784 2246
784 2395
784 2545
784 2684
784 3329
784 3420
784 3493
784 5203
784 5326
784 5475
784 5885
784 6149
784 6222
784 8088
784 8221
784 8352
784 8447
784 8729
784 9032
784 9136
784 9252
784 9305
784 9950
784 11750
784 11837
784 11937
784 12073
784 12514
784 12704
784 13953
784 14094
784 14213
784 14322
784 15375
784 16754
784 17134
784 17200
784 17269
784 17380
785 81
785 975
785 1797
785 2296
785 2457
785 2536
785 2640
785 3207
785 3417
785 3545
785 5032
785 5299
785 5547
785 5897
785 5967
785 6192
785 8162
785 8225
785 8310
785 8442
785 8780
785 9040
785 9139
785 9186
785 9342
785 10066
785 11713
785 11774
785 11914
785 11999
785 12118
785 12874
785 13972
785 14014
785 14198
785 14235
785 15532
785 16906
785 17135
785 17244
785 17303
785 17382
786 82
786 976
786 1798
786 2297
786 2458
786 2537
786 2641
786 3208
786 3418
786 3546
786 5033
786 5300
786 5548
786 5898
786 5968
786 6193
786 8163
786 8226
786 8311
786 8443
786 8781
786 9041
786 9140
786 9187
786 9343
786 10067
786 11714
786 11775
786 11915
786 12000
786 12119
786 12875
786 13973
786 14015
786 14199
786 14236
786 15533
786 16907
786 17136
786 17245
786 17304
786 17383
787 83
787 977
787 1799
787 2298
787 2459
787 2538
787 2642
787 3209
787 3419
787 3547
787 5034
787 5301
787 5549
787 5899
787 5969
787 6194
787 8164
787 8227
787 8312
787 8444
787 8782
787 9042
787 9141
787 9188
787 9344
787 10068
787 11715
787 11776
787 11916
787 12001
787 12120
787 12876
787 13974
787 14016
787 14200
787 14237
787 15534
787 16908
787 17025
787 17246
787 17305
787 17384
788 84
788 978
788 1800
788 2299
788 2460
788 2539
788 2643
788 3210
788 3420
788 3548
788 5035
788 5302
788 5550
788 5900
788 5970
788 6195
788 8165
788 8228
788 8313
788 8445
788 8783
788 9043
788 9142
788 9189
788 9345
788 10069
788 11716
788 11777
788 11917
788 12002
788 12121
788 12877
788 13975
788 14017
788 14201
788 14238
788 15535
788 16909
788 17026
788 17247
788 17306
788 17385
789 85
789 979
789 1801
789 2300
789 2461
789 2540
789 2644
789 3211
789 3421
789 3549
789 5036
789 5303
789 5551
789 5901
789 5971
789 6196
789 8166
789 8229
789 8314
789 8446
789 8784
789 9044
789 9143
789 9190
789 9346
789 10070
789 11717
789 11778
789 11918
789 12003
789 12122
789 12878
789 13976
789 14018
789 14202
789 14239
789 15536
789 16910
789 17027
789 17248
789 17307
789 17386
790 86
790 980
790 1802
790 2301
790 2462
790 2541
790 2645
790 3212
790 3422
790 3550
790 5037
790 5304
790 5552
790 5902
790 5972
790 6197
790 8167
790 8230
790 8315
790 8447
790 8785
790 9045
790 9144
790 9191
790 9347
790 10071
790 11718
790 11779
790 11919
790 12004
790 12123
790 12879
790 13977
790 14019
790 14203
790 14240
790 15537
790 16911
790 17028
790 17137
790 17308
790 17387
791 87
791 981
791 1803
791 2302
791 2463
791 2542
791 2646
791 3213
791 3423
791 3551
791 5038
791 5305
791 5553
791 5903
791 5973
791 6198
791 8168
791 8231
791 8316
791 8448
791 8786
791 9046
791 9145
791 9192
791 9348
791 10072
791 11719
791 11780
791 11920
791 12005
791 12124
791 12880
791 13978
791 14020
791 14204
791 14241
791 15538
791 16912
791 17029
791 17138
791 17309
791 17388
792 88
792 982
792 1804
792 2303
792 2464
792 2543
792 2647
792 3214
792 3424
792 3552
792 5039
792 5306
792 5554
792 5904
792 5974
792 6199
792 8169
792 8232
792 8317
792 8449
792 8787
792 9047
792 9146
792 9193
792 9349
792 10073
792 11720
792 11781
792 11921
792 12006
792 12125
792 12769
792 13979
792 14021
792 14205
792 14242
792 15539
792 16801
792 17030
792 17139
792 17310
792 17389
793 89
793 983
793 1805
793 2304
793 2353
793 2544
793 2648
793 3215
793 3425
793 3553
793 5040
793 5307
793 5555
793 5905
793 5975
793 6200
793 8170
793 8233
793 8318
793 8450
793 8788
793 9048
793 9147
793 9194
793 9350
793 10074
793 11721
793 11782
793 11922
793 12007
793 12126
793 12770
793 13980
793 14022
793 14206
793 14243
793 15540
793 16802
793 17031
793 17140
793 17311
793 17390
794 90
794 984
794 1806
794 2305
794 2354
794 2545
794 2649
794 3216
794 3426
794 3554
794 4929
794 5308
794 5556
794 5906
794 5976
794 6201
794 8171
794 8234
794 8319
794 8451
794 8789
794 9049
794 9148
794 9195
794 9351
794 10075
794 11722
794 11783
794 11923
794 12008
794 12127
794 12771
794 13981
794 14023
794 14207
794 14244
794 15541
794 16803
794 17032
794 17141
794 17312
794 17391
795 91
795 985
795 1807
795 2306
795 2355
795 2546
795 2650
795 3217
795 3427
795 3555
795 4930
795 5309
795 5557
795 5907
795 5977
795 6202
795 8172
795 8235
795 8320
795 8452
795 8790
795 9050
795 9149
795 9196
795 9352
795 10076
795 11723
795 11784
795 11924
795 12009
795 12128
795 12772
795 13982
795 14024
795 14208
795 14245
795 15542
795 16804
795 17033
795 17142
795 17313
795 17392
796 92
796 986
796 1808
796 2307
796 2356
796 2547
796 2651
796 3218
796 3428
796 3556
796 4931
796 5310
796 5558
796 5908
796 5978
796 6203
796 8173
796 8236
796 8321
796 8453
796 8791
796 9051
796 9150
796 9197
796 9353
796 10077
796 11724
796 11785
796 11925
796 12010
796 12129
796 12773
796 13983
796 14025
796 14209
796 14246
796 15543
796 16805
796 17034
796 17143
796 17314
796 17393
797 93
797 987
797 1809
797 2308
797 2357
797 2548
797 2652
797 3219
797 3429
797 3557
797 4932
797 5311
797 5559
797 5909
797 5979
797 6204
797 8174
797 8237
797 8322
797 8454
797 8792
797 9052
797 9151
797 9198
797 9354
797 10078
797 11725
797 11786
797 11926
797 12011
797 12130
797 12774
797 13984
797 14026
797 14210
797 14247
797 15544
797 16806
797 17035
797 17144
797 17315
797 17394
798 94
798 988
798 1810
798 2309
798 2358
798 2549
798 2653
798 3220
798 3430
798 3558
798 4933
798 5312
798 5560
798 5910
798 5980
798 6205
798 8175
798 8238
798 8323
798 8455
798 8793
798 9053
798 9152
798 9199
798 9355
798 10079
798 11726
798 11787
798 11927
798 12012
798 12131
798 12775
798 13985
798 14027
798 14211
798 14248
798 15545
798 16807
798 17036
798 17145
798 17316
798 17395
799 95
799 989
799 1811
799 2310
799 2359
799 2550
799 2654
799 3221
799 3431
799 3559
799 4934
799 5313
799 5561
799 5911
799 5981
799 6206
799 8176
799 8239
799 8324
799 8456
799 8794
799 9054
799 9153
799 9200
799 9356
799 10080
799 11727
799 11788
799 11928
799 12013
799 12132
799 12776
799 13986
799 14028
799 14212
799 14249
799 15546
799 16808
799 17037
799 17146
799 17317
799 17396
800 96
800 990
800 1812
800 2311
800 2360
800 2551
800 2655
800 3222
800 3432
800 3560
800 4935
800 5314
800 5562
800 5912
800 5982
800 6207
800 8065
800 8240
800 8325
800 8457
800 8795
800 9055
800 9154
800 9201
800 9357
800 9969
800 11728
800 11789
800 11929
800 12014
800 12133
800 12777
800 13987
800 14029
800 14213
800 14250
800 15547
800 16809
800 17038
800 17147
800 17318
800 17397
801 97
801 991
801 1813
801 2312
801 2361
801 2552
801 2656
801 3223
801 3433
801 3561
801 4936
801 5315
801 5563
801 5913
801 5983
801 6208
801 8066
801 8241
801 8326
801 8458
801 8796
801 9056
801 9155
801 9202
801 9358
801 9970
801 11729
801 11790
801 11930
801 12015
801 12134
801 12778
801 13988
801 14030
801 14214
801 14251
801 15548
801 16810
801 17039
801 17148
801 17319
801 17398
802 98
802 992
802 1814
802 2313
802 2362
802 2553
802 2657
802 3224
802 3434
802 3562
802 4937
802 5316
802 5564
802 5914
802 5984
802 6209
802 8067
802 8242
802 8327
802 8459
802 8797
802 9057
802 9156
802 9203
802 9359
802 9971
802 11730
802 11791
802 11931
802 12016
802 12135
802 12779
802 13989
802 14031
802 14215
802 14252
802 15549
802 16811
802 17040
802 17149
802 17320
802 17399
803 99
803 993
803 1815
803 2314
803 2363
803 2554
803 2658
803 3225
803 3435
803 3563
803 4938
803 5317
803 5565
803 5915
803 5985
803 6210
803 8068
803 8243
803 8328
803 8460
803 8798
803 9058
803 9157
803 9204
803 9360
803 9972
803 11731
803 11792
803 11932
803 12017
803 12136
803 12780
803 13990
803 14032
803 14216
803 14253
803 15550
803 16812
803 17041
803 17150
803 17321
803 17400
804 100
804 994
804 1816
804 2315
804 2364
804 2555
804 2659
804 3226
804 3436
804 3564
804 4939
804 5318
804 5566
804 5916
804 5986
804 6211
804 8069
804 8244
804 8329
804 8461
804 8799
804 9059
804 9158
804 9205
804 9361
804 9973
804 11732
804 11793
804 11933
804 12018
804 12137
804 12781
804 13991
804 14033
804 14217
804 14254
804 15551
804 16813
804 17042
804 17151
804 17322
804 17401
805 101
805 995
805 1817
805 2316
805 2365
805 2556
805 2660
805 3227
805 3437
805 3565
805 4940
805 5319
805 5567
805 5917
805 5987
805 6212
805 8070
805 8245
805 8330
805 8462
805 8800
805 9060
805 9159
805 9206
805 9362
805 9974
805 11733
805 11794
805 11934
805 12019
805 12138
805 12782
805 13992
805 14034
805 14218
805 14255
805 15552
805 16814
805 17043
805 17152
805 17323
805 17402
806 102
806 996
806 1818
806 2317
806 2366
806 2557
806 2661
806 3228
806 3438
806 3566
806 4941
806 5320
806 5568
806 5918
806 5988
806 6213
806 8071
806 8246
806 8331
806 8463
806 8801
806 9061
806 9160
806 9207
806 9363
806 9975
806 11734
806 11795
806 11935
806 12020
806 12139
806 12783
806 13993
806 14035
806 14219
806 14256
806 15553
806 16815
806 17044
806 17153
806 17324
806 17403
807 103
807 997
807 1819
807 2318
807 2367
807 2558
807 2662
807 3229
807 3439
807 3567
807 4942
807 5321
807 5569
807 5919
807 5989
807 6214
807 8072
807 8247
807 8332
807 8464
807 8802
807 9062
807 9161
807 9208
807 9364
807 9976
807 11735
807 11796
807 11936
807 12021
807 12140
807 12784
807 13994
807 14036
807 14220
807 14257
807 15554
807 16816
807 17045
807 17154
807 17325
807 17404
808 104
808 998
808 1820
808 2319
808 2368
808 2559
808 2663
808 3230
808 3440
808 3568
808 4943
808 5322
808 5570
808 5920
808 5990
808 6215
808 8073
808 8248
808 8333
808 8465
808 8803
808 9063
808 9162
808 9209
808 9365
808 9977
808 11736
808 11797
808 11937
808 12022
808 12141
808 12785
808 13995
808 14037
808 14221
808 14258
808 15555
808 16817
808 17046
808 17155
808 17326
808 17405
809 105
809 999
809 1821
809 2320
809 2369
809 2560
809 2664
809 3231
809 3441
809 3569
809 4944
809 5323
809 5571
809 5921
809 5991
809 6216
809 8074
809 8249
809 8334
809 8466
809 8804
809 9064
809 9163
809 9210
809 9366
809 9978
809 11737
809 11798
809 11938
809 12023
809 12142
809 12786
809 13996
809 14038
809 14222
809 14259
809 15556
809 16818
809 17047
809 17156
809 17327
809 17406
810 106
810 1000
810 1822
810 2321
810 2370
810 2561
810 2665
810 3232
810 3442
810 3570
810 4945
810 5324
810 5572
810 5922
810 5992
810 6217
810 8075
810 8250
810 8335
810 8467
810 8805
810 9065
810 9164
810 9211
810 9367
810 9979
810 11738
810 11799
810 11939
810 12024
810 12143
810 12787
810 13997
810 14039
810 14223
810 14260
810 15557
810 16819
810 17048
810 17157
810 17328
810 17407
811 107
811 1001
811 1823
811 2322
811 2371
811 2562
811 2666
811 3233
811 3443
811 3571
811 4946
811 5325
811 5573
811 5923
811 5993
811 6218
811 8076
811 8251
811 8336
811 8468
811 8806
811 9066
811 9165
811 9212
811 9368
811 9980
811 11739
811 11800
811 11940
811 12025
811 12144
811 12788
811 13998
811 14040
811 14224
811 14261
811 15558
811 16820
811 17049
811 17158
811 17329
811 17408
812 108
812 1002
812 1824
812 2323
812 2372
812 2563
812 2667
812 3234
812 3444
812 3572
812 4947
812 5326
812 5574
812 5924
812 5994
812 6219
812 8077
812 8252
812 8337
812 8469
812 8807
812 9067
812 9166
812 9213
812 9369
812 9981
812 11740
812 11801
812 11941
812 12026
812 12145
812 12789
812 13999
812 14041
812 14113
812 14262
812 15559
812 16821
812 17050
812 17159
812 17330
812 17409
813 109
813 1003
813 1825
813 2324
813 2373
813 2564
813 2668
813 3235
813 3445
813 3573
813 4948
813 5327
813 5575
813 5925
813 5995
813 6220
813 8078
813 8253
813 8338
813 8470
813 8808
813 9068
813 9167
813 9214
813 9370
813 9982
813 11741
813 11802
813 11942
813 12027
813 12146
813 12790
813 14000
813 14042
813 14114
813 14263
813 15560
813 16822
813 17051
813 17160
813 17331
813 17410
814 110
814 1004
814 1826
814 2325
814 2374
814 2565
814 2669
814 3236
814 3446
814 3574
814 4949
814 5328
814 5576
814 5926
814 5996
814 6221
814 8079
814 8254
814 8339
814 8471
814 8809
814 9069
814 9168
814 9215
814 9371
814 9983
814 11742
814 11803
814 11943
814 12028
814 12147
814 12791
814 13889
814 14043
814 14115
814 14264
814 15561
814 16823
814 17052
814 17161
814 17332
814 17411
815 111
815 1005
815 1827
815 2326
815 2375
815 2566
815 2670
815 3237
815 3447
815 3575
815 4950
815 5329
815 5577
815 5927
815 5997
815 6222
815 8080
815 8255
815 8340
815 8472
815 8810
815 9070
815 9169
815 9216
815 9372
815 9984
815 11743
815 11804
815 11944
815 12029
815 12148
815 12792
815 13890
815 14044
815 14116
815 14265
815 15562
815 16824
815 17053
815 17162
815 17333
815 17412
816 112
816 1006
816 1828
816 2327
816 2376
816 2567
816 2671
816 3238
816 3448
816 3576
816 4951
816 5330
816 5578
816 5928
816 5998
816 6223
816 8081
816 8256
816 8341
816 8473
816 8811
816 9071
816 9170
816 9217
816 9373
816 9985
816 11744
816 11805
816 11945
816 12030
816 12149
816 12793
816 13891
816 14045
816 14117
816 14266
816 15563
816 16825
816 17054
816 17163
816 17334
816 17413
817 1
817 1007
817 1829
817 2328
817 2377
817 2568
817 2672
817 3239
817 3449
817 3577
817 4952
817 5331
817 5579
817 5929
817 5999
817 6224
817 8082
817 8257
817 8342
817 8474
817 8812
817 9072
817 9171
817 9218
817 9374
817 9986
817 11745
817 11806
817 11946
817 12031
817 12150
817 12794
817 13892
817 14046
817 14118
817 14267
817 15564
817 16826
817 17055
817 17164
817 17335
817 17414
818 2
818 1008
818 1830
818 2329
818 2378
818 2569
818 2673
818 3240
818 3450
818 3578
818 4953
818 5332
818 5580
818 5930
818 6000
818 6225
818 8083
818 8258
818 8343
818 8475
818 8813
818 8961
818 9172
818 9219
818 9375
818 9987
818 11746
818 11807
818 11947
818 12032
818 12151
818 12795
818 13893
818 14047
818 14119
818 14268
818 15565
818 16827
818 17056
818 17165
818 17336
818 17415
819 3
819 897
819 1831
819 2330
819 2379
819 2570
819 2674
819 3241
819 3451
819 3579
819 4954
819 5333
819 5581
819 5931
819 6001
819 6226
819 8084
819 8259
819 8344
819 8476
819 8814
819 8962
819 9173
819 9220
819 9376
819 9988
819 11747
819 11808
819 11948
819 12033
819 12152
819 12796
819 13894
819 14048
819 14120
819 14269
819 15566
819 16828
819 17057
819 17166
819 17337
819 17416
820 4
820 898
820 1832
820 2331
820 2380
820 2571
820 2675
820 3242
820 3452
820 3580
820 4955
820 5334
820 5582
820 5932
820 6002
820 6227
820 8085
820 8260
820 8345
820 8477
820 8815
820 8963
820 9174
820 9221
820 9377
820 9989
820 11748
820 11809
820 11949
820 12034
820 12153
820 12797
820 13895
820 14049
820 14121
820 14270
820 15567
820 16829
820 17058
820 17167
820 17338
820 17417
821 5
821 899
821 1833
821 2332
821 2381
821 2572
821 2676
821 3243
821 3453
821 3581
821 4956
821 5335
821 5583
821 5933
821 6003
821 6228
821 8086
821 8261
821 8346
821 8478
821 8816
821 8964
821 9175
821 9222
821 9378
821 9990
821 11749
821 11810
821 11950
821 12035
821 12154
821 12798
821 13896
821 14050
821 14122
821 14271
821 15568
821 16830
821 17059
821 17168
821 17339
821 17418
822 6
822 900
822 1834
822 2333
822 2382
822 2573
822 2677
822 3244
822 3454
822 3582
822 4957
822 5336
822 5584
822 5934
822 6004
822 6229
822 8087
822 8262
822 8347
822 8479
822 8817
822 8965
822 9176
822 9223
822 9379
822 9991
822 11750
822 11811
822 11951
822 12036
822 12155
822 12799
822 13897
822 14051
822 14123
822 14272
822 15457
822 16831
822 17060
822 17169
822 17340
822 17419
823 7
823 901
823 1835
823 2334
823 2383
823 2574
823 2678
823 3245
823 3455
823 3583
823 4958
823 5337
823 5585
823 5935
823 6005
823 6230
823 8088
823 8263
823 8348
823 8480
823 8818
823 8966
823 9177
823 9224
823 9380
823 9992
823 11751
823 11812
823 11952
823 12037
823 12156
823 12800
823 13898
823 14052
823 14124
823 14273
823 15458
823 16832
823 17061
823 17170
823 17341
823 17420
824 8
824 902
824 1836
824 2335
824 2384
824 2575
824 2679
824 3246
824 3456
824 3584
824 4959
824 5338
824 5586
824 5936
824 6006
824 6231
824 8089
824 8264
824 8349
824 8481
824 8819
824 8967
824 9178
824 9225
824 9381
824 9993
824 11752
824 11813
824 11953
824 12038
824 12157
824 12801
824 13899
824 14053
824 14125
824 14274
824 15459
824 16833
824 17062
824 17171
824 17342
824 17421
825 9
825 903
825 1837
825 2336
825 2385
825 2576
825 2680
825 3247
825 3457
825 3473
825 4960
825 5339
825 5587
825 5825
825 6007
825 6232
825 8090
825 8265
825 8350
825 8482
825 8820
825 8968
825 9179
825 9226
825 9382
825 9994
825 11753
825 11814
825 11954
825 12039
825 12158
825 12802
825 13900
825 14054
825 14126
825 14275
825 15460
825 16834
825 17063
825 17172
825 17343
825 17422
826 10
826 904
826 1838
826 2337
826 2386
826 2465
826 2681
826 3248
826 3458
826 3474
826 4961
826 5340
826 5588
826 5826
826 6008
826 6233
826 8091
826 8266
826 8351
826 8483
826 8821
826 8969
826 9180
826 9227
826 9383
826 9995
826 11754
826 11815
826 11955
826 12040
826 12159
826 12803
826 13901
826 14055
826 14127
826 14276
826 15461
826 16835
826 17064
826 17173
826 17344
826 17423
827 11
827 905
827 1839
827 2338
827 2387
827 2466
827 2682
827 3137
827 3459
827 3475
827 4962
827 5341
827 5589
827 5827
827 6009
827 6234
827 8092
827 8267
827 8352
827 8484
827 8822
827 8970
827 9181
827 9228
827 9384
827 9996
827 11755
827 11816
827 11956
827 12041
827 12160
827 12804
827 13902
827 14056
827 14128
827 14277
827 15462
827 16836
827 17065
827 17174
827 17345
827 17424
828 12
828 906
828 1840
828 2339
828 2388
828 2467
828 2683
828 3138
828 3460
828 3476
828 4963
828 5342
828 5590
828 5828
828 6010
828 6235
828 8093
828 8268
828 8353
828 8485
828 8823
828 8971
828 9182
828 9229
828 9385
828 9997
828 11756
828 11817
828 11957
828 12042
828 12161
828 12805
828 13903
828 14057
828 14129
828 14278
828 15463
828 16837
828 17066
828 17175
828 17346
828 17425
829 13
829 907
829 1841
829 2340
829 2389
829 2468
829 2684
829 3139
829 3461
829 3477
829 4964
829 5343
829 5591
829 5829
829 6011
829 6236
829 8094
829 8269
829 8354
829 8486
829 8824
829 8972
829 9183
829 9230
829 9386
829 9998
829 11757
829 11818
829 11958
829 12043
829 12162
829 12806
829 13904
829 14058
829 14130
829 14279
829 15464
829 16838
829 17067
829 17176
829 17347
829 17426
830 14
830 908
830 1842
830 2341
830 2390
830 2469
830 2685
830 3140
830 3462
830 3478
830 4965
830 5344
830 5592
830 5830
830 6012
830 6237
830 8095
830 8270
830 8355
830 8487
830 8825
830 8973
830 9184
830 9231
830 9387
830 9999
830 11758
830 11819
830 11959
830 12044
830 12163
830 12807
830 13905
830 14059
830 14131
830 14280
830 15465
830 16839
830 17068
830 17177
830 17348
830 17427
831 15
831 909
831 1843
831 2342
831 2391
831 2470
831 2686
831 3141
831 3463
831 3479
831 4966
831 5345
831 5593
831 5831
831 6013
831 6238
831 8096
831 8271
831 8356
831 8488
831 8826
831 8974
831 9073
831 9232
831 9388
831 10000
831 11759
831 11820
831 11960
831 12045
831 12164
831 12808
831 13906
831 14060
831 14132
831 14281
831 15466
831 16840
831 17069
831 17178
831 17349
831 17428
832 16
832 910
832 1844
832 2343
832 2392
832 2471
832 2687
832 3142
832 3464
832 3480
832 4967
832 5346
832 5594
832 5832
832 6014
832 6239
832 8097
832 8272
832 8357
832 8489
832 8827
832 8975
832 9074
832 9233
832 9389
832 10001
832 11760
832 11821
832 11961
832 12046
832 12165
832 12809
832 13907
832 14061
832 14133
832 14282
832 15467
832 16841
832 17070
832 17179
832 17350
832 17429
833 17
833 911
833 1845
833 2344
833 2393
833 2472
833 2688
833 3143
833 3465
833 3481
833 4968
833 5347
833 5595
833 5833
833 6015
833 6240
833 8098
833 8273
833 8358
833 8490
833 8828
833 8976
833 9075
833 9234
833 9390
833 10002
833 11649
833 11822
833 11962
833 12047
833 12166
833 12810
833 13908
833 14062
833 14134
833 14283
833 15468
833 16842
833 17071
833 17180
833 17351
833 17430
834 18
834 912
834 1846
834 2345
834 2394
834 2473
834 2577
834 3144
834 3466
834 3482
834 4969
834 5348
834 5596
834 5834
834 6016
834 6241
834 8099
834 8274
834 8359
834 8491
834 8829
834 8977
834 9076
834 9235
834 9391
834 10003
834 11650
834 11823
834 11963
834 12048
834 12167
834 12811
834 13909
834 14063
834 14135
834 14284
834 15469
834 16843
834 17072
834 17181
834 17352
834 17431
835 19
835 913
835 1847
835 2346
835 2395
835 2474
835 2578
835 3145
835 3467
835 3483
835 4970
835 5349
835 5597
835 5835
835 6017
835 6242
835 8100
835 8275
835 8360
835 8492
835 8830
835 8978
835 9077
835 9236
835 9392
835 10004
835 11651
835 11824
835 11964
835 12049
835 12168
835 12812
835 13910
835 14064
835 14136
835 14285
835 15470
835 16844
835 17073
835 17182
835 17353
835 17432
836 20
836 914
836 1848
836 2347
836 2396
836 2475
836 2579
836 3146
836 3468
836 3484
836 4971
836 5350
836 5598
836 5836
836 6018
836 6243
836 8101
836 8276
836 8361
836 8493
836 8831
836 8979
836 9078
836 9237
836 9393
836 10005
836 11652
836 11825
836 11965
836 12050
836 12169
836 12813
836 13911
836 14065
836 14137
836 14286
836 15471
836 16845
836 17074
836 17183
836 17354
836 17433
837 21
837 915
837 1849
837 2348
837 2397
837 2476
837 2580
837 3147
837 3469
837 3485
837 4972
837 5351
837 5599
837 5837
837 6019
837 6244
837 8102
837 8277
837 8362
837 8494
837 8832
837 8980
837 9079
837 9238
837 9394
837 10006
837 11653
837 11826
837 11966
837 12051
837 12170
837 12814
837 13912
837 14066
837 14138
837 14287
837 15472
837 16846
837 17075
837 17184
837 17355
837 17434
838 22
838 916
838 1850
838 2349
838 2398
838 2477
838 2581
838 3148
838 3470
838 3486
838 4973
838 5352
838 5600
838 5838
838 6020
838 6245
838 8103
838 8278
838 8363
838 8495
838 8833
838 8981
838 9080
838 9239
838 9395
838 10007
838 11654
838 11827
838 11967
838 12052
838 12171
838 12815
838 13913
838 14067
838 14139
838 14288
838 15473
838 16847
838 17076
838 17185
838 17356
838 17435
839 23
839 917
839 1851
839 2350
839 2399
839 2478
839 2582
839 3149
839 3471
839 3487
839 4974
839 5353
839 5489
839 5839
839 6021
839 6246
839 8104
839 8279
839 8364
839 8496
839 8834
839 8982
839 9081
839 9240
839 9396
839 10008
839 11655
839 11828
839 11968
839 12053
839 12172
839 12816
839 13914
839 14068
839 14140
839 14289
839 15474
839 16848
839 17077
839 17186
839 17357
839 17436
840 24
840 918
840 1852
840 2351
840 2400
840 2479
840 2583
840 3150
840 3472
840 3488
840 4975
840 5354
840 5490
840 5840
840 6022
840 6247
840 8105
840 8280
840 8365
840 8497
840 8835
840 8983
840 9082
840 9241
840 9397
840 10009
840 11656
840 11829
840 11969
840 12054
840 12173
840 12817
840 13915
840 14069
840 14141
840 14290
840 15475
840 16849
840 17078
840 17187
840 17358
840 17437
841 25
841 919
841 1853
841 2352
841 2401
841 2480
841 2584
841 3151
841 3361
841 3489
841 4976
841 5355
841 5491
841 5841
841 6023
841 6248
841 8106
841 8281
841 8366
841 8498
841 8836
841 8984
841 9083
841 9242
841 9398
841 10010
841 11657
841 11830
841 11970
841 12055
841 12174
841 12818
841 13916
841 14070
841 14142
841 14291
841 15476
841 16850
841 17079
841 17188
841 17359
841 17438
842 26
842 920
842 1854
842 2241
842 2402
842 2481
842 2585
842 3152
842 3362
842 3490
842 4977
842 5356
842 5492
842 5842
842 6024
842 6249
842 8107
842 8282
842 8367
842 8499
842 8837
842 8985
842 9084
842 9243
842 9399
842 10011
842 11658
842 11831
842 11971
842 12056
842 12175
842 12819
842 13917
842 14071
842 14143
842 14292
842 15477
842 16851
842 17080
842 17189
842 17360
842 17439
843 27
843 921
843 1855
843 2242
843 2403
843 2482
843 2586
843 3153
843 3363
843 3491
843 4978
843 5357
843 5493
843 5843
843 6025
843 6250
843 8108
843 8283
843 8368
843 8500
843 8838
843 8986
843 9085
843 9244
843 9400
843 10012
843 11659
843 11832
843 11972
843 12057
843 12176
843 12820
843 13918
843 14072
843 14144
843 14293
843 15478
843 16852
843 17081
843 17190
843 17249
843 17440
844 28
844 922
844 1856
844 2243
844 2404
844 2483
844 2587
844 3154
844 3364
844 3492
844 4979
844 5358
844 5494
844 5844
844 6026
844 6251
844 8109
844 8284
844 8369
844 8501
844 8839
844 8987
844 9086
844 9245
844 9401
844 10013
844 11660
844 11833
844 11973
844 12058
844 12177
844 12821
844 13919
844 14073
844 14145
844 14294
844 15479
844 16853
844 17082
844 17191
844 17250
844 17441
845 29
845 923
845 1857
845 2244
845 2405
845 2484
845 2588
845 3155
845 3365
845 3493
845 4980
845 5359
845 5495
845 5845
845 6027
845 6252
845 8110
845 8285
845 8370
845 8502
845 8840
845 8988
845 9087
845 9246
845 9402
845 10014
845 11661
845 11834
845 11974
845 12059
845 12178
845 12822
845 13920
845 14074
845 14146
845 14295
845 15480
845 16854
845 17083
845 17192
845 17251
845 17442
846 30
846 924
846 1858
846 2245
846 2406
846 2485
846 2589
846 3156
846 3366
846 3494
846 4981
846 5360
846 5496
846 5846
846 6028
846 6253
846 8111
846 8286
846 8371
846 8503
846 8841
846 8989
846 9088
846 9247
846 9403
846 10015
846 11662
846 11835
846 11975
846 12060
846 12179
846 12823
846 13921
846 14075
846 14147
846 14296
846 15481
846 16855
846 17084
846 17193
846 17252
846 17443
847 31
847 925
847 1859
847 2246
847 2407
847 2486
847 2590
847 3157
847 3367
847 3495
847 4982
847 5361
847 5497
847 5847
847 6029
847 6254
847 8112
847 8287
847 8372
847 8504
847 8842
847 8990
847 9089
847 9248
847 9404
847 10016
847 11663
847 11836
847 11976
847 12061
847 12180
847 12824
847 13922
847 14076
847 14148
847 14297
847 15482
847 16856
847 17085
847 17194
847 17253
847 17444
848 32
848 926
848 1860
848 2247
848 2408
848 2487
848 2591
848 3158
848 3368
848 3496
848 4983
848 5362
848 5498
848 5848
848 6030
848 6255
848 8113
848 8288
848 8373
848 8505
848 8843
848 8991
848 9090
848 9249
848 9405
848 10017
848 11664
848 11837
848 11977
848 12062
848 12181
848 12825
848 13923
848 14077
848 14149
848 14298
848 15483
848 16857
848 17086
848 17195
848 17254
848 17445
849 33
849 927
849 1861
849 2248
849 2409
849 2488
849 2592
849 3159
849 3369
849 3497
849 4984
849 5363
849 5499
849 5849
849 6031
849 6256
849 8114
849 8177
849 8374
849 8506
849 8844
849 8992
849 9091
849 9250
849 9406
849 10018
849 11665
849 11838
849 11978
849 12063
849 12182
849 12826
849 13924
849 14078
849 14150
849 14299
849 15484
849 16858
849 17087
849 17196
849 17255
849 17446
850 34
850 928
850 1862
850 2249
850 2410
850 2489
850 2593
850 3160
850 3370
850 3498
850 4985
850 5364
850 5500
850 5850
850 6032
850 6257
850 8115
850 8178
850 8375
850 8507
850 8845
850 8993
850 9092
850 9251
850 9407
850 10019
850 11666
850 11839
850 11979
850 12064
850 12183
850 12827
850 13925
850 14079
850 14151
850 14300
850 15485
850 16859
850 17088
850 17197
850 17256
850 17447
851 35
851 929
851 1863
851 2250
851 2411
851 2490
851 2594
851 3161
851 3371
851 3499
851 4986
851 5365
851 5501
851 5851
851 6033
851 6258
851 8116
851 8179
851 8376
851 8508
851 8846
851 8994
851 9093
851 9252
851 9408
851 10020
851 11667
851 11840
851 11980
851 12065
851 12184
851 12828
851 13926
851 14080
851 14152
851 14301
851 15486
851 16860
851 17089
851 17198
851 17257
851 17448
852 36
852 930
852 1864
852 2251
852 2412
852 2491
852 2595
852 3162
852 3372
852 3500
852 4987
852 5366
852 5502
852 5852
852 6034
852 6259
852 8117
852 8180
852 8377
852 8509
852 8847
852 8995
852 9094
852 9253
852 9297
852 10021
852 11668
852 11841
852 11981
852 12066
852 12185
852 12829
852 13927
852 14081
852 14153
852 14302
852 15487
852 16861
852 17090
852 17199
852 17258
852 17449
853 37
853 931
853 1865
853 2252
853 2413
853 2492
853 2596
853 3163
853 3373
853 3501
853 4988
853 5367
853 5503
853 5853
853 6035
853 6260
853 8118
853 8181
853 8378
853 8510
853 8848
853 8996
853 9095
853 9254
853 9298
853 10022
853 11669
853 11842
853 11982
853 12067
853 12186
853 12830
853 13928
853 14082
853 14154
853 14303
853 15488
853 16862
853 17091
853 17200
853 17259
853 17450
854 38
854 932
854 1866
854 2253
854 2414
854 2493
854 2597
854 3164
854 3374
854 3502
854 4989
854 5368
854 5504
854 5854
854 6036
854 6261
854 8119
854 8182
854 8379
854 8511
854 8737
854 8997
854 9096
854 9255
854 9299
854 10023
854 11670
854 11843
854 11983
854 12068
854 12187
854 12831
854 13929
854 14083
854 14155
854 14304
854 15489
854 16863
854 17092
854 17201
854 17260
854 17451
855 39
855 933
855 1867
855 2254
855 2415
855 2494
855 2598
855 3165
855 3375
855 3503
855 4990
855 5369
855 5505
855 5855
855 6037
855 6262
855 8120
855 8183
855 8380
855 8512
855 8738
855 8998
855 9097
855 9256
855 9300
855 10024
855 11671
855 11844
855 11984
855 12069
855 12188
855 12832
855 13930
855 14084
855 14156
855 14305
855 15490
855 16864
855 17093
855 17202
855 17261
855 17452
856 40
856 934
856 1868
856 2255
856 2416
856 2495
856 2599
856 3166
856 3376
856 3504
856 4991
856 5370
856 5506
856 5856
856 6038
856 6263
856 8121
856 8184
856 8381
856 8401
856 8739
856 8999
856 9098
856 9257
856 9301
856 10025
856 11672
856 11845
856 11873
856 12070
856 12189
856 12833
856 13931
856 14085
856 14157
856 14306
856 15491
856 16865
856 17094
856 17203
856 17262
856 17453
857 41
857 935
857 1869
857 2256
857 2417
857 2496
857 2600
857 3167
857 3377
857 3505
857 4992
857 5371
857 5507
857 5857
857 6039
857 6264
857 8122
857 8185
857 8382
857 8402
857 8740
857 9000
857 9099
857 9258
857 9302
857 10026
857 11673
857 11846
857 11874
857 12071
857 12190
857 12834
857 13932
857 14086
857 14158
857 14307
857 15492
857 16866
857 17095
857 17204
857 17263
857 17454
858 42
858 936
858 1870
858 2257
858 2418
858 2497
858 2601
858 3168
858 3378
858 3506
858 4993
858 5372
858 5508
858 5858
858 6040
858 6265
858 8123
858 8186
858 8383
858 8403
858 8741
858 9001
858 9100
858 9259
858 9303
858 10027
858 11674
858 11847
858 11875
858 12072
858 12191
858 12835
858 13933
858 14087
858 14159
858 14308
858 15493
858 16867
858 17096
858 17205
858 17264
858 17455
859 43
859 937
859 1871
859 2258
859 2419
859 2498
859 2602
859 3169
859 3379
859 3507
859 4994
859 5373
859 5509
859 5859
859 6041
859 6266
859 8124
859 8187
859 8384
859 8404
859 8742
859 9002
859 9101
859 9260
859 9304
859 10028
859 11675
859 11848
859 11876
859 12073
859 12192
859 12836
859 13934
859 14088
859 14160
859 14309
859 15494
859 16868
859 17097
859 17206
859 17265
859 17456
860 44
860 938
860 1872
860 2259
860 2420
860 2499
860 2603
860 3170
860 3380
860 3508
860 4995
860 5374
860 5510
860 5860
860 6042
860 6267
860 8125
860 8188
860 8385
860 8405
860 8743
860 9003
860 9102
860 9261
860 9305
860 10029
860 11676
860 11849
860 11877
860 12074
860 12193
860 12837
860 13935
860 14089
860 14161
860 14310
860 15495
860 16869
860 17098
860 17207
860 17266
860 17457
861 45
861 939
861 1873
861 2260
861 2421
861 2500
861 2604
861 3171
861 3381
861 3509
861 4996
861 5375
861 5511
861 5861
861 6043
861 6268
861 8126
861 8189
861 8386
861 8406
861 8744
861 9004
861 9103
861 9262
861 9306
861 10030
861 11677
861 11850
861 11878
861 12075
861 12194
861 12838
861 13936
861 14090
861 14162
861 14311
861 15496
861 16870
861 17099
861 17208
861 17267
861 17458
862 46
862 940
862 1874
862 2261
862 2422
862 2501
862 2605
862 3172
862 3382
862 3510
862 4997
862 5376
862 5512
862 5862
862 6044
862 6269
862 8127
862 8190
862 8387
862 8407
862 8745
862 9005
862 9104
862 9263
862 9307
862 10031
862 11678
862 11851
862 11879
862 12076
862 12195
862 12839
862 13937
862 14091
862 14163
862 14312
862 15497
862 16871
862 17100
862 17209
862 17268
862 17459
863 47
863 941
863 1875
863 2262
863 2423
863 2502
863 2606
863 3173
863 3383
863 3511
863 4998
863 5265
863 5513
863 5863
863 6045
863 6270
863 8128
863 8191
863 8388
863 8408
863 8746
863 9006
863 9105
863 9264
863 9308
863 10032
863 11679
863 11852
863 11880
863 12077
863 12196
863 12840
863 13938
863 14092
863 14164
863 14313
863 15498
863 16872
863 17101
863 17210
863 17269
863 17460
864 48
864 942
864 1876
864 2263
864 2424
864 2503
864 2607
864 3174
864 3384
864 3512
864 4999
864 5266
864 5514
864 5864
864 6046
864 6271
864 8129
864 8192
864 8389
864 8409
864 8747
864 9007
864 9106
864 9265
864 9309
864 10033
864 11680
864 11853
864 11881
864 12078
864 12197
864 12841
864 13939
864 14093
864 14165
864 14314
864 15499
864 16873
864 17102
864 17211
864 17270
864 17461
865 49
865 943
865 1877
865 2264
865 2425
865 2504
865 2608
865 3175
865 3385
865 3513
865 5000
865 5267
865 5515
865 5865
865 6047
865 6272
865 8130
865 8193
865 8390
865 8410
865 8748
865 9008
865 9107
865 9266
865 9310
865 10034
865 11681
865 11854
865 11882
865 12079
865 12198
865 12842
865 13940
865 14094
865 14166
865 14315
865 15500
865 16874
865 17103
865 17212
865 17271
865 17462
866 50
866 944
866 1878
866 2265
866 2426
866 2505
866 2609
866 3176
866 3386
866 3514
866 5001
866 5268
866 5516
866 5866
866 6048
866 6161
866 8131
866 8194
866 8391
866 8411
866 8749
866 9009
866 9108
866 9267
866 9311
866 10035
866 11682
866 11855
866 11883
866 12080
866 12199
866 12843
866 13941
866 14095
866 14167
866 14316
866 15501
866 16875
866 17104
866 17213
866 17272
866 17463
867 51
867 945
867 1879
867 2266
867 2427
867 2506
867 2610
867 3177
867 3387
867 3515
867 5002
867 5269
867 5517
867 5867
867 5937
867 6162
867 8132
867 8195
867 8392
867 8412
867 8750
867 9010
867 9109
867 9268
867 9312
867 10036
867 11683
867 11856
867 11884
867 12081
867 12200
867 12844
867 13942
867 14096
867 14168
867 14317
867 15502
867 16876
867 17105
867 17214
867 17273
867 17464
868 52
868 946
868 1880
868 2267
868 2428
868 2507
868 2611
868 3178
868 3388
868 3516
868 5003
868 5270
868 5518
868 5868
868 5938
868 6163
868 8133
868 8196
868 8393
868 8413
868 8751
868 9011
868 9110
868 9269
868 9313
868 10037
868 11684
868 11857
868 11885
868 12082
868 12201
868 12845
868 13943
868 14097
868 14169
868 14318
868 15503
868 16877
868 17106
868 17215
868 17274
868 17465
869 53
869 947
869 1881
869 2268
869 2429
869 2508
869 2612
869 3179
869 3389
869 3517
869 5004
869 5271
869 5519
869 5869
869 5939
869 6164
869 8134
869 8197
869 8394
869 8414
869 8752
869 9012
869 9111
869 9270
869 9314
869 10038
869 11685
869 11858
869 11886
869 12083
869 12202
869 12846
869 13944
869 14098
869 14170
869 14319
869 15504
869 16878
869 17107
869 17216
869 17275
869 17466
870 54
870 948
870 1882
870 2269
870 2430
870 2509
870 2613
870 3180
870 3390
870 3518
870 5005
870 5272
870 5520
870 5870
870 5940
870 6165
870 8135
870 8198
870 8395
870 8415
870 8753
870 9013
870 9112
870 9271
870 9315
870 10039
870 11686
870 11859
870 11887
870 12084
870 12203
870 12847
870 13945
870 14099
870 14171
870 14320
870 15505
870 16879
870 17108
870 17217
870 17276
870 17467
871 55
871 949
871 1883
871 2270
871 2431
871 2510
871 2614
871 3181
871 3391
871 3519
871 5006
871 5273
871 5521
871 5871
871 5941
871 6166
871 8136
871 8199
871 8396
871 8416
871 8754
871 9014
871 9113
871 9272
871 9316
871 10040
871 11687
871 11860
871 11888
871 12085
871 12204
871 12848
871 13946
871 14100
871 14172
871 14321
871 15506
871 16880
871 17109
871 17218
871 17277
871 17468
872 56
872 950
872 1884
872 2271
872 2432
872 2511
872 2615
872 3182
872 3392
872 3520
872 5007
872 5274
872 5522
872 5872
872 5942
872 6167
872 8137
872 8200
872 8397
872 8417
872 8755
872 9015
872 9114
872 9273
872 9317
872 10041
872 11688
872 11861
872 11889
872 12086
872 12205
872 12849
872 13947
872 14101
872 14173
872 14322
872 15507
872 16881
872 17110
872 17219
872 17278
872 17469
873 57
873 951
873 1885
873 2272
873 2433
873 2512
873 2616
873 3183
873 3393
873 3521
873 5008
873 5275
873 5523
873 5873
873 5943
873 6168
873 8138
873 8201
873 8398
873 8418
873 8756
873 9016
873 9115
873 9274
873 9318
873 10042
873 11689
873 11862
873 11890
873 12087
873 12206
873 12850
873 13948
873 14102
873 14174
873 14323
873 15508
873 16882
873 17111
873 17220
873 17279
873 17470
874 58
874 952
874 1886
874 2273
874 2434
874 2513
874 2617
874 3184
874 3394
874 3522
874 5009
874 5276
874 5524
874 5874
874 5944
874 6169
874 8139
874 8202
874 8399
874 8419
874 8757
874 9017
874 9116
874 9275
874 9319
874 10043
874 11690
874 11863
874 11891
874 12088
874 12207
874 12851
874 13949
874 14103
874 14175
874 14324
874 15509
874 16883
874 17112
874 17221
874 17280
874 17471
875 59
875 953
875 1887
875 2274
875 2435
875 2514
875 2618
875 3185
875 3395
875 3523
875 5010
875 5277
875 5525
875 5875
875 5945
875 6170
875 8140
875 8203
875 8400
875 8420
875 8758
875 9018
875 9117
875 9276
875 9320
875 10044
875 11691
875 11864
875 11892
875 12089
875 12208
875 12852
875 13950
875 14104
875 14176
875 14325
875 15510
875 16884
875 17113
875 17222
875 17281
875 17472
876 60
876 954
876 1888
876 2275
876 2436
876 2515
876 2619
876 3186
876 3396
876 3524
876 5011
876 5278
876 5526
876 5876
876 5946
876 6171
876 8141
876 8204
876 8289
876 8421
876 8759
876 9019
876 9118
876 9277
876 9321
876 10045
876 11692
876 11865
876 11893
876 12090
876 12097
876 12853
876 13951
876 14105
876 14177
876 14326
876 15511
876 16885
876 17114
876 17223
876 17282
876 17361
877 61
877 955
877 1889
877 2276
877 2437
877 2516
877 2620
877 3187
877 3397
877 3525
877 5012
877 5279
877 5527
877 5877
877 5947
877 6172
877 8142
877 8205
877 8290
877 8422
877 8760
877 9020
877 9119
877 9278
877 9322
877 10046
877 11693
877 11866
877 11894
877 12091
877 12098
877 12854
877 13952
877 14106
877 14178
877 14327
877 15512
877 16886
877 17115
877 17224
877 17283
877 17362
878 62
878 956
878 1890
878 2277
878 2438
878 2517
878 2621
878 3188
878 3398
878 3526
878 5013
878 5280
878 5528
878 5878
878 5948
878 6173
878 8143
878 8206
878 8291
878 8423
878 8761
878 9021
878 9120
878 9279
878 9323
878 10047
878 11694
878 11867
878 11895
878 12092
878 12099
878 12855
878 13953
878 14107
878 14179
878 14328
878 15513
878 16887
878 17116
878 17225
878 17284
878 17363
879 63
879 957
879 1891
879 2278
879 2439
879 2518
879 2622
879 3189
879 3399
879 3527
879 5014
879 5281
879 5529
879 5879
879 5949
879 6174
879 8144
879 8207
879 8292
879 8424
879 8762
879 9022
879 9121
879 9280
879 9324
879 10048
879 11695
879 11868
879 11896
879 12093
879 12100
879 12856
879 13954
879 14108
879 14180
879 14329
879 15514
879 16888
879 17117
879 17226
879 17285
879 17364
880 64
880 958
880 1892
880 2279
880 2440
880 2519
880 2623
880 3190
880 3400
880 3528
880 5015
880 5282
880 5530
880 5880
880 5950
880 6175
880 8145
880 8208
880 8293
880 8425
880 8763
880 9023
880 9122
880 9281
880 9325
880 10049
880 11696
880 11869
880 11897
880 12094
880 12101
880 12857
880 13955
880 14109
880 14181
880 14330
880 15515
880 16889
880 17118
880 17227
880 17286
880 17365
881 65
881 959
881 1893
881 2280
881 2441
881 2520
881 2624
881 3191
881 3401
881 3529
881 5016
881 5283
881 5531
881 5881
881 5951
881 6176
881 8146
881 8209
881 8294
881 8426
881 8764
881 9024
881 9123
881 9282
881 9326
881 10050
881 11697
881 11870
881 11898
881 12095
881 12102
881 12858
881 13956
881 14110
881 14182
881 14331
881 15516
881 16890
881 17119
881 17228
881 17287
881 17366
882 66
882 960
882 1894
882 2281
882 2442
882 2521
882 2625
882 3192
882 3402
882 3530
882 5017
882 5284
882 5532
882 5882
882 5952
882 6177
882 8147
882 8210
882 8295
882 8427
882 8765
882 9025
882 9124
882 9283
882 9327
882 10051
882 11698
882 11871
882 11899
882 12096
882 12103
882 12859
882 13957
882 14111
882 14183
882 14332
882 15517
882 16891
882 17120
882 17229
882 17288
882 17367
883 67
883 961
883 1895
883 2282
883 2443
883 2522
883 2626
883 3193
883 3403
883 3531
883 5018
883 5285
883 5533
883 5883
883 5953
883 6178
883 8148
883 8211
883 8296
883 8428
883 8766
883 9026
883 9125
883 9284
883 9328
883 10052
883 11699
883 11872
883 11900
883 11985
883 12104
883 12860
883 13958
883 14112
883 14184
883 14333
883 15518
883 16892
883 17121
883 17230
883 17289
883 17368
884 68
884 962
884 1896
884 2283
884 2444
884 2523
884 2627
884 3194
884 3404
884 3532
884 5019
884 5286
884 5534
884 5884
884 5954
884 6179
884 8149
884 8212
884 8297
884 8429
884 8767
884 9027
884 9126
884 9285
884 9329
884 10053
884 11700
884 11761
884 11901
884 11986
884 12105
884 12861
884 13959
884 14001
884 14185
884 14334
884 15519
884 16893
884 17122
884 17231
884 17290
884 17369
885 69
885 963
885 1897
885 2284
885 2445
885 2524
885 2628
885 3195
885 3405
885 3533
885 5020
885 5287
885 5535
885 5885
885 5955
885 6180
885 8150
885 8213
885 8298
885 8430
885 8768
885 9028
885 9127
885 9286
885 9330
885 10054
885 11701
885 11762
885 11902
885 11987
885 12106
885 12862
885 13960
885 14002
885 14186
885 14335
885 15520
885 16894
885 17123
885 17232
885 17291
885 17370
886 70
886 964
886 1898
886 2285
886 2446
886 2525
886 2629
886 3196
886 3406
886 3534
886 5021
886 5288
886 5536
886 5886
886 5956
886 6181
886 8151
886 8214
886 8299
886 8431
886 8769
886 9029
886 9128
886 9287
886 9331
886 10055
886 11702
886 11763
886 11903
886 11988
886 12107
886 12863
886 13961
886 14003
886 14187
886 14336
886 15521
886 16895
886 17124
886 17233
886 17292
886 17371
887 71
887 965
887 1899
887 2286
887 2447
887 2526
887 2630
887 3197
887 3407
887 3535
887 5022
887 5289
887 5537
887 5887
887 5957
887 6182
887 8152
887 8215
887 8300
887 8432
887 8770
887 9030
887 9129
887 9288
887 9332
887 10056
887 11703
887 11764
887 11904
887 11989
887 12108
887 12864
887 13962
887 14004
887 14188
887 14225
887 15522
887 16896
887 17125
887 17234
887 17293
887 17372
888 72
888 966
888 1900
888 2287
888 2448
888 2527
888 2631
888 3198
888 3408
888 3536
888 5023
888 5290
888 5538
888 5888
888 5958
888 6183
888 8153
888 8216
888 8301
888 8433
888 8771
888 9031
888 9130
888 9289
888 9333
888 10057
888 11704
888 11765
888 11905
888 11990
888 12109
888 12865
888 13963
888 14005
888 14189
888 14226
888 15523
888 16897
888 17126
888 17235
888 17294
888 17373
889 73
889 967
889 1901
889 2288
889 2449
889 2528
889 2632
889 3199
889 3409
889 3537
889 5024
889 5291
889 5539
889 5889
889 5959
889 6184
889 8154
889 8217
889 8302
889 8434
889 8772
889 9032
889 9131
889 9290
889 9334
889 10058
889 11705
889 11766
889 11906
889 11991
889 12110
889 12866
889 13964
889 14006
889 14190
889 14227
889 15524
889 16898
889 17127
889 17236
889 17295
889 17374
890 74
890 968
890 1902
890 2289
890 2450
890 2529
890 2633
890 3200
890 3410
890 3538
890 5025
890 5292
890 5540
890 5890
890 5960
890 6185
890 8155
890 8218
890 8303
890 8435
890 8773
890 9033
890 9132
890 9291
890 9335
890 10059
890 11706
890 11767
890 11907
890 11992
890 12111
890 12867
890 13965
890 14007
890 14191
890 14228
890 15525
890 16899
890 17128
890 17237
890 17296
890 17375
891 75
891 969
891 1903
891 2290
891 2451
891 2530
891 2634
891 3201
891 3411
891 3539
891 5026
891 5293
891 5541
891 5891
891 5961
891 6186
891 8156
891 8219
891 8304
891 8436
891 8774
891 9034
891 9133
891 9292
891 9336
891 10060
891 11707
891 11768
891 11908
891 11993
891 12112
891 12868
891 13966
891 14008
891 14192
891 14229
891 15526
891 16900
891 17129
891 17238
891 17297
891 17376
892 76
892 970
892 1904
892 2291
892 2452
892 2531
892 2635
892 3202
892 3412
892 3540
892 5027
892 5294
892 5542
892 5892
892 5962
892 6187
892 8157
892 8220
892 8305
892 8437
892 8775
892 9035
892 9134
892 9293
892 9337
892 10061
892 11708
892 11769
892 11909
892 11994
892 12113
892 12869
892 13967
892 14009
892 14193
892 14230
892 15527
892 16901
892 17130
892 17239
892 17298
892 17377
893 77
893 971
893 1793
893 2292
893 2453
893 2532
893 2636
893 3203
893 3413
893 3541
893 5028
893 5295
893 5543
893 5893
893 5963
893 6188
893 8158
893 8221
893 8306
893 8438
893 8776
893 9036
893 9135
893 9294
893 9338
893 10062
893 11709
893 11770
893 11910
893 11995
893 12114
893 12870
893 13968
893 14010
893 14194
893 14231
893 15528
893 16902
893 17131
893 17240
893 17299
893 17378
894 78
894 972
894 1794
894 2293
894 2454
894 2533
894 2637
894 3204
894 3414
894 3542
894 5029
894 5296
894 5544
894 5894
894 5964
894 6189
894 8159
894 8222
894 8307
894 8439
894 8777
894 9037
894 9136
894 9295
894 9339
894 10063
894 11710
894 11771
894 11911
894 11996
894 12115
894 12871
894 13969
894 14011
894 14195
894 14232
894 15529
894 16903
894 17132
894 17241
894 17300
894 17379
895 79
895 973
895 1795
895 2294
895 2455
895 2534
895 2638
895 3205
895 3415
895 3543
895 5030
895 5297
895 5545
895 5895
895 5965
895 6190
895 8160
895 8223
895 8308
895 8440
895 8778
895 9038
895 9137
895 9296
895 9340
895 10064
895 11711
895 11772
895 11912
895 11997
895 12116
895 12872
895 13970
895 14012
895 14196
895 14233
895 15530
895 16904
895 17133
895 17242
895 17301
895 17380
896 80
896 974
896 1796
896 2295
896 2456
896 2535
896 2639
896 3206
896 3416
896 3544
896 5031
896 5298
896 5546
896 5896
896 5966
896 6191
896 8161
896 8224
896 8309
896 8441
896 8779
896 9039
896 9138
896 9185
896 9341
896 10065
896 11712
896 11773
896 11913
896 11998
896 12117
896 12873
896 13971
896 14013
896 14197
896 14234
896 15531
896 16905
896 17134
896 17243
896 17302
896 17381
897 371
897 1781
897 2054
897 2455
897 2557
897 2856
897 3538
897 3787
897 3966
897 4374
897 4710
897 5016
897 5105
897 5192
897 5369
897 5482
897 5529
897 5675
897 5765
897 6387
897 7575
897 8712
897 8805
897 8940
897 9916
897 10013
897 10125
897 10225
897 10550
897 11623
897 12097
897 12408
897 12584
897 12734
897 12870
897 12886
897 13326
897 14708
897 15041
897 15326
897 15438
897 15478
897 15585
897 16661
897 16789
897 16883
897 17007
897 17605
897 17791
898 372
898 1782
898 2055
898 2456
898 2558
898 2857
898 3539
898 3788
898 3967
898 4375
898 4711
898 5017
898 5106
898 5193
898 5370
898 5483
898 5530
898 5676
898 5766
898 6388
898 7576
898 8713
898 8806
898 8941
898 9917
898 10014
898 10126
898 10226
898 10551
898 11624
898 12098
898 12409
898 12585
898 12735
898 12871
898 12887
898 13327
898 14709
898 15042
898 15327
898 15439
898 15479
898 15586
898 16662
898 16790
898 16884
898 17008
898 17606
898 17792
899 373
899 1783
899 2056
899 2457
899 2559
899 2858
899 3540
899 3789
899 3968
899 4376
899 4712
899 5018
899 5107
899 5194
899 5371
899 5484
899 5531
899 5677
899 5767
899 6389
899 7577
899 8714
899 8807
899 8942
899 9918
899 10015
899 10127
899 10227
899 10552
899 11625
899 12099
899 12410
899 12586
899 12736
899 12872
899 12888
899 13328
899 14710
899 15043
899 15328
899 15440
899 15480
899 15587
899 16663
899 16791
899 16885
899 17009
899 17607
899 17793
900 374
900 1784
900 2057
900 2458
900 2560
900 2859
900 3541
900 3790
900 3969
900 4377
900 4713
900 5019
900 5108
900 5195
900 5372
900 5485
900 5532
900 5678
900 5768
900 6390
900 7578
900 8715
900 8808
900 8943
900 9919
900 10016
900 10128
900 10228
900 10553
900 11626
900 12100
900 12411
900 12587
900 12737
900 12873
900 12889
900 13217
900 14711
900 15044
900 15329
900 15441
900 15481
900 15588
900 16664
900 16792
900 16886
900 17010
900 17608
900 17794
901 375
901 1785
901 2058
901 2459
901 2561
901 2860
901 3542
901 3791
901 3970
901 4378
901 4714
901 5020
901 5109
901 5196
901 5373
901 5486
901 5533
901 5679
901 5769
901 6391
901 7579
901 8716
901 8809
901 8944
901 9920
901 10017
901 10129
901 10229
901 10554
901 11627
901 12101
901 12412
901 12588
901 12738
901 12874
901 12890
901 13218
901 14712
901 15045
901 15330
901 15442
901 15482
901 15589
901 16665
901 16793
901 16887
901 17011
901 17609
901 17795
902 376
902 1786
902 2059
902 2460
902 2562
902 2861
902 3543
902 3792
902 3971
902 4379
902 4715
902 5021
902 5110
902 5197
902 5374
902 5487
902 5534
902 5680
902 5770
902 6392
902 7580
902 8717
902 8810
902 8945
902 9921
902 10018
902 10130
902 10230
902 10555
902 11628
902 12102
902 12413
902 12589
902 12739
902 12875
902 12891
902 13219
902 14713
902 15046
902 15331
902 15443
902 15483
902 15590
902 16666
902 16794
902 16888
902 17012
902 17610
902 17796
903 377
903 1787
903 2060
903 2461
903 2563
903 2862
903 3544
903 3793
903 3972
903 4380
903 4716
903 5022
903 5111
903 5198
903 5375
903 5488
903 5535
903 5681
903 5771
903 6393
903 7581
903 8718
903 8811
903 8946
903 9922
903 10019
903 10131
903 10231
903 10556
903 11629
903 12103
903 12414
903 12590
903 12740
903 12876
903 12892
903 13220
903 14714
903 15047
903 15332
903 15444
903 15484
903 15591
903 16667
903 16795
903 16889
903 17013
903 17611
903 17797
904 378
904 1788
904 2061
904 2462
904 2564
904 2863
904 3545
904 3794
904 3973
904 4381
904 4717
904 5023
904 5112
904 5199
904 5376
904 5377
904 5536
904 5682
904 5772
904 6394
904 7582
904 8719
904 8812
904 8947
904 9923
904 10020
904 10132
904 10232
904 10557
904 11630
904 12104
904 12415
904 12591
904 12741
904 12877
904 12893
904 13221
904 14715
904 15048
904 15333
904 15445
904 15485
904 15592
904 16668
904 16796
904 16890
904 17014
904 17612
904 17798
905 379
905 1789
905 2062
905 2463
905 2565
905 2864
905 3546
905 3795
905 3974
905 4382
905 4718
905 5024
905 5113
905 5200
905 5265
905 5378
905 5537
905 5683
905 5773
905 6395
905 7583
905 8720
905 8813
905 8948
905 9924
905 10021
905 10133
905 10233
905 10558
905 11631
905 12105
905 12416
905 12592
905 12742
905 12878
905 12894
905 13222
905 14716
905 15049
905 15334
905 15446
905 15486
905 15593
905 16669
905 16797
905 16891
905 17015
905 17613
905 17799
906 380
906 1790
906 2063
906 2464
906 2566
906 2865
906 3547
906 3796
906 3975
906 4383
906 4719
906 5025
906 5114
906 5201
906 5266
906 5379
906 5538
906 5684
906 5774
906 6396
906 7584
906 8721
906 8814
906 8949
906 9925
906 10022
906 10134
906 10234
906 10559
906 11632
906 12106
906 12417
906 12593
906 12743
906 12879
906 12895
906 13223
906 14717
906 15050
906 15335
906 15447
906 15487
906 15594
906 16670
906 16798
906 16892
906 17016
906 17614
906 17800
907 381
907 1791
907 2064
907 2353
907 2567
907 2866
907 3548
907 3797
907 3976
907 4384
907 4720
907 5026
907 5115
907 5202
907 5267
907 5380
907 5539
907 5685
907 5775
907 6397
907 7585
907 8722
907 8815
907 8950
907 9926
907 10023
907 10135
907 10235
907 10560
907 11633
907 12107
907 12418
907 12594
907 12744
907 12880
907 12896
907 13224
907 14718
907 15051
907 15336
907 15448
907 15488
907 15595
907 16671
907 16799
907 16893
907 17017
907 17615
907 17801
908 382
908 1792
908 2065
908 2354
908 2568
908 2867
908 3549
908 3798
908 3977
908 4385
908 4721
908 5027
908 5116
908 5203
908 5268
908 5381
908 5540
908 5686
908 5776
908 6398
908 7586
908 8723
908 8816
908 8951
908 9927
908 10024
908 10136
908 10236
908 10561
908 11634
908 12108
908 12419
908 12595
908 12745
908 12769
908 12897
908 13225
908 14719
908 15052
908 15337
908 15449
908 15489
908 15596
908 16672
908 16800
908 16894
908 17018
908 17616
908 17802
909 383
909 1681
909 2066
909 2355
909 2569
909 2868
909 3550
909 3799
909 3978
909 4386
909 4722
909 5028
909 5117
909 5204
909 5269
909 5382
909 5541
909 5687
909 5777
909 6399
909 7587
909 8724
909 8817
909 8952
909 9928
909 10025
909 10137
909 10237
909 10562
909 11635
909 12109
909 12420
909 12596
909 12746
909 12770
909 12898
909 13226
909 14720
909 15053
909 15338
909 15450
909 15490
909 15597
909 16673
909 16689
909 16895
909 17019
909 17617
909 17803
910 384
910 1682
910 2067
910 2356
910 2570
910 2869
910 3551
910 3800
910 3979
910 4387
910 4723
910 5029
910 5118
910 5205
910 5270
910 5383
910 5542
910 5688
910 5778
910 6400
910 7588
910 8725
910 8818
910 8953
910 9929
910 10026
910 10138
910 10238
910 10563
910 11636
910 12110
910 12421
910 12597
910 12747
910 12771
910 12899
910 13227
910 14721
910 15054
910 15339
910 15451
910 15491
910 15598
910 16674
910 16690
910 16896
910 17020
910 17618
910 17804
911 385
911 1683
911 2068
911 2357
911 2571
911 2870
911 3552
911 3801
911 3980
911 4388
911 4724
911 5030
911 5119
911 5206
911 5271
911 5384
911 5543
911 5689
911 5779
911 6401
911 7589
911 8726
911 8819
911 8954
911 9930
911 10027
911 10139
911 10239
911 10564
911 11637
911 12111
911 12422
911 12598
911 12748
911 12772
911 12900
911 13228
911 14722
911 15055
911 15340
911 15452
911 15492
911 15599
911 16675
911 16691
911 16897
911 17021
911 17619
911 17805
912 386
912 1684
912 2069
912 2358
912 2572
912 2871
912 3553
912 3802
912 3981
912 4389
912 4725
912 5031
912 5120
912 5207
912 5272
912 5385
912 5544
912 5690
912 5780
912 6402
912 7590
912 8727
912 8820
912 8955
912 9931
912 10028
912 10140
912 10240
912 10565
912 11638
912 12112
912 12423
912 12599
912 12749
912 12773
912 12901
912 13229
912 14723
912 15056
912 15341
912 15453
912 15493
912 15600
912 16676
912 16692
912 16898
912 17022
912 17620
912 17806
913 387
913 1685
913 2070
913 2359
913 2573
913 2872
913 3554
913 3803
913 3982
913 4390
913 4726
913 5032
913 5121
913 5208
913 5273
913 5386
913 5545
913 5691
913 5781
913 6403
913 7591
913 8728
913 8821
913 8956
913 9932
913 10029
913 10141
913 10241
913 10566
913 11639
913 12113
913 12424
913 12600
913 12750
913 12774
913 12902
913 13230
913 14724
913 15057
913 15342
913 15454
913 15494
913 15601
913 16677
913 16693
913 16899
913 17023
913 17621
913 17807
914 388
914 1686
914 2071
914 2360
914 2574
914 2873
914 3555
914 3804
914 3983
914 4391
914 4727
914 5033
914 5122
914 5209
914 5274
914 5387
914 5546
914 5692
914 5782
914 6404
914 7592
914 8729
914 8822
914 8957
914 9933
914 10030
914 10142
914 10242
914 10567
914 11640
914 12114
914 12425
914 12601
914 12751
914 12775
914 12903
914 13231
914 14725
914 15058
914 15343
914 15455
914 15495
914 15602
914 16678
914 16694
914 16900
914 17024
914 17622
914 17808
915 389
915 1687
915 2072
915 2361
915 2575
915 2874
915 3556
915 3805
915 3984
915 4392
915 4728
915 5034
915 5123
915 5210
915 5275
915 5388
915 5547
915 5693
915 5783
915 6405
915 7593
915 8730
915 8823
915 8958
915 9934
915 10031
915 10143
915 10243
915 10568
915 11641
915 12115
915 12426
915 12602
915 12752
915 12776
915 12904
915 13232
915 14726
915 15059
915 15344
915 15456
915 15496
915 15603
915 16679
915 16695
915 16901
915 16913
915 17623
915 17697
916 390
916 1688
916 2073
916 2362
916 2576
916 2875
916 3557
916 3806
916 3985
916 4393
916 4729
916 5035
916 5124
916 5211
916 5276
916 5389
916 5548
916 5694
916 5784
916 6406
916 7594
916 8731
916 8824
916 8959
916 9935
916 10032
916 10144
916 10244
916 10569
916 11642
916 12116
916 12427
916 12603
916 12753
916 12777
916 12905
916 13233
916 14727
916 15060
916 15233
916 15345
916 15497
916 15604
916 16680
916 16696
916 16902
916 16914
916 17624
916 17698
917 391
917 1689
917 2074
917 2363
917 2465
917 2876
917 3558
917 3807
917 3986
917 4394
917 4730
917 5036
917 5125
917 5212
917 5277
917 5390
917 5549
917 5695
917 5785
917 6407
917 7595
917 8732
917 8825
917 8960
917 9936
917 10033
917 10145
917 10245
917 10570
917 11643
917 12117
917 12428
917 12604
917 12754
917 12778
917 12906
917 13234
917 14728
917 15061
917 15234
917 15346
917 15498
917 15605
917 16681
917 16697
917 16903
917 16915
917 17625
917 17699
918 392
918 1690
918 2075
918 2364
918 2466
918 2877
918 3559
918 3808
918 3987
918 4395
918 4731
918 5037
918 5126
918 5213
918 5278
918 5391
918 5550
918 5696
918 5786
918 6408
918 7596
918 8733
918 8826
918 8849
918 9937
918 10034
918 10146
918 10246
918 10571
918 11644
918 12118
918 12429
918 12605
918 12755
918 12779
918 12907
918 13235
918 14729
918 15062
918 15235
918 15347
918 15499
918 15606
918 16682
918 16698
918 16904
918 16916
918 17626
918 17700
919 393
919 1691
919 2076
919 2365
919 2467
919 2878
919 3560
919 3697
919 3988
919 4396
919 4732
919 5038
919 5127
919 5214
919 5279
919 5392
919 5551
919 5697
919 5787
919 6409
919 7597
919 8734
919 8827
919 8850
919 9938
919 10035
919 10147
919 10247
919 10572
919 11645
919 12119
919 12430
919 12606
919 12756
919 12780
919 12908
919 13236
919 14730
919 15063
919 15236
919 15348
919 15500
919 15607
919 16683
919 16699
919 16905
919 16917
919 17627
919 17701
920 394
920 1692
920 2077
920 2366
920 2468
920 2879
920 3561
920 3698
920 3989
920 4397
920 4733
920 5039
920 5128
920 5215
920 5280
920 5393
920 5552
920 5698
920 5788
920 6410
920 7598
920 8735
920 8828
920 8851
920 9939
920 10036
920 10148
920 10248
920 10573
920 11646
920 12120
920 12431
920 12607
920 12757
920 12781
920 12909
920 13237
920 14731
920 15064
920 15237
920 15349
920 15501
920 15608
920 16684
920 16700
920 16906
920 16918
920 17628
920 17702
921 395
921 1693
921 2078
921 2367
921 2469
921 2880
921 3562
921 3699
921 3990
921 4398
921 4734
921 5040
921 5129
921 5216
921 5281
921 5394
921 5553
921 5699
921 5789
921 6411
921 7599
921 8736
921 8829
921 8852
921 9940
921 10037
921 10149
921 10249
921 10574
921 11647
921 12121
921 12432
921 12608
921 12758
921 12782
921 12910
921 13238
921 14732
921 15065
921 15238
921 15350
921 15502
921 15609
921 16685
921 16701
921 16907
921 16919
921 17629
921 17703
922 396
922 1694
922 2079
922 2368
922 2470
922 2881
922 3563
922 3700
922 3991
922 4399
922 4735
922 4929
922 5130
922 5217
922 5282
922 5395
922 5554
922 5700
922 5790
922 6412
922 7600
922 8625
922 8830
922 8853
922 9941
922 10038
922 10150
922 10250
922 10575
922 11648
922 12122
922 12321
922 12609
922 12759
922 12783
922 12911
922 13239
922 14733
922 15066
922 15239
922 15351
922 15503
922 15610
922 16686
922 16702
922 16908
922 16920
922 17630
922 17704
923 397
923 1695
923 2080
923 2369
923 2471
923 2882
923 3564
923 3701
923 3992
923 4400
923 4736
923 4930
923 5131
923 5218
923 5283
923 5396
923 5555
923 5701
923 5791
923 6413
923 7601
923 8626
923 8831
923 8854
923 9942
923 10039
923 10151
923 10251
923 10576
923 11537
923 12123
923 12322
923 12610
923 12760
923 12784
923 12912
923 13240
923 14734
923 15067
923 15240
923 15352
923 15504
923 15611
923 16687
923 16703
923 16909
923 16921
923 17631
923 17705
924 398
924 1696
924 2081
924 2370
924 2472
924 2883
924 3565
924 3702
924 3993
924 4401
924 4737
924 4931
924 5132
924 5219
924 5284
924 5397
924 5556
924 5702
924 5792
924 6414
924 7602
924 8627
924 8832
924 8855
924 9943
924 10040
924 10152
924 10252
924 10577
924 11538
924 12124
924 12323
924 12611
924 12761
924 12785
924 12913
924 13241
924 14735
924 15068
924 15241
924 15353
924 15505
924 15612
924 16688
924 16704
924 16910
924 16922
924 17632
924 17706
925 399
925 1697
925 2082
925 2371
925 2473
925 2884
925 3566
925 3703
925 3994
925 4402
925 4738
925 4932
925 5133
925 5220
925 5285
925 5398
925 5557
925 5703
925 5793
925 6415
925 7603
925 8628
925 8833
925 8856
925 9944
925 10041
925 10153
925 10253
925 10578
925 11539
925 12125
925 12324
925 12612
925 12762
925 12786
925 12914
925 13242
925 14736
925 15069
925 15242
925 15354
925 15506
925 15613
925 16577
925 16705
925 16911
925 16923
925 17633
925 17707
926 400
926 1698
926 2083
926 2372
926 2474
926 2885
926 3567
926 3704
926 3995
926 4403
926 4739
926 4933
926 5134
926 5221
926 5286
926 5399
926 5558
926 5704
926 5794
926 6416
926 7604
926 8629
926 8834
926 8857
926 9945
926 10042
926 10154
926 10254
926 10579
926 11540
926 12126
926 12325
926 12613
926 12763
926 12787
926 12915
926 13243
926 14737
926 15070
926 15243
926 15355
926 15507
926 15614
926 16578
926 16706
926 16912
926 16924
926 17634
926 17708
927 401
927 1699
927 2084
927 2373
927 2475
927 2886
927 3568
927 3705
927 3996
927 4404
927 4740
927 4934
927 5135
927 5222
927 5287
927 5400
927 5559
927 5705
927 5795
927 6417
927 7605
927 8630
927 8835
927 8858
927 9946
927 10043
927 10155
927 10255
927 10580
927 11541
927 12127
927 12326
927 12614
927 12764
927 12788
927 12916
927 13244
927 14738
927 15071
927 15244
927 15356
927 15508
927 15615
927 16579
927 16707
927 16801
927 16925
927 17635
927 17709
928 402
928 1700
928 2085
928 2374
928 2476
928 2887
928 3569
928 3706
928 3997
928 4405
928 4741
928 4935
928 5136
928 5223
928 5288
928 5401
928 5560
928 5706
928 5796
928 6418
928 7606
928 8631
928 8836
928 8859
928 9947
928 10044
928 10156
928 10256
928 10581
928 11542
928 12128
928 12327
928 12615
928 12765
928 12789
928 12917
928 13245
928 14739
928 15072
928 15245
928 15357
928 15509
928 15616
928 16580
928 16708
928 16802
928 16926
928 17636
928 17710
929 403
929 1701
929 2086
929 2375
929 2477
929 2888
929 3570
929 3707
929 3998
929 4406
929 4742
929 4936
929 5137
929 5224
929 5289
929 5402
929 5561
929 5707
929 5797
929 6419
929 7607
929 8632
929 8837
929 8860
929 9948
929 10045
929 10157
929 10257
929 10582
929 11543
929 12129
929 12328
929 12616
929 12766
929 12790
929 12918
929 13246
929 14740
929 15073
929 15246
929 15358
929 15510
929 15617
929 16581
929 16709
929 16803
929 16927
929 17637
929 17711
930 404
930 1702
930 2087
930 2376
930 2478
930 2889
930 3571
930 3708
930 3999
930 4407
930 4743
930 4937
930 5138
930 5225
930 5290
930 5403
930 5562
930 5708
930 5798
930 6420
930 7608
930 8633
930 8838
930 8861
930 9949
930 10046
930 10158
930 10258
930 10583
930 11544
930 12130
930 12329
930 12617
930 12767
930 12791
930 12919
930 13247
930 14741
930 15074
930 15247
930 15359
930 15511
930 15618
930 16582
930 16710
930 16804
930 16928
930 17638
930 17712
931 405
931 1703
931 2088
931 2377
931 2479
931 2890
931 3572
931 3709
931 4000
931 4408
931 4744
931 4938
931 5139
931 5226
931 5291
931 5404
931 5563
931 5709
931 5799
931 6421
931 7609
931 8634
931 8839
931 8862
931 9950
931 10047
931 10159
931 10259
931 10584
931 11545
931 12131
931 12330
931 12618
931 12768
931 12792
931 12920
931 13248
931 14742
931 15075
931 15248
931 15360
931 15512
931 15619
931 16583
931 16711
931 16805
931 16929
931 17639
931 17713
932 406
932 1704
932 2089
932 2378
932 2480
932 2891
932 3573
932 3710
932 4001
932 4409
932 4745
932 4939
932 5140
932 5227
932 5292
932 5405
932 5564
932 5710
932 5800
932 6422
932 7610
932 8635
932 8840
932 8863
932 9951
932 10048
932 10160
932 10260
932 10585
932 11546
932 12132
932 12331
932 12619
932 12657
932 12793
932 12921
932 13249
932 14743
932 15076
932 15249
932 15361
932 15513
932 15620
932 16584
932 16712
932 16806
932 16930
932 17640
932 17714
933 407
933 1705
933 2090
933 2379
933 2481
933 2892
933 3574
933 3711
933 4002
933 4410
933 4746
933 4940
933 5141
933 5228
933 5293
933 5406
933 5565
933 5711
933 5801
933 6423
933 7611
933 8636
933 8841
933 8864
933 9952
933 10049
933 10161
933 10261
933 10586
933 11547
933 12133
933 12332
933 12620
933 12658
933 12794
933 12922
933 13250
933 14744
933 15077
933 15250
933 15362
933 15514
933 15621
933 16585
933 16713
933 16807
933 16931
933 17641
933 17715
934 408
934 1706
934 2091
934 2380
934 2482
934 2893
934 3575
934 3712
934 4003
934 4411
934 4747
934 4941
934 5142
934 5229
934 5294
934 5407
934 5566
934 5712
934 5802
934 6424
934 7612
934 8637
934 8842
934 8865
934 9953
934 10050
934 10162
934 10262
934 10587
934 11548
934 12134
934 12333
934 12621
934 12659
934 12795
934 12923
934 13251
934 14745
934 15078
934 15251
934 15363
934 15515
934 15622
934 16586
934 16714
934 16808
934 16932
934 17642
934 17716
935 409
935 1707
935 2092
935 2381
935 2483
935 2894
935 3576
935 3713
935 4004
935 4412
935 4748
935 4942
935 5143
935 5230
935 5295
935 5408
935 5567
935 5601
935 5803
935 6425
935 7613
935 8638
935 8843
935 8866
935 9954
935 10051
935 10163
935 10263
935 10588
935 11549
935 12135
935 12334
935 12622
935 12660
935 12796
935 12924
935 13252
935 14746
935 15079
935 15252
935 15364
935 15516
935 15623
935 16587
935 16715
935 16809
935 16933
935 17643
935 17717
936 410
936 1708
936 2093
936 2382
936 2484
936 2895
936 3577
936 3714
936 4005
936 4413
936 4749
936 4943
936 5144
936 5231
936 5296
936 5409
936 5568
936 5602
936 5804
936 6426
936 7614
936 8639
936 8844
936 8867
936 9955
936 10052
936 10164
936 10264
936 10589
936 11550
936 12136
936 12335
936 12623
936 12661
936 12797
936 12925
936 13253
936 14747
936 15080
936 15253
936 15365
936 15517
936 15624
936 16588
936 16716
936 16810
936 16934
936 17644
936 17718
937 411
937 1709
937 2094
937 2383
937 2485
937 2896
937 3578
937 3715
937 4006
937 4414
937 4750
937 4944
937 5145
937 5232
937 5297
937 5410
937 5569
937 5603
937 5805
937 6427
937 7615
937 8640
937 8845
937 8868
937 9956
937 10053
937 10165
937 10265
937 10590
937 11551
937 12137
937 12336
937 12624
937 12662
937 12798
937 12926
937 13254
937 14748
937 15081
937 15254
937 15366
937 15518
937 15625
937 16589
937 16717
937 16811
937 16935
937 17645
937 17719
938 412
938 1710
938 2095
938 2384
938 2486
938 2897
938 3579
938 3716
938 4007
938 4415
938 4751
938 4945
938 5146
938 5233
938 5298
938 5411
938 5570
938 5604
938 5806
938 6428
938 7616
938 8641
938 8846
938 8869
938 9957
938 10054
938 10166
938 10266
938 10591
938 11552
938 12138
938 12337
938 12625
938 12663
938 12799
938 12927
938 13255
938 14749
938 15082
938 15255
938 15367
938 15519
938 15626
938 16590
938 16718
938 16812
938 16936
938 17646
938 17720
939 413
939 1711
939 2096
939 2385
939 2487
939 2898
939 3580
939 3717
939 4008
939 4416
939 4752
939 4946
939 5147
939 5234
939 5299
939 5412
939 5571
939 5605
939 5807
939 6429
939 7505
939 8642
939 8847
939 8870
939 9958
939 10055
939 10167
939 10267
939 10592
939 11553
939 12139
939 12338
939 12626
939 12664
939 12800
939 12928
939 13256
939 14750
939 15083
939 15256
939 15368
939 15520
939 15627
939 16591
939 16719
939 16813
939 16937
939 17647
939 17721
940 414
940 1712
940 2097
940 2386
940 2488
940 2899
940 3581
940 3718
940 4009
940 4417
940 4753
940 4947
940 5148
940 5235
940 5300
940 5413
940 5572
940 5606
940 5808
940 6430
940 7506
940 8643
940 8848
940 8871
940 9959
940 10056
940 10168
940 10268
940 10593
940 11554
940 12140
940 12339
940 12627
940 12665
940 12801
940 12929
940 13257
940 14751
940 15084
940 15257
940 15369
940 15521
940 15628
940 16592
940 16720
940 16814
940 16938
940 17648
940 17722
941 415
941 1713
941 2098
941 2387
941 2489
941 2900
941 3582
941 3719
941 4010
941 4418
941 4754
941 4948
941 5149
941 5236
941 5301
941 5414
941 5573
941 5607
941 5809
941 6431
941 7507
941 8644
941 8737
941 8872
941 9960
941 10057
941 10169
941 10269
941 10594
941 11555
941 12141
941 12340
941 12628
941 12666
941 12802
941 12930
941 13258
941 14752
941 15085
941 15258
941 15370
941 15522
941 15629
941 16593
941 16721
941 16815
941 16939
941 17649
941 17723
942 416
942 1714
942 2099
942 2388
942 2490
942 2901
942 3583
942 3720
942 4011
942 4419
942 4755
942 4949
942 5150
942 5237
942 5302
942 5415
942 5574
942 5608
942 5810
942 6432
942 7508
942 8645
942 8738
942 8873
942 9961
942 10058
942 10170
942 10270
942 10595
942 11556
942 12142
942 12341
942 12629
942 12667
942 12803
942 12931
942 13259
942 14753
942 15086
942 15259
942 15371
942 15523
942 15630
942 16594
942 16722
942 16816
942 16940
942 17650
942 17724
943 417
943 1715
943 2100
943 2389
943 2491
943 2902
943 3584
943 3721
943 4012
943 4420
943 4756
943 4950
943 5151
943 5238
943 5303
943 5416
943 5575
943 5609
943 5811
943 6433
943 7509
943 8646
943 8739
943 8874
943 9962
943 10059
943 10171
943 10271
943 10596
943 11557
943 12143
943 12342
943 12630
943 12668
943 12804
943 12932
943 13260
943 14754
943 15087
943 15260
943 15372
943 15524
943 15631
943 16595
943 16723
943 16817
943 16941
943 17651
943 17725
944 418
944 1716
944 2101
944 2390
944 2492
944 2903
944 3473
944 3722
944 4013
944 4421
944 4757
944 4951
944 5152
944 5239
944 5304
944 5417
944 5576
944 5610
944 5812
944 6434
944 7510
944 8647
944 8740
944 8875
944 9963
944 10060
944 10172
944 10272
944 10597
944 11558
944 12144
944 12343
944 12631
944 12669
944 12805
944 12933
944 13261
944 14755
944 15088
944 15261
944 15373
944 15525
944 15632
944 16596
944 16724
944 16818
944 16942
944 17652
944 17726
945 419
945 1717
945 2102
945 2391
945 2493
945 2904
945 3474
945 3723
945 4014
945 4422
945 4758
945 4952
945 5041
945 5240
945 5305
945 5418
945 5577
945 5611
945 5813
945 6435
945 7511
945 8648
945 8741
945 8876
945 9964
945 10061
945 10173
945 10273
945 10598
945 11559
945 12145
945 12344
945 12632
945 12670
945 12806
945 12934
945 13262
945 14756
945 15089
945 15262
945 15374
945 15526
945 15633
945 16597
945 16725
945 16819
945 16943
945 17653
945 17727
946 420
946 1718
946 2103
946 2392
946 2494
946 2905
946 3475
946 3724
946 4015
946 4423
946 4759
946 4953
946 5042
946 5241
946 5306
946 5419
946 5578
946 5612
946 5814
946 6436
946 7512
946 8649
946 8742
946 8877
946 9965
946 10062
946 10174
946 10274
946 10599
946 11560
946 12146
946 12345
946 12633
946 12671
946 12807
946 12935
946 13263
946 14757
946 15090
946 15263
946 15375
946 15527
946 15634
946 16598
946 16726
946 16820
946 16944
946 17654
946 17728
947 421
947 1719
947 2104
947 2393
947 2495
947 2906
947 3476
947 3725
947 4016
947 4424
947 4760
947 4954
947 5043
947 5242
947 5307
947 5420
947 5579
947 5613
947 5815
947 6437
947 7513
947 8650
947 8743
947 8878
947 9966
947 10063
947 10175
947 10275
947 10600
947 11561
947 12147
947 12346
947 12634
947 12672
947 12808
947 12936
947 13264
947 14758
947 15091
947 15264
947 15376
947 15528
947 15635
947 16599
947 16727
947 16821
947 16945
947 17655
947 17729
948 422
948 1720
948 2105
948 2394
948 2496
948 2907
948 3477
948 3726
948 4017
948 4425
948 4761
948 4955
948 5044
948 5243
948 5308
948 5421
948 5580
948 5614
948 5816
948 6438
948 7514
948 8651
948 8744
948 8879
948 9967
948 10064
948 10176
948 10276
948 10601
948 11562
948 12148
948 12347
948 12635
948 12673
948 12809
948 12937
948 13265
948 14759
948 15092
948 15265
948 15377
948 15529
948 15636
948 16600
948 16728
948 16822
948 16946
948 17656
948 17730
949 423
949 1721
949 2106
949 2395
949 2497
949 2908
949 3478
949 3727
949 4018
949 4426
949 4762
949 4956
949 5045
949 5244
949 5309
949 5422
949 5581
949 5615
949 5817
949 6439
949 7515
949 8652
949 8745
949 8880
949 9968
949 10065
949 10177
949 10277
949 10602
949 11563
949 12149
949 12348
949 12636
949 12674
949 12810
949 12938
949 13266
949 14760
949 15093
949 15266
949 15378
949 15530
949 15637
949 16601
949 16729
949 16823
949 16947
949 17657
949 17731
950 424
950 1722
950 2107
950 2396
950 2498
950 2909
950 3479
950 3728
950 4019
950 4427
950 4763
950 4957
950 5046
950 5245
950 5310
950 5423
950 5582
950 5616
950 5818
950 6440
950 7516
950 8653
950 8746
950 8881
950 9857
950 10066
950 10178
950 10278
950 10603
950 11564
950 12150
950 12349
950 12637
950 12675
950 12811
950 12939
950 13267
950 14761
950 15094
950 15267
950 15379
950 15531
950 15638
950 16602
950 16730
950 16824
950 16948
950 17658
950 17732
951 425
951 1723
951 2108
951 2397
951 2499
951 2910
951 3480
951 3729
951 4020
951 4428
951 4764
951 4958
951 5047
951 5246
951 5311
951 5424
951 5583
951 5617
951 5819
951 6441
951 7517
951 8654
951 8747
951 8882
951 9858
951 10067
951 10179
951 10279
951 10604
951 11565
951 12151
951 12350
951 12638
951 12676
951 12812
951 12940
951 13268
951 14762
951 15095
951 15268
951 15380
951 15532
951 15639
951 16603
951 16731
951 16825
951 16949
951 17659
951 17733
952 426
952 1724
952 2109
952 2398
952 2500
952 2911
952 3481
952 3730
952 4021
952 4429
952 4765
952 4959
952 5048
952 5247
952 5312
952 5425
952 5584
952 5618
952 5820
952 6442
952 7518
952 8655
952 8748
952 8883
952 9859
952 10068
952 10180
952 10280
952 10605
952 11566
952 12152
952 12351
952 12639
952 12677
952 12813
952 12941
952 13269
952 14763
952 15096
952 15269
952 15381
952 15533
952 15640
952 16604
952 16732
952 16826
952 16950
952 17660
952 17734
953 427
953 1725
953 2110
953 2399
953 2501
953 2912
953 3482
953 3731
953 4022
953 4430
953 4766
953 4960
953 5049
953 5248
953 5313
953 5426
953 5585
953 5619
953 5821
953 6443
953 7519
953 8656
953 8749
953 8884
953 9860
953 10069
953 10181
953 10281
953 10606
953 11567
953 12153
953 12352
953 12640
953 12678
953 12814
953 12942
953 13270
953 14764
953 15097
953 15270
953 15382
953 15534
953 15641
953 16605
953 16733
953 16827
953 16951
953 17661
953 17735
954 428
954 1726
954 2111
954 2400
954 2502
954 2801
954 3483
954 3732
954 4023
954 4431
954 4767
954 4961
954 5050
954 5249
954 5314
954 5427
954 5586
954 5620
954 5822
954 6444
954 7520
954 8657
954 8750
954 8885
954 9861
954 10070
954 10182
954 10282
954 10607
954 11568
954 12154
954 12353
954 12641
954 12679
954 12815
954 12943
954 13271
954 14765
954 15098
954 15271
954 15383
954 15535
954 15642
954 16606
954 16734
954 16828
954 16952
954 17662
954 17736
955 429
955 1727
955 2112
955 2401
955 2503
955 2802
955 3484
955 3733
955 4024
955 4432
955 4768
955 4962
955 5051
955 5250
955 5315
955 5428
955 5587
955 5621
955 5823
955 6445
955 7521
955 8658
955 8751
955 8886
955 9862
955 10071
955 10183
955 10283
955 10608
955 11569
955 12155
955 12354
955 12642
955 12680
955 12816
955 12944
955 13272
955 14766
955 15099
955 15272
955 15384
955 15536
955 15643
955 16607
955 16735
955 16829
955 16953
955 17663
955 17737
956 430
956 1728
956 2113
956 2402
956 2504
956 2803
956 3485
956 3734
956 4025
956 4433
956 4769
956 4963
956 5052
956 5251
956 5316
956 5429
956 5588
956 5622
956 5824
956 6446
956 7522
956 8659
956 8752
956 8887
956 9863
956 10072
956 10184
956 10284
956 10609
956 11570
956 12156
956 12355
956 12643
956 12681
956 12817
956 12945
956 13273
956 14767
956 15100
956 15273
956 15385
956 15537
956 15644
956 16608
956 16736
956 16830
956 16954
956 17664
956 17738
957 431
957 1729
957 2114
957 2403
957 2505
957 2804
957 3486
957 3735
957 4026
957 4434
957 4770
957 4964
957 5053
957 5252
957 5317
957 5430
957 5589
957 5623
957 5713
957 6447
957 7523
957 8660
957 8753
957 8888
957 9864
957 10073
957 10185
957 10285
957 10610
957 11571
957 12157
957 12356
957 12644
957 12682
957 12818
957 12946
957 13274
957 14768
957 15101
957 15274
957 15386
957 15538
957 15645
957 16609
957 16737
957 16831
957 16955
957 17665
957 17739
958 432
958 1730
958 2115
958 2404
958 2506
958 2805
958 3487
958 3736
958 4027
958 4435
958 4771
958 4965
958 5054
958 5253
958 5318
958 5431
958 5590
958 5624
958 5714
958 6448
958 7524
958 8661
958 8754
958 8889
958 9865
958 10074
958 10186
958 10286
958 10611
958 11572
958 12158
958 12357
958 12645
958 12683
958 12819
958 12947
958 13275
958 14769
958 15102
958 15275
958 15387
958 15539
958 15646
958 16610
958 16738
958 16832
958 16956
958 17666
958 17740
959 433
959 1731
959 2116
959 2405
959 2507
959 2806
959 3488
959 3737
959 4028
959 4436
959 4772
959 4966
959 5055
959 5254
959 5319
959 5432
959 5591
959 5625
959 5715
959 6449
959 7525
959 8662
959 8755
959 8890
959 9866
959 10075
959 10187
959 10287
959 10612
959 11573
959 12159
959 12358
959 12646
959 12684
959 12820
959 12948
959 13276
959 14770
959 15103
959 15276
959 15388
959 15540
959 15647
959 16611
959 16739
959 16833
959 16957
959 17667
959 17741
960 434
960 1732
960 2117
960 2406
960 2508
960 2807
960 3489
960 3738
960 4029
960 4437
960 4773
960 4967
960 5056
960 5255
960 5320
960 5433
960 5592
960 5626
960 5716
960 6450
960 7526
960 8663
960 8756
960 8891
960 9867
960 10076
960 10188
960 10288
960 10613
960 11574
960 12160
960 12359
960 12647
960 12685
960 12821
960 12949
960 13277
960 14771
960 15104
960 15277
960 15389
960 15541
960 15648
960 16612
960 16740
960 16834
960 16958
960 17668
960 17742
961 435
961 1733
961 2118
961 2407
961 2509
961 2808
961 3490
961 3739
961 4030
961 4438
961 4774
961 4968
961 5057
961 5256
961 5321
961 5434
961 5593
961 5627
961 5717
961 6451
961 7527
961 8664
961 8757
961 8892
961 9868
961 10077
961 10189
961 10289
961 10614
961 11575
961 12161
961 12360
961 12648
961 12686
961 12822
961 12950
961 13278
961 14772
961 15105
961 15278
961 15390
961 15542
961 15649
961 16613
961 16741
961 16835
961 16959
961 17669
961 17743
962 436
962 1734
962 2119
962 2408
962 2510
962 2809
962 3491
962 3740
962 4031
962 4439
962 4775
962 4969
962 5058
962 5257
962 5322
962 5435
962 5594
962 5628
962 5718
962 6452
962 7528
962 8665
962 8758
962 8893
962 9869
962 10078
962 10190
962 10290
962 10615
962 11576
962 12162
962 12361
962 12649
962 12687
962 12823
962 12951
962 13279
962 14773
962 15106
962 15279
962 15391
962 15543
962 15650
962 16614
962 16742
962 16836
962 16960
962 17670
962 17744
963 437
963 1735
963 2120
963 2409
963 2511
963 2810
963 3492
963 3741
963 4032
963 4440
963 4776
963 4970
963 5059
963 5258
963 5323
963 5436
963 5595
963 5629
963 5719
963 6453
963 7529
963 8666
963 8759
963 8894
963 9870
963 10079
963 10191
963 10291
963 10616
963 11577
963 12163
963 12362
963 12650
963 12688
963 12824
963 12952
963 13280
963 14774
963 15107
963 15280
963 15392
963 15544
963 15651
963 16615
963 16743
963 16837
963 16961
963 17671
963 17745
964 438
964 1736
964 2121
964 2410
964 2512
964 2811
964 3493
964 3742
964 3921
964 4441
964 4777
964 4971
964 5060
964 5259
964 5324
964 5437
964 5596
964 5630
964 5720
964 6454
964 7530
964 8667
964 8760
964 8895
964 9871
964 10080
964 10192
964 10292
964 10617
964 11578
964 12164
964 12363
964 12651
964 12689
964 12825
964 12953
964 13281
964 14775
964 15108
964 15281
964 15393
964 15545
964 15652
964 16616
964 16744
964 16838
964 16962
964 17672
964 17746
965 439
965 1737
965 2122
965 2411
965 2513
965 2812
965 3494
965 3743
965 3922
965 4442
965 4778
965 4972
965 5061
965 5260
965 5325
965 5438
965 5597
965 5631
965 5721
965 6455
965 7531
965 8668
965 8761
965 8896
965 9872
965 9969
965 10081
965 10293
965 10618
965 11579
965 12165
965 12364
965 12652
965 12690
965 12826
965 12954
965 13282
965 14776
965 15109
965 15282
965 15394
965 15546
965 15653
965 16617
965 16745
965 16839
965 16963
965 17673
965 17747
966 440
966 1738
966 2123
966 2412
966 2514
966 2813
966 3495
966 3744
966 3923
966 4443
966 4779
966 4973
966 5062
966 5261
966 5326
966 5439
966 5598
966 5632
966 5722
966 6456
966 7532
966 8669
966 8762
966 8897
966 9873
966 9970
966 10082
966 10294
966 10619
966 11580
966 12166
966 12365
966 12653
966 12691
966 12827
966 12955
966 13283
966 14777
966 15110
966 15283
966 15395
966 15547
966 15654
966 16618
966 16746
966 16840
966 16964
966 17674
966 17748
967 441
967 1739
967 2124
967 2413
967 2515
967 2814
967 3496
967 3745
967 3924
967 4444
967 4780
967 4974
967 5063
967 5262
967 5327
967 5440
967 5599
967 5633
967 5723
967 6457
967 7533
967 8670
967 8763
967 8898
967 9874
967 9971
967 10083
967 10295
967 10620
967 11581
967 12167
967 12366
967 12654
967 12692
967 12828
967 12956
967 13284
967 14778
967 15111
967 15284
967 15396
967 15548
967 15655
967 16619
967 16747
967 16841
967 16965
967 17675
967 17749
968 442
968 1740
968 2125
968 2414
968 2516
968 2815
968 3497
968 3746
968 3925
968 4445
968 4781
968 4975
968 5064
968 5263
968 5328
968 5441
968 5600
968 5634
968 5724
968 6458
968 7534
968 8671
968 8764
968 8899
968 9875
968 9972
968 10084
968 10296
968 10621
968 11582
968 12168
968 12367
968 12655
968 12693
968 12829
968 12957
968 13285
968 14779
968 15112
968 15285
968 15397
968 15549
968 15656
968 16620
968 16748
968 16842
968 16966
968 17676
968 17750
969 443
969 1741
969 2126
969 2415
969 2517
969 2816
969 3498
969 3747
969 3926
969 4446
969 4782
969 4976
969 5065
969 5264
969 5329
969 5442
969 5489
969 5635
969 5725
969 6459
969 7535
969 8672
969 8765
969 8900
969 9876
969 9973
969 10085
969 10297
969 10622
969 11583
969 12169
969 12368
969 12656
969 12694
969 12830
969 12958
969 13286
969 14780
969 15113
969 15286
969 15398
969 15550
969 15657
969 16621
969 16749
969 16843
969 16967
969 17677
969 17751
970 444
970 1742
970 2127
970 2416
970 2518
970 2817
970 3499
970 3748
970 3927
970 4447
970 4783
970 4977
970 5066
970 5153
970 5330
970 5443
970 5490
970 5636
970 5726
970 6460
970 7536
970 8673
970 8766
970 8901
970 9877
970 9974
970 10086
970 10298
970 10623
970 11584
970 12170
970 12369
970 12545
970 12695
970 12831
970 12959
970 13287
970 14781
970 15114
970 15287
970 15399
970 15551
970 15658
970 16622
970 16750
970 16844
970 16968
970 17678
970 17752
971 445
971 1743
971 2128
971 2417
971 2519
971 2818
971 3500
971 3749
971 3928
971 4448
971 4784
971 4978
971 5067
971 5154
971 5331
971 5444
971 5491
971 5637
971 5727
971 6461
971 7537
971 8674
971 8767
971 8902
971 9878
971 9975
971 10087
971 10299
971 10624
971 11585
971 12171
971 12370
971 12546
971 12696
971 12832
971 12960
971 13288
971 14782
971 15115
971 15288
971 15400
971 15552
971 15659
971 16623
971 16751
971 16845
971 16969
971 17679
971 17753
972 446
972 1744
972 2017
972 2418
972 2520
972 2819
972 3501
972 3750
972 3929
972 4449
972 4785
972 4979
972 5068
972 5155
972 5332
972 5445
972 5492
972 5638
972 5728
972 6462
972 7538
972 8675
972 8768
972 8903
972 9879
972 9976
972 10088
972 10300
972 10625
972 11586
972 12172
972 12371
972 12547
972 12697
972 12833
972 12961
972 13289
972 14783
972 15116
972 15289
972 15401
972 15553
972 15660
972 16624
972 16752
972 16846
972 16970
972 17680
972 17754
973 447
973 1745
973 2018
973 2419
973 2521
973 2820
973 3502
973 3751
973 3930
973 4450
973 4786
973 4980
973 5069
973 5156
973 5333
973 5446
973 5493
973 5639
973 5729
973 6463
973 7539
973 8676
973 8769
973 8904
973 9880
973 9977
973 10089
973 10301
973 10626
973 11587
973 12173
973 12372
973 12548
973 12698
973 12834
973 12962
973 13290
973 14784
973 15117
973 15290
973 15402
973 15554
973 15661
973 16625
973 16753
973 16847
973 16971
973 17681
973 17755
974 448
974 1746
974 2019
974 2420
974 2522
974 2821
974 3503
974 3752
974 3931
974 4451
974 4787
974 4981
974 5070
974 5157
974 5334
974 5447
974 5494
974 5640
974 5730
974 6464
974 7540
974 8677
974 8770
974 8905
974 9881
974 9978
974 10090
974 10302
974 10627
974 11588
974 12174
974 12373
974 12549
974 12699
974 12835
974 12963
974 13291
974 14673
974 15118
974 15291
974 15403
974 15555
974 15662
974 16626
974 16754
974 16848
974 16972
974 17682
974 17756
975 337
975 1747
975 2020
975 2421
975 2523
975 2822
975 3504
975 3753
975 3932
975 4452
975 4788
975 4982
975 5071
975 5158
975 5335
975 5448
975 5495
975 5641
975 5731
975 6465
975 7541
975 8678
975 8771
975 8906
975 9882
975 9979
975 10091
975 10303
975 10628
975 11589
975 12175
975 12374
975 12550
975 12700
975 12836
975 12964
975 13292
975 14674
975 15119
975 15292
975 15404
975 15556
975 15663
975 16627
975 16755
975 16849
975 16973
975 17683
975 17757
976 338
976 1748
976 2021
976 2422
976 2524
976 2823
976 3505
976 3754
976 3933
976 4453
976 4789
976 4983
976 5072
976 5159
976 5336
976 5449
976 5496
976 5642
976 5732
976 6466
976 7542
976 8679
976 8772
976 8907
976 9883
976 9980
976 10092
976 10304
976 10629
976 11590
976 12176
976 12375
976 12551
976 12701
976 12837
976 12965
976 13293
976 14675
976 15120
976 15293
976 15405
976 15557
976 15664
976 16628
976 16756
976 16850
976 16974
976 17684
976 17758
977 339
977 1749
977 2022
977 2423
977 2525
977 2824
977 3506
977 3755
977 3934
977 4454
977 4790
977 4984
977 5073
977 5160
977 5337
977 5450
977 5497
977 5643
977 5733
977 6467
977 7543
977 8680
977 8773
977 8908
977 9884
977 9981
977 10093
977 10193
977 10630
977 11591
977 12177
977 12376
977 12552
977 12702
977 12838
977 12966
977 13294
977 14676
977 15009
977 15294
977 15406
977 15558
977 15665
977 16629
977 16757
977 16851
977 16975
977 17685
977 17759
978 340
978 1750
978 2023
978 2424
978 2526
978 2825
978 3507
978 3756
978 3935
978 4455
978 4791
978 4985
978 5074
978 5161
978 5338
978 5451
978 5498
978 5644
978 5734
978 6468
978 7544
978 8681
978 8774
978 8909
978 9885
978 9982
978 10094
978 10194
978 10631
978 11592
978 12178
978 12377
978 12553
978 12703
978 12839
978 12967
978 13295
978 14677
978 15010
978 15295
978 15407
978 15559
978 15666
978 16630
978 16758
978 16852
978 16976
978 17686
978 17760
979 341
979 1751
979 2024
979 2425
979 2527
979 2826
979 3508
979 3757
979 3936
979 4456
979 4792
979 4986
979 5075
979 5162
979 5339
979 5452
979 5499
979 5645
979 5735
979 6469
979 7545
979 8682
979 8775
979 8910
979 9886
979 9983
979 10095
979 10195
979 10632
979 11593
979 12179
979 12378
979 12554
979 12704
979 12840
979 12968
979 13296
979 14678
979 15011
979 15296
979 15408
979 15560
979 15667
979 16631
979 16759
979 16853
979 16977
979 17687
979 17761
980 342
980 1752
980 2025
980 2426
980 2528
980 2827
980 3509
980 3758
980 3937
980 4457
980 4793
980 4987
980 5076
980 5163
980 5340
980 5453
980 5500
980 5646
980 5736
980 6470
980 7546
980 8683
980 8776
980 8911
980 9887
980 9984
980 10096
980 10196
980 10633
980 11594
980 12180
980 12379
980 12555
980 12705
980 12841
980 12969
980 13297
980 14679
980 15012
980 15297
980 15409
980 15561
980 15668
980 16632
980 16760
980 16854
980 16978
980 17688
980 17762
981 343
981 1753
981 2026
981 2427
981 2529
981 2828
981 3510
981 3759
981 3938
981 4458
981 4794
981 4988
981 5077
981 5164
981 5341
981 5454
981 5501
981 5647
981 5737
981 6471
981 7547
981 8684
981 8777
981 8912
981 9888
981 9985
981 10097
981 10197
981 10634
981 11595
981 12181
981 12380
981 12556
981 12706
981 12842
981 12970
981 13298
981 14680
981 15013
981 15298
981 15410
981 15562
981 15669
981 16633
981 16761
981 16855
981 16979
981 17689
981 17763
982 344
982 1754
982 2027
982 2428
982 2530
982 2829
982 3511
982 3760
982 3939
982 4459
982 4795
982 4989
982 5078
982 5165
982 5342
982 5455
982 5502
982 5648
982 5738
982 6472
982 7548
982 8685
982 8778
982 8913
982 9889
982 9986
982 10098
982 10198
982 10635
982 11596
982 12182
982 12381
982 12557
982 12707
982 12843
982 12971
982 13299
982 14681
982 15014
982 15299
982 15411
982 15563
982 15670
982 16634
982 16762
982 16856
982 16980
982 17690
982 17764
983 345
983 1755
983 2028
983 2429
983 2531
983 2830
983 3512
983 3761
983 3940
983 4460
983 4796
983 4990
983 5079
983 5166
983 5343
983 5456
983 5503
983 5649
983 5739
983 6473
983 7549
983 8686
983 8779
983 8914
983 9890
983 9987
983 10099
983 10199
983 10636
983 11597
983 12183
983 12382
983 12558
983 12708
983 12844
983 12972
983 13300
983 14682
983 15015
983 15300
983 15412
983 15564
983 15671
983 16635
983 16763
983 16857
983 16981
983 17691
983 17765
984 346
984 1756
984 2029
984 2430
984 2532
984 2831
984 3513
984 3762
984 3941
984 4461
984 4797
984 4991
984 5080
984 5167
984 5344
984 5457
984 5504
984 5650
984 5740
984 6474
984 7550
984 8687
984 8780
984 8915
984 9891
984 9988
984 10100
984 10200
984 10637
984 11598
984 12184
984 12383
984 12559
984 12709
984 12845
984 12973
984 13301
984 14683
984 15016
984 15301
984 15413
984 15565
984 15672
984 16636
984 16764
984 16858
984 16982
984 17692
984 17766
985 347
985 1757
985 2030
985 2431
985 2533
985 2832
985 3514
985 3763
985 3942
985 4462
985 4798
985 4992
985 5081
985 5168
985 5345
985 5458
985 5505
985 5651
985 5741
985 6475
985 7551
985 8688
985 8781
985 8916
985 9892
985 9989
985 10101
985 10201
985 10638
985 11599
985 12185
985 12384
985 12560
985 12710
985 12846
985 12974
985 13302
985 14684
985 15017
985 15302
985 15414
985 15566
985 15673
985 16637
985 16765
985 16859
985 16983
985 17693
985 17767
986 348
986 1758
986 2031
986 2432
986 2534
986 2833
986 3515
986 3764
986 3943
986 4463
986 4799
986 4993
986 5082
986 5169
986 5346
986 5459
986 5506
986 5652
986 5742
986 6476
986 7552
986 8689
986 8782
986 8917
986 9893
986 9990
986 10102
986 10202
986 10639
986 11600
986 12186
986 12385
986 12561
986 12711
986 12847
986 12975
986 13303
986 14685
986 15018
986 15303
986 15415
986 15567
986 15674
986 16638
986 16766
986 16860
986 16984
986 17694
986 17768
987 349
987 1759
987 2032
987 2433
987 2535
987 2834
987 3516
987 3765
987 3944
987 4464
987 4800
987 4994
987 5083
987 5170
987 5347
987 5460
987 5507
987 5653
987 5743
987 6477
987 7553
987 8690
987 8783
987 8918
987 9894
987 9991
987 10103
987 10203
987 10640
987 11601
987 12187
987 12386
987 12562
987 12712
987 12848
987 12976
987 13304
987 14686
987 15019
987 15304
987 15416
987 15568
987 15675
987 16639
987 16767
987 16861
987 16985
987 17695
987 17769
988 350
988 1760
988 2033
988 2434
988 2536
988 2835
988 3517
988 3766
988 3945
988 4465
988 4801
988 4995
988 5084
988 5171
988 5348
988 5461
988 5508
988 5654
988 5744
988 6478
988 7554
988 8691
988 8784
988 8919
988 9895
988 9992
988 10104
988 10204
988 10529
988 11602
988 12188
988 12387
988 12563
988 12713
988 12849
988 12977
988 13305
988 14687
988 15020
988 15305
988 15417
988 15457
988 15676
988 16640
988 16768
988 16862
988 16986
988 17696
988 17770
989 351
989 1761
989 2034
989 2435
989 2537
989 2836
989 3518
989 3767
989 3946
989 4466
989 4802
989 4996
989 5085
989 5172
989 5349
989 5462
989 5509
989 5655
989 5745
989 6479
989 7555
989 8692
989 8785
989 8920
989 9896
989 9993
989 10105
989 10205
989 10530
989 11603
989 12189
989 12388
989 12564
989 12714
989 12850
989 12978
989 13306
989 14688
989 15021
989 15306
989 15418
989 15458
989 15677
989 16641
989 16769
989 16863
989 16987
989 17585
989 17771
990 352
990 1762
990 2035
990 2436
990 2538
990 2837
990 3519
990 3768
990 3947
990 4467
990 4803
990 4997
990 5086
990 5173
990 5350
990 5463
990 5510
990 5656
990 5746
990 6480
990 7556
990 8693
990 8786
990 8921
990 9897
990 9994
990 10106
990 10206
990 10531
990 11604
990 12190
990 12389
990 12565
990 12715
990 12851
990 12979
990 13307
990 14689
990 15022
990 15307
990 15419
990 15459
990 15678
990 16642
990 16770
990 16864
990 16988
990 17586
990 17772
991 353
991 1763
991 2036
991 2437
991 2539
991 2838
991 3520
991 3769
991 3948
991 4468
991 4804
991 4998
991 5087
991 5174
991 5351
991 5464
991 5511
991 5657
991 5747
991 6481
991 7557
991 8694
991 8787
991 8922
991 9898
991 9995
991 10107
991 10207
991 10532
991 11605
991 12191
991 12390
991 12566
991 12716
991 12852
991 12980
991 13308
991 14690
991 15023
991 15308
991 15420
991 15460
991 15679
991 16643
991 16771
991 16865
991 16989
991 17587
991 17773
992 354
992 1764
992 2037
992 2438
992 2540
992 2839
992 3521
992 3770
992 3949
992 4469
992 4805
992 4999
992 5088
992 5175
992 5352
992 5465
992 5512
992 5658
992 5748
992 6482
992 7558
992 8695
992 8788
992 8923
992 9899
992 9996
992 10108
992 10208
992 10533
992 11606
992 12192
992 12391
992 12567
992 12717
992 12853
992 12981
992 13309
992 14691
992 15024
992 15309
992 15421
992 15461
992 15680
992 16644
992 16772
992 16866
992 16990
992 17588
992 17774
993 355
993 1765
993 2038
993 2439
993 2541
993 2840
993 3522
993 3771
993 3950
993 4470
993 4806
993 5000
993 5089
993 5176
993 5353
993 5466
993 5513
993 5659
993 5749
993 6483
993 7559
993 8696
993 8789
993 8924
993 9900
993 9997
993 10109
993 10209
993 10534
993 11607
993 12193
993 12392
993 12568
993 12718
993 12854
993 12982
993 13310
993 14692
993 15025
993 15310
993 15422
993 15462
993 15569
993 16645
993 16773
993 16867
993 16991
993 17589
993 17775
994 356
994 1766
994 2039
994 2440
994 2542
994 2841
994 3523
994 3772
994 3951
994 4471
994 4807
994 5001
994 5090
994 5177
994 5354
994 5467
994 5514
994 5660
994 5750
994 6484
994 7560
994 8697
994 8790
994 8925
994 9901
994 9998
994 10110
994 10210
994 10535
994 11608
994 12194
994 12393
994 12569
994 12719
994 12855
994 12983
994 13311
994 14693
994 15026
994 15311
994 15423
994 15463
994 15570
994 16646
994 16774
994 16868
994 16992
994 17590
994 17776
995 357
995 1767
995 2040
995 2441
995 2543
995 2842
995 3524
995 3773
995 3952
995 4472
995 4808
995 5002
995 5091
995 5178
995 5355
995 5468
995 5515
995 5661
995 5751
995 6485
995 7561
995 8698
995 8791
995 8926
995 9902
995 9999
995 10111
995 10211
995 10536
995 11609
995 12195
995 12394
995 12570
995 12720
995 12856
995 12984
995 13312
995 14694
995 15027
995 15312
995 15424
995 15464
995 15571
995 16647
995 16775
995 16869
995 16993
995 17591
995 17777
996 358
996 1768
996 2041
996 2442
996 2544
996 2843
996 3525
996 3774
996 3953
996 4473
996 4809
996 5003
996 5092
996 5179
996 5356
996 5469
996 5516
996 5662
996 5752
996 6486
996 7562
996 8699
996 8792
996 8927
996 9903
996 10000
996 10112
996 10212
996 10537
996 11610
996 12196
996 12395
996 12571
996 12721
996 12857
996 12985
996 13313
996 14695
996 15028
996 15313
996 15425
996 15465
996 15572
996 16648
996 16776
996 16870
996 16994
996 17592
996 17778
997 359
997 1769
997 2042
997 2443
997 2545
997 2844
997 3526
997 3775
997 3954
997 4474
997 4810
997 5004
997 5093
997 5180
997 5357
997 5470
997 5517
997 5663
997 5753
997 6487
997 7563
997 8700
997 8793
997 8928
997 9904
997 10001
997 10113
997 10213
997 10538
997 11611
997 12197
997 12396
997 12572
997 12722
997 12858
997 12986
997 13314
997 14696
997 15029
997 15314
997 15426
997 15466
997 15573
997 16649
997 16777
997 16871
997 16995
997 17593
997 17779
998 360
998 1770
998 2043
998 2444
998 2546
998 2845
998 3527
998 3776
998 3955
998 4475
998 4811
998 5005
998 5094
998 5181
998 5358
998 5471
998 5518
998 5664
998 5754
998 6488
998 7564
998 8701
998 8794
998 8929
998 9905
998 10002
998 10114
998 10214
998 10539
998 11612
998 12198
998 12397
998 12573
998 12723
998 12859
998 12987
998 13315
998 14697
998 15030
998 15315
998 15427
998 15467
998 15574
998 16650
998 16778
998 16872
998 16996
998 17594
998 17780
999 361
999 1771
999 2044
999 2445
999 2547
999 2846
999 3528
999 3777
999 3956
999 4476
999 4812
999 5006
999 5095
999 5182
999 5359
999 5472
999 5519
999 5665
999 5755
999 6489
999 7565
999 8702
999 8795
999 8930
999 9906
999 10003
999 10115
999 10215
999 10540
999 11613
999 12199
999 12398
999 12574
999 12724
999 12860
999 12988
999 13316
999 14698
999 15031
999 15316
999 15428
999 15468
999 15575
999 16651
999 16779
999 16873
999 16997
999 17595
999 17781
1000 362
1000 1772
1000 2045
1000 2446
1000 2548
1000 2847
1000 3529
1000 3778
1000 3957
1000 4477
1000 4813
1000 5007
1000 5096
1000 5183
1000 5360
1000 5473
1000 5520
1000 5666
1000 5756
1000 6490
1000 7566
1000 8703
1000 8796
1000 8931
1000 9907
1000 10004
1000 10116
1000 10216
1000 10541
1000 11614
1000 12200
1000 12399
1000 12575
1000 12725
1000 12861
1000 12989
1000 13317
1000 14699
1000 15032
1000 15317
1000 15429
1000 15469
1000 15576
1000 16652
1000 16780
1000 16874
1000 16998
1000 17596
1000 17782
1001 363
1001 1773
1001 2046
1001 2447
1001 2549
1001 2848
1001 3530
1001 3779
1001 3958
1001 4478
1001 4814
1001 5008
1001 5097
1001 5184
1001 5361
1001 5474
1001 5521
1001 5667
1001 5757
1001 6491
1001 7567
1001 8704
1001 8797
1001 8932
1001 9908
1001 10005
1001 10117
1001 10217
1001 10542
1001 11615
1001 12201
1001 12400
1001 12576
1001 12726
1001 12862
1001 12990
1001 13318
1001 14700
1001 15033
1001 15318
1001 15430
1001 15470
1001 15577
1001 16653
1001 16781
1001 16875
1001 16999
1001 17597
1001 17783
1002 364
1002 1774
1002 2047
1002 2448
1002 2550
1002 2849
1002 3531
1002 3780
1002 3959
1002 4479
1002 4815
1002 5009
1002 5098
1002 5185
1002 5362
1002 5475
1002 5522
1002 5668
1002 5758
1002 6492
1002 7568
1002 8705
1002 8798
1002 8933
1002 9909
1002 10006
1002 10118
1002 10218
1002 10543
1002 11616
1002 12202
1002 12401
1002 12577
1002 12727
1002 12863
1002 12991
1002 13319
1002 14701
1002 15034
1002 15319
1002 15431
1002 15471
1002 15578
1002 16654
1002 16782
1002 16876
1002 17000
1002 17598
1002 17784
1003 365
1003 1775
1003 2048
1003 2449
1003 2551
1003 2850
1003 3532
1003 3781
1003 3960
1003 4480
1003 4816
1003 5010
1003 5099
1003 5186
1003 5363
1003 5476
1003 5523
1003 5669
1003 5759
1003 6493
1003 7569
1003 8706
1003 8799
1003 8934
1003 9910
1003 10007
1003 10119
1003 10219
1003 10544
1003 11617
1003 12203
1003 12402
1003 12578
1003 12728
1003 12864
1003 12992
1003 13320
1003 14702
1003 15035
1003 15320
1003 15432
1003 15472
1003 15579
1003 16655
1003 16783
1003 16877
1003 17001
1003 17599
1003 17785
1004 366
1004 1776
1004 2049
1004 2450
1004 2552
1004 2851
1004 3533
1004 3782
1004 3961
1004 4369
1004 4705
1004 5011
1004 5100
1004 5187
1004 5364
1004 5477
1004 5524
1004 5670
1004 5760
1004 6494
1004 7570
1004 8707
1004 8800
1004 8935
1004 9911
1004 10008
1004 10120
1004 10220
1004 10545
1004 11618
1004 12204
1004 12403
1004 12579
1004 12729
1004 12865
1004 12881
1004 13321
1004 14703
1004 15036
1004 15321
1004 15433
1004 15473
1004 15580
1004 16656
1004 16784
1004 16878
1004 17002
1004 17600
1004 17786
1005 367
1005 1777
1005 2050
1005 2451
1005 2553
1005 2852
1005 3534
1005 3783
1005 3962
1005 4370
1005 4706
1005 5012
1005 5101
1005 5188
1005 5365
1005 5478
1005 5525
1005 5671
1005 5761
1005 6495
1005 7571
1005 8708
1005 8801
1005 8936
1005 9912
1005 10009
1005 10121
1005 10221
1005 10546
1005 11619
1005 12205
1005 12404
1005 12580
1005 12730
1005 12866
1005 12882
1005 13322
1005 14704
1005 15037
1005 15322
1005 15434
1005 15474
1005 15581
1005 16657
1005 16785
1005 16879
1005 17003
1005 17601
1005 17787
1006 368
1006 1778
1006 2051
1006 2452
1006 2554
1006 2853
1006 3535
1006 3784
1006 3963
1006 4371
1006 4707
1006 5013
1006 5102
1006 5189
1006 5366
1006 5479
1006 5526
1006 5672
1006 5762
1006 6496
1006 7572
1006 8709
1006 8802
1006 8937
1006 9913
1006 10010
1006 10122
1006 10222
1006 10547
1006 11620
1006 12206
1006 12405
1006 12581
1006 12731
1006 12867
1006 12883
1006 13323
1006 14705
1006 15038
1006 15323
1006 15435
1006 15475
1006 15582
1006 16658
1006 16786
1006 16880
1006 17004
1006 17602
1006 17788
1007 369
1007 1779
1007 2052
1007 2453
1007 2555
1007 2854
1007 3536
1007 3785
1007 3964
1007 4372
1007 4708
1007 5014
1007 5103
1007 5190
1007 5367
1007 5480
1007 5527
1007 5673
1007 5763
1007 6385
1007 7573
1007 8710
1007 8803
1007 8938
1007 9914
1007 10011
1007 10123
1007 10223
1007 10548
1007 11621
1007 12207
1007 12406
1007 12582
1007 12732
1007 12868
1007 12884
1007 13324
1007 14706
1007 15039
1007 15324
1007 15436
1007 15476
1007 15583
1007 16659
1007 16787
1007 16881
1007 17005
1007 17603
1007 17789
1008 370
1008 1780
1008 2053
1008 2454
1008 2556
1008 2855
1008 3537
1008 3786
1008 3965
1008 4373
1008 4709
1008 5015
1008 5104
1008 5191
1008 5368
1008 5481
1008 5528
1008 5674
1008 5764
1008 6386
1008 7574
1008 8711
1008 8804
1008 8939
1008 9915
1008 10012
1008 10124
1008 10224
1008 10549
1008 11622
1008 12208
1008 12407
1008 12583
1008 12733
1008 12869
1008 12885
1008 13325
1008 14707
1008 15040
1008 15325
1008 15437
1008 15477
1008 15584
1008 16660
1008 16788
1008 16882
1008 17006
1008 17604
1008 17790
1009 112
1009 1449
1009 2186
1009 2509
1009 2612
1009 2949
1009 3141
1009 3660
1009 3918
1009 4061
1009 4897
1009 4960
1009 5071
1009 5237
1009 5375
1009 5441
1009 5592
1009 5624
1009 5798
1009 6546
1009 7175
1009 8596
1009 8791
1009 8850
1009 9923
1009 9981
1009 10120
1009 10240
1009 10660
1009 11249
1009 12269
1009 12508
1009 12555
1009 12687
1009 12812
1009 12927
1009 13436
1009 14372
1009 15192
1009 15300
1009 15364
1009 15491
1009 15621
1009 16638
1009 16708
1009 16871
1009 17019
1009 17767
1009 17907
1010 1
1010 1450
1010 2187
1010 2510
1010 2613
1010 2950
1010 3142
1010 3661
1010 3919
1010 4062
1010 4898
1010 4961
1010 5072
1010 5238
1010 5376
1010 5442
1010 5593
1010 5625
1010 5799
1010 6547
1010 7176
1010 8597
1010 8792
1010 8851
1010 9924
1010 9982
1010 10121
1010 10241
1010 10661
1010 11250
1010 12270
1010 12509
1010 12556
1010 12688
1010 12813
1010 12928
1010 13437
1010 14373
1010 15193
1010 15301
1010 15365
1010 15492
1010 15622
1010 16639
1010 16709
1010 16872
1010 17020
1010 17768
1010 17908
1011 2
1011 1451
1011 2188
1011 2511
1011 2614
1011 2951
1011 3143
1011 3662
1011 3920
1011 4063
1011 4899
1011 4962
1011 5073
1011 5239
1011 5265
1011 5443
1011 5594
1011 5626
1011 5800
1011 6548
1011 7177
1011 8598
1011 8793
1011 8852
1011 9925
1011 9983
1011 10122
1011 10242
1011 10662
1011 11251
1011 12271
1011 12510
1011 12557
1011 12689
1011 12814
1011 12929
1011 13438
1011 14374
1011 15194
1011 15302
1011 15366
1011 15493
1011 15623
1011 16640
1011 16710
1011 16873
1011 17021
1011 17769
1011 17909
1012 3
1012 1452
1012 2189
1012 2512
1012 2615
1012 2952
1012 3144
1012 3663
1012 3809
1012 4064
1012 4900
1012 4963
1012 5074
1012 5240
1012 5266
1012 5444
1012 5595
1012 5627
1012 5801
1012 6549
1012 7178
1012 8599
1012 8794
1012 8853
1012 9926
1012 9984
1012 10123
1012 10243
1012 10663
1012 11252
1012 12272
1012 12511
1012 12558
1012 12690
1012 12815
1012 12930
1012 13439
1012 14375
1012 15195
1012 15303
1012 15367
1012 15494
1012 15624
1012 16641
1012 16711
1012 16874
1012 17022
1012 17770
1012 17910
1013 4
1013 1453
1013 2190
1013 2513
1013 2616
1013 2953
1013 3145
1013 3664
1013 3810
1013 4065
1013 4901
1013 4964
1013 5075
1013 5241
1013 5267
1013 5445
1013 5596
1013 5628
1013 5802
1013 6550
1013 7179
1013 8600
1013 8795
1013 8854
1013 9927
1013 9985
1013 10124
1013 10244
1013 10664
1013 11253
1013 12273
1013 12512
1013 12559
1013 12691
1013 12816
1013 12931
1013 13440
1013 14376
1013 15196
1013 15304
1013 15368
1013 15495
1013 15625
1013 16642
1013 16712
1013 16875
1013 17023
1013 17771
1013 17911
1014 5
1014 1454
1014 2191
1014 2514
1014 2617
1014 2954
1014 3146
1014 3665
1014 3811
1014 4066
1014 4902
1014 4965
1014 5076
1014 5242
1014 5268
1014 5446
1014 5597
1014 5629
1014 5803
1014 6551
1014 7180
1014 8601
1014 8796
1014 8855
1014 9928
1014 9986
1014 10125
1014 10245
1014 10665
1014 11254
1014 12274
1014 12513
1014 12560
1014 12692
1014 12817
1014 12932
1014 13329
1014 14377
1014 15197
1014 15305
1014 15369
1014 15496
1014 15626
1014 16643
1014 16713
1014 16876
1014 17024
1014 17772
1014 17912
1015 6
1015 1455
1015 2192
1015 2515
1015 2618
1015 2955
1015 3147
1015 3666
1015 3812
1015 4067
1015 4903
1015 4966
1015 5077
1015 5243
1015 5269
1015 5447
1015 5598
1015 5630
1015 5804
1015 6552
1015 7181
1015 8602
1015 8797
1015 8856
1015 9929
1015 9987
1015 10126
1015 10246
1015 10666
1015 11255
1015 12275
1015 12514
1015 12561
1015 12693
1015 12818
1015 12933
1015 13330
1015 14378
1015 15198
1015 15306
1015 15370
1015 15497
1015 15627
1015 16644
1015 16714
1015 16877
1015 16913
1015 17773
1015 17913
1016 7
1016 1456
1016 2193
1016 2516
1016 2619
1016 2956
1016 3148
1016 3667
1016 3813
1016 4068
1016 4904
1016 4967
1016 5078
1016 5244
1016 5270
1016 5448
1016 5599
1016 5631
1016 5805
1016 6553
1016 7182
1016 8603
1016 8798
1016 8857
1016 9930
1016 9988
1016 10127
1016 10247
1016 10667
1016 11256
1016 12276
1016 12515
1016 12562
1016 12694
1016 12819
1016 12934
1016 13331
1016 14379
1016 15199
1016 15307
1016 15371
1016 15498
1016 15628
1016 16645
1016 16715
1016 16878
1016 16914
1016 17774
1016 17914
1017 8
1017 1345
1017 2194
1017 2517
1017 2620
1017 2957
1017 3149
1017 3668
1017 3814
1017 4069
1017 4905
1017 4968
1017 5079
1017 5245
1017 5271
1017 5449
1017 5600
1017 5632
1017 5806
1017 6554
1017 7183
1017 8604
1017 8799
1017 8858
1017 9931
1017 9989
1017 10128
1017 10248
1017 10668
1017 11257
1017 12277
1017 12516
1017 12563
1017 12695
1017 12820
1017 12935
1017 13332
1017 14380
1017 15200
1017 15308
1017 15372
1017 15499
1017 15629
1017 16646
1017 16716
1017 16879
1017 16915
1017 17775
1017 17915
1018 9
1018 1346
1018 2195
1018 2518
1018 2621
1018 2958
1018 3150
1018 3669
1018 3815
1018 4070
1018 4906
1018 4969
1018 5080
1018 5246
1018 5272
1018 5450
1018 5489
1018 5633
1018 5807
1018 6555
1018 7184
1018 8605
1018 8800
1018 8859
1018 9932
1018 9990
1018 10129
1018 10249
1018 10669
1018 11258
1018 12278
1018 12517
1018 12564
1018 12696
1018 12821
1018 12936
1018 13333
1018 14381
1018 15201
1018 15309
1018 15373
1018 15500
1018 15630
1018 16647
1018 16717
1018 16880
1018 16916
1018 17776
1018 17916
1019 10
1019 1347
1019 2196
1019 2519
1019 2622
1019 2959
1019 3151
1019 3670
1019 3816
1019 4071
1019 4907
1019 4970
1019 5081
1019 5247
1019 5273
1019 5451
1019 5490
1019 5634
1019 5808
1019 6556
1019 7185
1019 8606
1019 8801
1019 8860
1019 9933
1019 9991
1019 10130
1019 10250
1019 10670
1019 11259
1019 12279
1019 12518
1019 12565
1019 12697
1019 12822
1019 12937
1019 13334
1019 14382
1019 15202
1019 15310
1019 15374
1019 15501
1019 15631
1019 16648
1019 16718
1019 16881
1019 16917
1019 17777
1019 17917
1020 11
1020 1348
1020 2197
1020 2520
1020 2623
1020 2960
1020 3152
1020 3671
1020 3817
1020 4072
1020 4908
1020 4971
1020 5082
1020 5248
1020 5274
1020 5452
1020 5491
1020 5635
1020 5809
1020 6557
1020 7186
1020 8607
1020 8802
1020 8861
1020 9934
1020 9992
1020 10131
1020 10251
1020 10671
1020 11260
1020 12280
1020 12519
1020 12566
1020 12698
1020 12823
1020 12938
1020 13335
1020 14383
1020 15203
1020 15311
1020 15375
1020 15502
1020 15632
1020 16649
1020 16719
1020 16882
1020 16918
1020 17778
1020 17918
1021 12
1021 1349
1021 2198
1021 2521
1021 2624
1021 2961
1021 3153
1021 3672
1021 3818
1021 4073
1021 4909
1021 4972
1021 5083
1021 5249
1021 5275
1021 5453
1021 5492
1021 5636
1021 5810
1021 6558
1021 7187
1021 8608
1021 8803
1021 8862
1021 9935
1021 9993
1021 10132
1021 10252
1021 10672
1021 11261
1021 12281
1021 12520
1021 12567
1021 12699
1021 12824
1021 12939
1021 13336
1021 14384
1021 15204
1021 15312
1021 15376
1021 15503
1021 15633
1021 16650
1021 16720
1021 16883
1021 16919
1021 17779
1021 17919
1022 13
1022 1350
1022 2199
1022 2522
1022 2625
1022 2962
1022 3154
1022 3673
1022 3819
1022 4074
1022 4910
1022 4973
1022 5084
1022 5250
1022 5276
1022 5454
1022 5493
1022 5637
1022 5811
1022 6559
1022 7188
1022 8609
1022 8804
1022 8863
1022 9936
1022 9994
1022 10133
1022 10253
1022 10673
1022 11262
1022 12282
1022 12521
1022 12568
1022 12700
1022 12825
1022 12940
1022 13337
1022 14385
1022 15205
1022 15313
1022 15377
1022 15504
1022 15634
1022 16651
1022 16721
1022 16884
1022 16920
1022 17780
1022 17920
1023 14
1023 1351
1023 2200
1023 2523
1023 2626
1023 2963
1023 3155
1023 3674
1023 3820
1023 4075
1023 4911
1023 4974
1023 5085
1023 5251
1023 5277
1023 5455
1023 5494
1023 5638
1023 5812
1023 6560
1023 7189
1023 8610
1023 8805
1023 8864
1023 9937
1023 9995
1023 10134
1023 10254
1023 10674
1023 11263
1023 12283
1023 12522
1023 12569
1023 12701
1023 12826
1023 12941
1023 13338
1023 14386
1023 15206
1023 15314
1023 15378
1023 15505
1023 15635
1023 16652
1023 16722
1023 16885
1023 16921
1023 17781
1023 17809
1024 15
1024 1352
1024 2201
1024 2524
1024 2627
1024 2964
1024 3156
1024 3675
1024 3821
1024 4076
1024 4912
1024 4975
1024 5086
1024 5252
1024 5278
1024 5456
1024 5495
1024 5639
1024 5813
1024 6561
1024 7190
1024 8611
1024 8806
1024 8865
1024 9938
1024 9996
1024 10135
1024 10255
1024 10675
1024 11264
1024 12284
1024 12523
1024 12570
1024 12702
1024 12827
1024 12942
1024 13339
1024 14387
1024 15207
1024 15315
1024 15379
1024 15506
1024 15636
1024 16653
1024 16723
1024 16886
1024 16922
1024 17782
1024 17810
1025 16
1025 1353
1025 2202
1025 2525
1025 2628
1025 2965
1025 3157
1025 3676
1025 3822
1025 4077
1025 4913
1025 4976
1025 5087
1025 5253
1025 5279
1025 5457
1025 5496
1025 5640
1025 5814
1025 6562
1025 7191
1025 8612
1025 8807
1025 8866
1025 9939
1025 9997
1025 10136
1025 10256
1025 10676
1025 11265
1025 12285
1025 12524
1025 12571
1025 12703
1025 12828
1025 12943
1025 13340
1025 14388
1025 15208
1025 15316
1025 15380
1025 15507
1025 15637
1025 16654
1025 16724
1025 16887
1025 16923
1025 17783
1025 17811
1026 17
1026 1354
1026 2203
1026 2526
1026 2629
1026 2966
1026 3158
1026 3677
1026 3823
1026 4078
1026 4914
1026 4977
1026 5088
1026 5254
1026 5280
1026 5458
1026 5497
1026 5641
1026 5815
1026 6563
1026 7192
1026 8613
1026 8808
1026 8867
1026 9940
1026 9998
1026 10137
1026 10257
1026 10677
1026 11266
1026 12286
1026 12525
1026 12572
1026 12704
1026 12829
1026 12944
1026 13341
1026 14389
1026 15209
1026 15317
1026 15381
1026 15508
1026 15638
1026 16655
1026 16725
1026 16888
1026 16924
1026 17784
1026 17812
1027 18
1027 1355
1027 2204
1027 2527
1027 2630
1027 2967
1027 3159
1027 3678
1027 3824
1027 4079
1027 4915
1027 4978
1027 5089
1027 5255
1027 5281
1027 5459
1027 5498
1027 5642
1027 5816
1027 6564
1027 7193
1027 8614
1027 8809
1027 8868
1027 9941
1027 9999
1027 10138
1027 10258
1027 10678
1027 11267
1027 12287
1027 12526
1027 12573
1027 12705
1027 12830
1027 12945
1027 13342
1027 14390
1027 15210
1027 15318
1027 15382
1027 15509
1027 15639
1027 16656
1027 16726
1027 16889
1027 16925
1027 17785
1027 17813
1028 19
1028 1356
1028 2205
1028 2528
1028 2631
1028 2968
1028 3160
1028 3679
1028 3825
1028 4080
1028 4916
1028 4979
1028 5090
1028 5256
1028 5282
1028 5460
1028 5499
1028 5643
1028 5817
1028 6565
1028 7194
1028 8615
1028 8810
1028 8869
1028 9942
1028 10000
1028 10139
1028 10259
1028 10679
1028 11268
1028 12288
1028 12527
1028 12574
1028 12706
1028 12831
1028 12946
1028 13343
1028 14391
1028 15211
1028 15319
1028 15383
1028 15510
1028 15640
1028 16657
1028 16727
1028 16890
1028 16926
1028 17786
1028 17814
1029 20
1029 1357
1029 2206
1029 2529
1029 2632
1029 2969
1029 3161
1029 3680
1029 3826
1029 4081
1029 4917
1029 4980
1029 5091
1029 5257
1029 5283
1029 5461
1029 5500
1029 5644
1029 5818
1029 6566
1029 7195
1029 8616
1029 8811
1029 8870
1029 9943
1029 10001
1029 10140
1029 10260
1029 10680
1029 11269
1029 12289
1029 12528
1029 12575
1029 12707
1029 12832
1029 12947
1029 13344
1029 14392
1029 15212
1029 15320
1029 15384
1029 15511
1029 15641
1029 16658
1029 16728
1029 16891
1029 16927
1029 17787
1029 17815
1030 21
1030 1358
1030 2207
1030 2530
1030 2633
1030 2970
1030 3162
1030 3681
1030 3827
1030 4082
1030 4918
1030 4981
1030 5092
1030 5258
1030 5284
1030 5462
1030 5501
1030 5645
1030 5819
1030 6567
1030 7196
1030 8617
1030 8812
1030 8871
1030 9944
1030 10002
1030 10141
1030 10261
1030 10681
1030 11270
1030 12290
1030 12529
1030 12576
1030 12708
1030 12833
1030 12948
1030 13345
1030 14393
1030 15213
1030 15321
1030 15385
1030 15512
1030 15642
1030 16659
1030 16729
1030 16892
1030 16928
1030 17788
1030 17816
1031 22
1031 1359
1031 2208
1031 2531
1031 2634
1031 2971
1031 3163
1031 3682
1031 3828
1031 4083
1031 4919
1031 4982
1031 5093
1031 5259
1031 5285
1031 5463
1031 5502
1031 5646
1031 5820
1031 6568
1031 7197
1031 8618
1031 8813
1031 8872
1031 9945
1031 10003
1031 10142
1031 10262
1031 10682
1031 11271
1031 12291
1031 12530
1031 12577
1031 12709
1031 12834
1031 12949
1031 13346
1031 14394
1031 15214
1031 15322
1031 15386
1031 15513
1031 15643
1031 16660
1031 16730
1031 16893
1031 16929
1031 17789
1031 17817
1032 23
1032 1360
1032 2209
1032 2532
1032 2635
1032 2972
1032 3164
1032 3683
1032 3829
1032 4084
1032 4920
1032 4983
1032 5094
1032 5260
1032 5286
1032 5464
1032 5503
1032 5647
1032 5821
1032 6569
1032 7198
1032 8619
1032 8814
1032 8873
1032 9946
1032 10004
1032 10143
1032 10263
1032 10683
1032 11272
1032 12292
1032 12531
1032 12578
1032 12710
1032 12835
1032 12950
1032 13347
1032 14395
1032 15215
1032 15323
1032 15387
1032 15514
1032 15644
1032 16661
1032 16731
1032 16894
1032 16930
1032 17790
1032 17818
1033 24
1033 1361
1033 2210
1033 2533
1033 2636
1033 2973
1033 3165
1033 3684
1033 3830
1033 4085
1033 4921
1033 4984
1033 5095
1033 5261
1033 5287
1033 5465
1033 5504
1033 5648
1033 5822
1033 6570
1033 7199
1033 8620
1033 8815
1033 8874
1033 9947
1033 10005
1033 10144
1033 10264
1033 10684
1033 11273
1033 12293
1033 12532
1033 12579
1033 12711
1033 12836
1033 12951
1033 13348
1033 14396
1033 15216
1033 15324
1033 15388
1033 15515
1033 15645
1033 16662
1033 16732
1033 16895
1033 16931
1033 17791
1033 17819
1034 25
1034 1362
1034 2211
1034 2534
1034 2637
1034 2974
1034 3166
1034 3685
1034 3831
1034 4086
1034 4922
1034 4985
1034 5096
1034 5262
1034 5288
1034 5466
1034 5505
1034 5649
1034 5823
1034 6571
1034 7200
1034 8621
1034 8816
1034 8875
1034 9948
1034 10006
1034 10145
1034 10265
1034 10685
1034 11274
1034 12294
1034 12533
1034 12580
1034 12712
1034 12837
1034 12952
1034 13349
1034 14397
1034 15217
1034 15325
1034 15389
1034 15516
1034 15646
1034 16663
1034 16733
1034 16896
1034 16932
1034 17792
1034 17820
1035 26
1035 1363
1035 2212
1035 2535
1035 2638
1035 2975
1035 3167
1035 3686
1035 3832
1035 4087
1035 4923
1035 4986
1035 5097
1035 5263
1035 5289
1035 5467
1035 5506
1035 5650
1035 5824
1035 6572
1035 7201
1035 8622
1035 8817
1035 8876
1035 9949
1035 10007
1035 10146
1035 10266
1035 10686
1035 11275
1035 12295
1035 12534
1035 12581
1035 12713
1035 12838
1035 12953
1035 13350
1035 14398
1035 15218
1035 15326
1035 15390
1035 15517
1035 15647
1035 16664
1035 16734
1035 16897
1035 16933
1035 17793
1035 17821
1036 27
1036 1364
1036 2213
1036 2536
1036 2639
1036 2976
1036 3168
1036 3687
1036 3833
1036 4088
1036 4924
1036 4987
1036 5098
1036 5264
1036 5290
1036 5468
1036 5507
1036 5651
1036 5713
1036 6573
1036 7202
1036 8623
1036 8818
1036 8877
1036 9950
1036 10008
1036 10147
1036 10267
1036 10687
1036 11276
1036 12296
1036 12535
1036 12582
1036 12714
1036 12839
1036 12954
1036 13351
1036 14399
1036 15219
1036 15327
1036 15391
1036 15518
1036 15648
1036 16665
1036 16735
1036 16898
1036 16934
1036 17794
1036 17822
1037 28
1037 1365
1037 2214
1037 2537
1037 2640
1037 2977
1037 3169
1037 3688
1037 3834
1037 4089
1037 4925
1037 4988
1037 5099
1037 5153
1037 5291
1037 5469
1037 5508
1037 5652
1037 5714
1037 6574
1037 7203
1037 8624
1037 8819
1037 8878
1037 9951
1037 10009
1037 10148
1037 10268
1037 10688
1037 11277
1037 12297
1037 12536
1037 12583
1037 12715
1037 12840
1037 12955
1037 13352
1037 14400
1037 15220
1037 15328
1037 15392
1037 15519
1037 15649
1037 16666
1037 16736
1037 16899
1037 16935
1037 17795
1037 17823
1038 29
1038 1366
1038 2215
1038 2538
1038 2641
1038 2978
1038 3170
1038 3689
1038 3835
1038 4090
1038 4926
1038 4989
1038 5100
1038 5154
1038 5292
1038 5470
1038 5509
1038 5653
1038 5715
1038 6575
1038 7204
1038 8513
1038 8820
1038 8879
1038 9952
1038 10010
1038 10149
1038 10269
1038 10689
1038 11278
1038 12298
1038 12537
1038 12584
1038 12716
1038 12841
1038 12956
1038 13353
1038 14401
1038 15221
1038 15329
1038 15393
1038 15520
1038 15650
1038 16667
1038 16737
1038 16900
1038 16936
1038 17796
1038 17824
1039 30
1039 1367
1039 2216
1039 2539
1039 2642
1039 2979
1039 3171
1039 3690
1039 3836
1039 4091
1039 4927
1039 4990
1039 5101
1039 5155
1039 5293
1039 5471
1039 5510
1039 5654
1039 5716
1039 6576
1039 7205
1039 8514
1039 8821
1039 8880
1039 9953
1039 10011
1039 10150
1039 10270
1039 10690
1039 11279
1039 12299
1039 12538
1039 12585
1039 12717
1039 12842
1039 12957
1039 13354
1039 14402
1039 15222
1039 15330
1039 15394
1039 15521
1039 15651
1039 16668
1039 16738
1039 16901
1039 16937
1039 17797
1039 17825
1040 31
1040 1368
1040 2217
1040 2540
1040 2643
1040 2980
1040 3172
1040 3691
1040 3837
1040 4092
1040 4928
1040 4991
1040 5102
1040 5156
1040 5294
1040 5472
1040 5511
1040 5655
1040 5717
1040 6577
1040 7206
1040 8515
1040 8822
1040 8881
1040 9954
1040 10012
1040 10151
1040 10271
1040 10691
1040 11280
1040 12300
1040 12539
1040 12586
1040 12718
1040 12843
1040 12958
1040 13355
1040 14403
1040 15223
1040 15331
1040 15395
1040 15522
1040 15652
1040 16669
1040 16739
1040 16902
1040 16938
1040 17798
1040 17826
1041 32
1041 1369
1041 2218
1041 2541
1041 2644
1041 2981
1041 3173
1041 3692
1041 3838
1041 4093
1041 4817
1041 4992
1041 5103
1041 5157
1041 5295
1041 5473
1041 5512
1041 5656
1041 5718
1041 6578
1041 7207
1041 8516
1041 8823
1041 8882
1041 9955
1041 10013
1041 10152
1041 10272
1041 10692
1041 11281
1041 12301
1041 12540
1041 12587
1041 12719
1041 12844
1041 12959
1041 13356
1041 14404
1041 15224
1041 15332
1041 15396
1041 15523
1041 15653
1041 16670
1041 16740
1041 16903
1041 16939
1041 17799
1041 17827
1042 33
1042 1370
1042 2219
1042 2542
1042 2645
1042 2982
1042 3174
1042 3693
1042 3839
1042 4094
1042 4818
1042 4993
1042 5104
1042 5158
1042 5296
1042 5474
1042 5513
1042 5657
1042 5719
1042 6579
1042 7208
1042 8517
1042 8824
1042 8883
1042 9956
1042 10014
1042 10153
1042 10273
1042 10693
1042 11282
1042 12302
1042 12541
1042 12588
1042 12720
1042 12845
1042 12960
1042 13357
1042 14405
1042 15225
1042 15333
1042 15397
1042 15524
1042 15654
1042 16671
1042 16741
1042 16904
1042 16940
1042 17800
1042 17828
1043 34
1043 1371
1043 2220
1043 2543
1043 2646
1043 2983
1043 3175
1043 3694
1043 3840
1043 4095
1043 4819
1043 4994
1043 5105
1043 5159
1043 5297
1043 5475
1043 5514
1043 5658
1043 5720
1043 6580
1043 7209
1043 8518
1043 8825
1043 8884
1043 9957
1043 10015
1043 10154
1043 10274
1043 10694
1043 11283
1043 12303
1043 12542
1043 12589
1043 12721
1043 12846
1043 12961
1043 13358
1043 14406
1043 15226
1043 15334
1043 15398
1043 15525
1043 15655
1043 16672
1043 16742
1043 16905
1043 16941
1043 17801
1043 17829
1044 35
1044 1372
1044 2221
1044 2544
1044 2647
1044 2984
1044 3176
1044 3695
1044 3841
1044 4096
1044 4820
1044 4995
1044 5106
1044 5160
1044 5298
1044 5476
1044 5515
1044 5659
1044 5721
1044 6581
1044 7210
1044 8519
1044 8826
1044 8885
1044 9958
1044 10016
1044 10155
1044 10275
1044 10695
1044 11284
1044 12304
1044 12543
1044 12590
1044 12722
1044 12847
1044 12962
1044 13359
1044 14407
1044 15227
1044 15335
1044 15399
1044 15526
1044 15656
1044 16673
1044 16743
1044 16906
1044 16942
1044 17802
1044 17830
1045 36
1045 1373
1045 2222
1045 2545
1045 2648
1045 2985
1045 3177
1045 3696
1045 3842
1045 4097
1045 4821
1045 4996
1045 5107
1045 5161
1045 5299
1045 5477
1045 5516
1045 5660
1045 5722
1045 6582
1045 7211
1045 8520
1045 8827
1045 8886
1045 9959
1045 10017
1045 10156
1045 10276
1045 10696
1045 11285
1045 12305
1045 12544
1045 12591
1045 12723
1045 12848
1045 12963
1045 13360
1045 14408
1045 15228
1045 15336
1045 15400
1045 15527
1045 15657
1045 16674
1045 16744
1045 16907
1045 16943
1045 17803
1045 17831
1046 37
1046 1374
1046 2223
1046 2546
1046 2649
1046 2986
1046 3178
1046 3585
1046 3843
1046 4098
1046 4822
1046 4997
1046 5108
1046 5162
1046 5300
1046 5478
1046 5517
1046 5661
1046 5723
1046 6583
1046 7212
1046 8521
1046 8828
1046 8887
1046 9960
1046 10018
1046 10157
1046 10277
1046 10697
1046 11286
1046 12306
1046 12433
1046 12592
1046 12724
1046 12849
1046 12964
1046 13361
1046 14409
1046 15229
1046 15337
1046 15401
1046 15528
1046 15658
1046 16675
1046 16745
1046 16908
1046 16944
1046 17804
1046 17832
1047 38
1047 1375
1047 2224
1047 2547
1047 2650
1047 2987
1047 3179
1047 3586
1047 3844
1047 4099
1047 4823
1047 4998
1047 5109
1047 5163
1047 5301
1047 5479
1047 5518
1047 5662
1047 5724
1047 6584
1047 7213
1047 8522
1047 8829
1047 8888
1047 9961
1047 10019
1047 10158
1047 10278
1047 10698
1047 11287
1047 12307
1047 12434
1047 12593
1047 12725
1047 12850
1047 12965
1047 13362
1047 14410
1047 15230
1047 15338
1047 15402
1047 15529
1047 15659
1047 16676
1047 16746
1047 16909
1047 16945
1047 17805
1047 17833
1048 39
1048 1376
1048 2225
1048 2548
1048 2651
1048 2988
1048 3180
1048 3587
1048 3845
1048 4100
1048 4824
1048 4999
1048 5110
1048 5164
1048 5302
1048 5480
1048 5519
1048 5663
1048 5725
1048 6585
1048 7214
1048 8523
1048 8830
1048 8889
1048 9962
1048 10020
1048 10159
1048 10279
1048 10699
1048 11288
1048 12308
1048 12435
1048 12594
1048 12726
1048 12851
1048 12966
1048 13363
1048 14411
1048 15231
1048 15339
1048 15403
1048 15530
1048 15660
1048 16677
1048 16747
1048 16910
1048 16946
1048 17806
1048 17834
1049 40
1049 1377
1049 2226
1049 2549
1049 2652
1049 2989
1049 3181
1049 3588
1049 3846
1049 4101
1049 4825
1049 5000
1049 5111
1049 5165
1049 5303
1049 5481
1049 5520
1049 5664
1049 5726
1049 6586
1049 7215
1049 8524
1049 8831
1049 8890
1049 9963
1049 10021
1049 10160
1049 10280
1049 10700
1049 11289
1049 12309
1049 12436
1049 12595
1049 12727
1049 12852
1049 12967
1049 13364
1049 14412
1049 15232
1049 15340
1049 15404
1049 15531
1049 15661
1049 16678
1049 16748
1049 16911
1049 16947
1049 17807
1049 17835
1050 41
1050 1378
1050 2227
1050 2550
1050 2653
1050 2990
1050 3182
1050 3589
1050 3847
1050 4102
1050 4826
1050 5001
1050 5112
1050 5166
1050 5304
1050 5482
1050 5521
1050 5665
1050 5727
1050 6587
1050 7216
1050 8525
1050 8832
1050 8891
1050 9964
1050 10022
1050 10161
1050 10281
1050 10701
1050 11290
1050 12310
1050 12437
1050 12596
1050 12728
1050 12853
1050 12968
1050 13365
1050 14413
1050 15121
1050 15341
1050 15405
1050 15532
1050 15662
1050 16679
1050 16749
1050 16912
1050 16948
1050 17808
1050 17836
1051 42
1051 1379
1051 2228
1051 2551
1051 2654
1051 2991
1051 3183
1051 3590
1051 3848
1051 4103
1051 4827
1051 5002
1051 5113
1051 5167
1051 5305
1051 5483
1051 5522
1051 5666
1051 5728
1051 6588
1051 7217
1051 8526
1051 8833
1051 8892
1051 9965
1051 10023
1051 10162
1051 10282
1051 10702
1051 11291
1051 12311
1051 12438
1051 12597
1051 12729
1051 12854
1051 12969
1051 13366
1051 14414
1051 15122
1051 15342
1051 15406
1051 15533
1051 15663
1051 16680
1051 16750
1051 16801
1051 16949
1051 17697
1051 17837
1052 43
1052 1380
1052 2229
1052 2552
1052 2655
1052 2992
1052 3184
1052 3591
1052 3849
1052 4104
1052 4828
1052 5003
1052 5114
1052 5168
1052 5306
1052 5484
1052 5523
1052 5667
1052 5729
1052 6589
1052 7218
1052 8527
1052 8834
1052 8893
1052 9966
1052 10024
1052 10163
1052 10283
1052 10703
1052 11292
1052 12312
1052 12439
1052 12598
1052 12730
1052 12855
1052 12970
1052 13367
1052 14415
1052 15123
1052 15343
1052 15407
1052 15534
1052 15664
1052 16681
1052 16751
1052 16802
1052 16950
1052 17698
1052 17838
1053 44
1053 1381
1053 2230
1053 2553
1053 2656
1053 2993
1053 3185
1053 3592
1053 3850
1053 4105
1053 4829
1053 5004
1053 5115
1053 5169
1053 5307
1053 5485
1053 5524
1053 5668
1053 5730
1053 6590
1053 7219
1053 8528
1053 8835
1053 8894
1053 9967
1053 10025
1053 10164
1053 10284
1053 10704
1053 11293
1053 12313
1053 12440
1053 12599
1053 12731
1053 12856
1053 12971
1053 13368
1053 14416
1053 15124
1053 15344
1053 15408
1053 15535
1053 15665
1053 16682
1053 16752
1053 16803
1053 16951
1053 17699
1053 17839
1054 45
1054 1382
1054 2231
1054 2554
1054 2657
1054 2994
1054 3186
1054 3593
1054 3851
1054 4106
1054 4830
1054 5005
1054 5116
1054 5170
1054 5308
1054 5486
1054 5525
1054 5669
1054 5731
1054 6591
1054 7220
1054 8529
1054 8836
1054 8895
1054 9968
1054 10026
1054 10165
1054 10285
1054 10705
1054 11294
1054 12314
1054 12441
1054 12600
1054 12732
1054 12857
1054 12972
1054 13369
1054 14417
1054 15125
1054 15233
1054 15409
1054 15536
1054 15666
1054 16683
1054 16753
1054 16804
1054 16952
1054 17700
1054 17840
1055 46
1055 1383
1055 2232
1055 2555
1055 2658
1055 2995
1055 3187
1055 3594
1055 3852
1055 4107
1055 4831
1055 5006
1055 5117
1055 5171
1055 5309
1055 5487
1055 5526
1055 5670
1055 5732
1055 6592
1055 7221
1055 8530
1055 8837
1055 8896
1055 9857
1055 10027
1055 10166
1055 10286
1055 10706
1055 11295
1055 12315
1055 12442
1055 12601
1055 12733
1055 12858
1055 12973
1055 13370
1055 14418
1055 15126
1055 15234
1055 15410
1055 15537
1055 15667
1055 16684
1055 16754
1055 16805
1055 16953
1055 17701
1055 17841
1056 47
1056 1384
1056 2233
1056 2556
1056 2659
1056 2996
1056 3188
1056 3595
1056 3853
1056 4108
1056 4832
1056 5007
1056 5118
1056 5172
1056 5310
1056 5488
1056 5527
1056 5671
1056 5733
1056 6593
1056 7222
1056 8531
1056 8838
1056 8897
1056 9858
1056 10028
1056 10167
1056 10287
1056 10707
1056 11296
1056 12316
1056 12443
1056 12602
1056 12734
1056 12859
1056 12974
1056 13371
1056 14419
1056 15127
1056 15235
1056 15411
1056 15538
1056 15668
1056 16685
1056 16755
1056 16806
1056 16954
1056 17702
1056 17842
1057 48
1057 1385
1057 2234
1057 2557
1057 2660
1057 2997
1057 3189
1057 3596
1057 3854
1057 4109
1057 4833
1057 5008
1057 5119
1057 5173
1057 5311
1057 5377
1057 5528
1057 5672
1057 5734
1057 6594
1057 7223
1057 8532
1057 8839
1057 8898
1057 9859
1057 10029
1057 10168
1057 10288
1057 10708
1057 11297
1057 12317
1057 12444
1057 12603
1057 12735
1057 12860
1057 12975
1057 13372
1057 14420
1057 15128
1057 15236
1057 15412
1057 15539
1057 15669
1057 16686
1057 16756
1057 16807
1057 16955
1057 17703
1057 17843
1058 49
1058 1386
1058 2235
1058 2558
1058 2661
1058 2998
1058 3190
1058 3597
1058 3855
1058 4110
1058 4834
1058 5009
1058 5120
1058 5174
1058 5312
1058 5378
1058 5529
1058 5673
1058 5735
1058 6595
1058 7224
1058 8533
1058 8840
1058 8899
1058 9860
1058 10030
1058 10169
1058 10289
1058 10709
1058 11298
1058 12318
1058 12445
1058 12604
1058 12736
1058 12861
1058 12976
1058 13373
1058 14421
1058 15129
1058 15237
1058 15413
1058 15540
1058 15670
1058 16687
1058 16757
1058 16808
1058 16956
1058 17704
1058 17844
1059 50
1059 1387
1059 2236
1059 2559
1059 2662
1059 2999
1059 3191
1059 3598
1059 3856
1059 4111
1059 4835
1059 5010
1059 5121
1059 5175
1059 5313
1059 5379
1059 5530
1059 5674
1059 5736
1059 6596
1059 7225
1059 8534
1059 8841
1059 8900
1059 9861
1059 10031
1059 10170
1059 10290
1059 10710
1059 11299
1059 12319
1059 12446
1059 12605
1059 12737
1059 12862
1059 12977
1059 13374
1059 14422
1059 15130
1059 15238
1059 15414
1059 15541
1059 15671
1059 16688
1059 16758
1059 16809
1059 16957
1059 17705
1059 17845
1060 51
1060 1388
1060 2237
1060 2560
1060 2663
1060 3000
1060 3192
1060 3599
1060 3857
1060 4112
1060 4836
1060 5011
1060 5122
1060 5176
1060 5314
1060 5380
1060 5531
1060 5675
1060 5737
1060 6597
1060 7226
1060 8535
1060 8842
1060 8901
1060 9862
1060 10032
1060 10171
1060 10291
1060 10711
1060 11300
1060 12320
1060 12447
1060 12606
1060 12738
1060 12863
1060 12978
1060 13375
1060 14423
1060 15131
1060 15239
1060 15415
1060 15542
1060 15672
1060 16577
1060 16759
1060 16810
1060 16958
1060 17706
1060 17846
1061 52
1061 1389
1061 2238
1061 2561
1061 2664
1061 3001
1061 3193
1061 3600
1061 3858
1061 4113
1061 4837
1061 5012
1061 5123
1061 5177
1061 5315
1061 5381
1061 5532
1061 5676
1061 5738
1061 6598
1061 7227
1061 8536
1061 8843
1061 8902
1061 9863
1061 10033
1061 10172
1061 10292
1061 10712
1061 11301
1061 12209
1061 12448
1061 12607
1061 12739
1061 12864
1061 12979
1061 13376
1061 14424
1061 15132
1061 15240
1061 15416
1061 15543
1061 15673
1061 16578
1061 16760
1061 16811
1061 16959
1061 17707
1061 17847
1062 53
1062 1390
1062 2239
1062 2562
1062 2665
1062 3002
1062 3194
1062 3601
1062 3859
1062 4114
1062 4838
1062 5013
1062 5124
1062 5178
1062 5316
1062 5382
1062 5533
1062 5677
1062 5739
1062 6599
1062 7228
1062 8537
1062 8844
1062 8903
1062 9864
1062 10034
1062 10173
1062 10293
1062 10713
1062 11302
1062 12210
1062 12449
1062 12608
1062 12740
1062 12865
1062 12980
1062 13377
1062 14425
1062 15133
1062 15241
1062 15417
1062 15544
1062 15674
1062 16579
1062 16761
1062 16812
1062 16960
1062 17708
1062 17848
1063 54
1063 1391
1063 2240
1063 2563
1063 2666
1063 3003
1063 3195
1063 3602
1063 3860
1063 4115
1063 4839
1063 5014
1063 5125
1063 5179
1063 5317
1063 5383
1063 5534
1063 5678
1063 5740
1063 6600
1063 7229
1063 8538
1063 8845
1063 8904
1063 9865
1063 10035
1063 10174
1063 10294
1063 10714
1063 11303
1063 12211
1063 12450
1063 12609
1063 12741
1063 12866
1063 12981
1063 13378
1063 14426
1063 15134
1063 15242
1063 15418
1063 15545
1063 15675
1063 16580
1063 16762
1063 16813
1063 16961
1063 17709
1063 17849
1064 55
1064 1392
1064 2129
1064 2564
1064 2667
1064 3004
1064 3196
1064 3603
1064 3861
1064 4116
1064 4840
1064 5015
1064 5126
1064 5180
1064 5318
1064 5384
1064 5535
1064 5679
1064 5741
1064 6601
1064 7230
1064 8539
1064 8846
1064 8905
1064 9866
1064 10036
1064 10175
1064 10295
1064 10715
1064 11304
1064 12212
1064 12451
1064 12610
1064 12742
1064 12867
1064 12982
1064 13379
1064 14427
1064 15135
1064 15243
1064 15419
1064 15546
1064 15676
1064 16581
1064 16763
1064 16814
1064 16962
1064 17710
1064 17850
1065 56
1065 1393
1065 2130
1065 2565
1065 2668
1065 3005
1065 3197
1065 3604
1065 3862
1065 4117
1065 4841
1065 5016
1065 5127
1065 5181
1065 5319
1065 5385
1065 5536
1065 5680
1065 5742
1065 6602
1065 7231
1065 8540
1065 8847
1065 8906
1065 9867
1065 10037
1065 10176
1065 10296
1065 10716
1065 11305
1065 12213
1065 12452
1065 12611
1065 12743
1065 12868
1065 12983
1065 13380
1065 14428
1065 15136
1065 15244
1065 15420
1065 15547
1065 15677
1065 16582
1065 16764
1065 16815
1065 16963
1065 17711
1065 17851
1066 57
1066 1394
1066 2131
1066 2566
1066 2669
1066 3006
1066 3198
1066 3605
1066 3863
1066 4118
1066 4842
1066 5017
1066 5128
1066 5182
1066 5320
1066 5386
1066 5537
1066 5681
1066 5743
1066 6603
1066 7232
1066 8541
1066 8848
1066 8907
1066 9868
1066 10038
1066 10177
1066 10297
1066 10717
1066 11306
1066 12214
1066 12453
1066 12612
1066 12744
1066 12869
1066 12984
1066 13381
1066 14429
1066 15137
1066 15245
1066 15421
1066 15548
1066 15678
1066 16583
1066 16765
1066 16816
1066 16964
1066 17712
1066 17852
1067 58
1067 1395
1067 2132
1067 2567
1067 2670
1067 3007
1067 3199
1067 3606
1067 3864
1067 4119
1067 4843
1067 5018
1067 5129
1067 5183
1067 5321
1067 5387
1067 5538
1067 5682
1067 5744
1067 6604
1067 7233
1067 8542
1067 8737
1067 8908
1067 9869
1067 10039
1067 10178
1067 10298
1067 10718
1067 11307
1067 12215
1067 12454
1067 12613
1067 12745
1067 12870
1067 12985
1067 13382
1067 14430
1067 15138
1067 15246
1067 15422
1067 15549
1067 15679
1067 16584
1067 16766
1067 16817
1067 16965
1067 17713
1067 17853
1068 59
1068 1396
1068 2133
1068 2568
1068 2671
1068 3008
1068 3200
1068 3607
1068 3865
1068 4120
1068 4844
1068 5019
1068 5130
1068 5184
1068 5322
1068 5388
1068 5539
1068 5683
1068 5745
1068 6605
1068 7234
1068 8543
1068 8738
1068 8909
1068 9870
1068 10040
1068 10179
1068 10299
1068 10719
1068 11308
1068 12216
1068 12455
1068 12614
1068 12746
1068 12871
1068 12986
1068 13383
1068 14431
1068 15139
1068 15247
1068 15423
1068 15550
1068 15680
1068 16585
1068 16767
1068 16818
1068 16966
1068 17714
1068 17854
1069 60
1069 1397
1069 2134
1069 2569
1069 2672
1069 3009
1069 3201
1069 3608
1069 3866
1069 4121
1069 4845
1069 5020
1069 5131
1069 5185
1069 5323
1069 5389
1069 5540
1069 5684
1069 5746
1069 6606
1069 7235
1069 8544
1069 8739
1069 8910
1069 9871
1069 10041
1069 10180
1069 10300
1069 10720
1069 11309
1069 12217
1069 12456
1069 12615
1069 12747
1069 12872
1069 12987
1069 13384
1069 14432
1069 15140
1069 15248
1069 15424
1069 15551
1069 15569
1069 16586
1069 16768
1069 16819
1069 16967
1069 17715
1069 17855
1070 61
1070 1398
1070 2135
1070 2570
1070 2673
1070 3010
1070 3202
1070 3609
1070 3867
1070 4122
1070 4846
1070 5021
1070 5132
1070 5186
1070 5324
1070 5390
1070 5541
1070 5685
1070 5747
1070 6607
1070 7236
1070 8545
1070 8740
1070 8911
1070 9872
1070 10042
1070 10181
1070 10301
1070 10721
1070 11310
1070 12218
1070 12457
1070 12616
1070 12748
1070 12873
1070 12988
1070 13385
1070 14433
1070 15141
1070 15249
1070 15425
1070 15552
1070 15570
1070 16587
1070 16769
1070 16820
1070 16968
1070 17716
1070 17856
1071 62
1071 1399
1071 2136
1071 2571
1071 2674
1071 3011
1071 3203
1071 3610
1071 3868
1071 4123
1071 4847
1071 5022
1071 5133
1071 5187
1071 5325
1071 5391
1071 5542
1071 5686
1071 5748
1071 6608
1071 7237
1071 8546
1071 8741
1071 8912
1071 9873
1071 10043
1071 10182
1071 10302
1071 10722
1071 11311
1071 12219
1071 12458
1071 12617
1071 12749
1071 12874
1071 12989
1071 13386
1071 14434
1071 15142
1071 15250
1071 15426
1071 15553
1071 15571
1071 16588
1071 16770
1071 16821
1071 16969
1071 17717
1071 17857
1072 63
1072 1400
1072 2137
1072 2572
1072 2675
1072 3012
1072 3204
1072 3611
1072 3869
1072 4124
1072 4848
1072 5023
1072 5134
1072 5188
1072 5326
1072 5392
1072 5543
1072 5687
1072 5749
1072 6497
1072 7238
1072 8547
1072 8742
1072 8913
1072 9874
1072 10044
1072 10183
1072 10303
1072 10723
1072 11312
1072 12220
1072 12459
1072 12618
1072 12750
1072 12875
1072 12990
1072 13387
1072 14435
1072 15143
1072 15251
1072 15427
1072 15554
1072 15572
1072 16589
1072 16771
1072 16822
1072 16970
1072 17718
1072 17858
1073 64
1073 1401
1073 2138
1073 2573
1073 2676
1073 3013
1073 3205
1073 3612
1073 3870
1073 4125
1073 4849
1073 5024
1073 5135
1073 5189
1073 5327
1073 5393
1073 5544
1073 5688
1073 5750
1073 6498
1073 7239
1073 8548
1073 8743
1073 8914
1073 9875
1073 10045
1073 10184
1073 10304
1073 10724
1073 11201
1073 12221
1073 12460
1073 12619
1073 12751
1073 12876
1073 12991
1073 13388
1073 14436
1073 15144
1073 15252
1073 15428
1073 15555
1073 15573
1073 16590
1073 16772
1073 16823
1073 16971
1073 17719
1073 17859
1074 65
1074 1402
1074 2139
1074 2574
1074 2677
1074 3014
1074 3206
1074 3613
1074 3871
1074 4126
1074 4850
1074 5025
1074 5136
1074 5190
1074 5328
1074 5394
1074 5545
1074 5689
1074 5751
1074 6499
1074 7240
1074 8549
1074 8744
1074 8915
1074 9876
1074 10046
1074 10185
1074 10193
1074 10725
1074 11202
1074 12222
1074 12461
1074 12620
1074 12752
1074 12877
1074 12992
1074 13389
1074 14437
1074 15145
1074 15253
1074 15429
1074 15556
1074 15574
1074 16591
1074 16773
1074 16824
1074 16972
1074 17720
1074 17860
1075 66
1075 1403
1075 2140
1075 2575
1075 2678
1075 3015
1075 3207
1075 3614
1075 3872
1075 4127
1075 4851
1075 5026
1075 5137
1075 5191
1075 5329
1075 5395
1075 5546
1075 5690
1075 5752
1075 6500
1075 7241
1075 8550
1075 8745
1075 8916
1075 9877
1075 10047
1075 10186
1075 10194
1075 10726
1075 11203
1075 12223
1075 12462
1075 12621
1075 12753
1075 12878
1075 12881
1075 13390
1075 14438
1075 15146
1075 15254
1075 15430
1075 15557
1075 15575
1075 16592
1075 16774
1075 16825
1075 16973
1075 17721
1075 17861
1076 67
1076 1404
1076 2141
1076 2576
1076 2679
1076 3016
1076 3208
1076 3615
1076 3873
1076 4128
1076 4852
1076 5027
1076 5138
1076 5192
1076 5330
1076 5396
1076 5547
1076 5691
1076 5753
1076 6501
1076 7242
1076 8551
1076 8746
1076 8917
1076 9878
1076 10048
1076 10187
1076 10195
1076 10727
1076 11204
1076 12224
1076 12463
1076 12622
1076 12754
1076 12879
1076 12882
1076 13391
1076 14439
1076 15147
1076 15255
1076 15431
1076 15558
1076 15576
1076 16593
1076 16775
1076 16826
1076 16974
1076 17722
1076 17862
1077 68
1077 1405
1077 2142
1077 2465
1077 2680
1077 3017
1077 3209
1077 3616
1077 3874
1077 4129
1077 4853
1077 5028
1077 5139
1077 5193
1077 5331
1077 5397
1077 5548
1077 5692
1077 5754
1077 6502
1077 7243
1077 8552
1077 8747
1077 8918
1077 9879
1077 10049
1077 10188
1077 10196
1077 10728
1077 11205
1077 12225
1077 12464
1077 12623
1077 12755
1077 12880
1077 12883
1077 13392
1077 14440
1077 15148
1077 15256
1077 15432
1077 15559
1077 15577
1077 16594
1077 16776
1077 16827
1077 16975
1077 17723
1077 17863
1078 69
1078 1406
1078 2143
1078 2466
1078 2681
1078 3018
1078 3210
1078 3617
1078 3875
1078 4130
1078 4854
1078 5029
1078 5140
1078 5194
1078 5332
1078 5398
1078 5549
1078 5693
1078 5755
1078 6503
1078 7244
1078 8553
1078 8748
1078 8919
1078 9880
1078 10050
1078 10189
1078 10197
1078 10729
1078 11206
1078 12226
1078 12465
1078 12624
1078 12756
1078 12769
1078 12884
1078 13393
1078 14441
1078 15149
1078 15257
1078 15433
1078 15560
1078 15578
1078 16595
1078 16777
1078 16828
1078 16976
1078 17724
1078 17864
1079 70
1079 1407
1079 2144
1079 2467
1079 2682
1079 3019
1079 3211
1079 3618
1079 3876
1079 4131
1079 4855
1079 5030
1079 5141
1079 5195
1079 5333
1079 5399
1079 5550
1079 5694
1079 5756
1079 6504
1079 7245
1079 8554
1079 8749
1079 8920
1079 9881
1079 10051
1079 10190
1079 10198
1079 10730
1079 11207
1079 12227
1079 12466
1079 12625
1079 12757
1079 12770
1079 12885
1079 13394
1079 14442
1079 15150
1079 15258
1079 15434
1079 15561
1079 15579
1079 16596
1079 16778
1079 16829
1079 16977
1079 17725
1079 17865
1080 71
1080 1408
1080 2145
1080 2468
1080 2683
1080 3020
1080 3212
1080 3619
1080 3877
1080 4132
1080 4856
1080 5031
1080 5142
1080 5196
1080 5334
1080 5400
1080 5551
1080 5695
1080 5757
1080 6505
1080 7246
1080 8555
1080 8750
1080 8921
1080 9882
1080 10052
1080 10191
1080 10199
1080 10731
1080 11208
1080 12228
1080 12467
1080 12626
1080 12758
1080 12771
1080 12886
1080 13395
1080 14443
1080 15151
1080 15259
1080 15435
1080 15562
1080 15580
1080 16597
1080 16779
1080 16830
1080 16978
1080 17726
1080 17866
1081 72
1081 1409
1081 2146
1081 2469
1081 2684
1081 3021
1081 3213
1081 3620
1081 3878
1081 4133
1081 4857
1081 5032
1081 5143
1081 5197
1081 5335
1081 5401
1081 5552
1081 5696
1081 5758
1081 6506
1081 7247
1081 8556
1081 8751
1081 8922
1081 9883
1081 10053
1081 10192
1081 10200
1081 10732
1081 11209
1081 12229
1081 12468
1081 12627
1081 12759
1081 12772
1081 12887
1081 13396
1081 14444
1081 15152
1081 15260
1081 15436
1081 15563
1081 15581
1081 16598
1081 16780
1081 16831
1081 16979
1081 17727
1081 17867
1082 73
1082 1410
1082 2147
1082 2470
1082 2685
1082 3022
1082 3214
1082 3621
1082 3879
1082 4134
1082 4858
1082 5033
1082 5144
1082 5198
1082 5336
1082 5402
1082 5553
1082 5697
1082 5759
1082 6507
1082 7248
1082 8557
1082 8752
1082 8923
1082 9884
1082 10054
1082 10081
1082 10201
1082 10733
1082 11210
1082 12230
1082 12469
1082 12628
1082 12760
1082 12773
1082 12888
1082 13397
1082 14445
1082 15153
1082 15261
1082 15437
1082 15564
1082 15582
1082 16599
1082 16781
1082 16832
1082 16980
1082 17728
1082 17868
1083 74
1083 1411
1083 2148
1083 2471
1083 2686
1083 3023
1083 3215
1083 3622
1083 3880
1083 4135
1083 4859
1083 5034
1083 5145
1083 5199
1083 5337
1083 5403
1083 5554
1083 5698
1083 5760
1083 6508
1083 7249
1083 8558
1083 8753
1083 8924
1083 9885
1083 10055
1083 10082
1083 10202
1083 10734
1083 11211
1083 12231
1083 12470
1083 12629
1083 12761
1083 12774
1083 12889
1083 13398
1083 14446
1083 15154
1083 15262
1083 15438
1083 15565
1083 15583
1083 16600
1083 16782
1083 16833
1083 16981
1083 17729
1083 17869
1084 75
1084 1412
1084 2149
1084 2472
1084 2687
1084 3024
1084 3216
1084 3623
1084 3881
1084 4136
1084 4860
1084 5035
1084 5146
1084 5200
1084 5338
1084 5404
1084 5555
1084 5699
1084 5761
1084 6509
1084 7250
1084 8559
1084 8754
1084 8925
1084 9886
1084 10056
1084 10083
1084 10203
1084 10735
1084 11212
1084 12232
1084 12471
1084 12630
1084 12762
1084 12775
1084 12890
1084 13399
1084 14447
1084 15155
1084 15263
1084 15439
1084 15566
1084 15584
1084 16601
1084 16783
1084 16834
1084 16982
1084 17730
1084 17870
1085 76
1085 1413
1085 2150
1085 2473
1085 2688
1085 2913
1085 3217
1085 3624
1085 3882
1085 4137
1085 4861
1085 5036
1085 5147
1085 5201
1085 5339
1085 5405
1085 5556
1085 5700
1085 5762
1085 6510
1085 7251
1085 8560
1085 8755
1085 8926
1085 9887
1085 10057
1085 10084
1085 10204
1085 10736
1085 11213
1085 12233
1085 12472
1085 12631
1085 12763
1085 12776
1085 12891
1085 13400
1085 14448
1085 15156
1085 15264
1085 15440
1085 15567
1085 15585
1085 16602
1085 16784
1085 16835
1085 16983
1085 17731
1085 17871
1086 77
1086 1414
1086 2151
1086 2474
1086 2577
1086 2914
1086 3218
1086 3625
1086 3883
1086 4138
1086 4862
1086 5037
1086 5148
1086 5202
1086 5340
1086 5406
1086 5557
1086 5701
1086 5763
1086 6511
1086 7252
1086 8561
1086 8756
1086 8927
1086 9888
1086 10058
1086 10085
1086 10205
1086 10737
1086 11214
1086 12234
1086 12473
1086 12632
1086 12764
1086 12777
1086 12892
1086 13401
1086 14337
1086 15157
1086 15265
1086 15441
1086 15568
1086 15586
1086 16603
1086 16785
1086 16836
1086 16984
1086 17732
1086 17872
1087 78
1087 1415
1087 2152
1087 2475
1087 2578
1087 2915
1087 3219
1087 3626
1087 3884
1087 4139
1087 4863
1087 5038
1087 5149
1087 5203
1087 5341
1087 5407
1087 5558
1087 5702
1087 5764
1087 6512
1087 7253
1087 8562
1087 8757
1087 8928
1087 9889
1087 10059
1087 10086
1087 10206
1087 10738
1087 11215
1087 12235
1087 12474
1087 12633
1087 12765
1087 12778
1087 12893
1087 13402
1087 14338
1087 15158
1087 15266
1087 15442
1087 15457
1087 15587
1087 16604
1087 16786
1087 16837
1087 16985
1087 17733
1087 17873
1088 79
1088 1416
1088 2153
1088 2476
1088 2579
1088 2916
1088 3220
1088 3627
1088 3885
1088 4140
1088 4864
1088 5039
1088 5150
1088 5204
1088 5342
1088 5408
1088 5559
1088 5703
1088 5765
1088 6513
1088 7254
1088 8563
1088 8758
1088 8929
1088 9890
1088 10060
1088 10087
1088 10207
1088 10739
1088 11216
1088 12236
1088 12475
1088 12634
1088 12766
1088 12779
1088 12894
1088 13403
1088 14339
1088 15159
1088 15267
1088 15443
1088 15458
1088 15588
1088 16605
1088 16787
1088 16838
1088 16986
1088 17734
1088 17874
1089 80
1089 1417
1089 2154
1089 2477
1089 2580
1089 2917
1089 3221
1089 3628
1089 3886
1089 4141
1089 4865
1089 5040
1089 5151
1089 5205
1089 5343
1089 5409
1089 5560
1089 5704
1089 5766
1089 6514
1089 7255
1089 8564
1089 8759
1089 8930
1089 9891
1089 10061
1089 10088
1089 10208
1089 10740
1089 11217
1089 12237
1089 12476
1089 12635
1089 12767
1089 12780
1089 12895
1089 13404
1089 14340
1089 15160
1089 15268
1089 15444
1089 15459
1089 15589
1089 16606
1089 16788
1089 16839
1089 16987
1089 17735
1089 17875
1090 81
1090 1418
1090 2155
1090 2478
1090 2581
1090 2918
1090 3222
1090 3629
1090 3887
1090 4142
1090 4866
1090 4929
1090 5152
1090 5206
1090 5344
1090 5410
1090 5561
1090 5705
1090 5767
1090 6515
1090 7256
1090 8565
1090 8760
1090 8931
1090 9892
1090 10062
1090 10089
1090 10209
1090 10741
1090 11218
1090 12238
1090 12477
1090 12636
1090 12768
1090 12781
1090 12896
1090 13405
1090 14341
1090 15161
1090 15269
1090 15445
1090 15460
1090 15590
1090 16607
1090 16789
1090 16840
1090 16988
1090 17736
1090 17876
1091 82
1091 1419
1091 2156
1091 2479
1091 2582
1091 2919
1091 3223
1091 3630
1091 3888
1091 4143
1091 4867
1091 4930
1091 5041
1091 5207
1091 5345
1091 5411
1091 5562
1091 5706
1091 5768
1091 6516
1091 7257
1091 8566
1091 8761
1091 8932
1091 9893
1091 10063
1091 10090
1091 10210
1091 10742
1091 11219
1091 12239
1091 12478
1091 12637
1091 12657
1091 12782
1091 12897
1091 13406
1091 14342
1091 15162
1091 15270
1091 15446
1091 15461
1091 15591
1091 16608
1091 16790
1091 16841
1091 16989
1091 17737
1091 17877
1092 83
1092 1420
1092 2157
1092 2480
1092 2583
1092 2920
1092 3224
1092 3631
1092 3889
1092 4144
1092 4868
1092 4931
1092 5042
1092 5208
1092 5346
1092 5412
1092 5563
1092 5707
1092 5769
1092 6517
1092 7258
1092 8567
1092 8762
1092 8933
1092 9894
1092 10064
1092 10091
1092 10211
1092 10743
1092 11220
1092 12240
1092 12479
1092 12638
1092 12658
1092 12783
1092 12898
1092 13407
1092 14343
1092 15163
1092 15271
1092 15447
1092 15462
1092 15592
1092 16609
1092 16791
1092 16842
1092 16990
1092 17738
1092 17878
1093 84
1093 1421
1093 2158
1093 2481
1093 2584
1093 2921
1093 3225
1093 3632
1093 3890
1093 4033
1093 4869
1093 4932
1093 5043
1093 5209
1093 5347
1093 5413
1093 5564
1093 5708
1093 5770
1093 6518
1093 7259
1093 8568
1093 8763
1093 8934
1093 9895
1093 10065
1093 10092
1093 10212
1093 10744
1093 11221
1093 12241
1093 12480
1093 12639
1093 12659
1093 12784
1093 12899
1093 13408
1093 14344
1093 15164
1093 15272
1093 15448
1093 15463
1093 15593
1093 16610
1093 16792
1093 16843
1093 16991
1093 17739
1093 17879
1094 85
1094 1422
1094 2159
1094 2482
1094 2585
1094 2922
1094 3226
1094 3633
1094 3891
1094 4034
1094 4870
1094 4933
1094 5044
1094 5210
1094 5348
1094 5414
1094 5565
1094 5709
1094 5771
1094 6519
1094 7260
1094 8569
1094 8764
1094 8935
1094 9896
1094 10066
1094 10093
1094 10213
1094 10745
1094 11222
1094 12242
1094 12481
1094 12640
1094 12660
1094 12785
1094 12900
1094 13409
1094 14345
1094 15165
1094 15273
1094 15449
1094 15464
1094 15594
1094 16611
1094 16793
1094 16844
1094 16992
1094 17740
1094 17880
1095 86
1095 1423
1095 2160
1095 2483
1095 2586
1095 2923
1095 3227
1095 3634
1095 3892
1095 4035
1095 4871
1095 4934
1095 5045
1095 5211
1095 5349
1095 5415
1095 5566
1095 5710
1095 5772
1095 6520
1095 7261
1095 8570
1095 8765
1095 8936
1095 9897
1095 10067
1095 10094
1095 10214
1095 10746
1095 11223
1095 12243
1095 12482
1095 12641
1095 12661
1095 12786
1095 12901
1095 13410
1095 14346
1095 15166
1095 15274
1095 15450
1095 15465
1095 15595
1095 16612
1095 16794
1095 16845
1095 16993
1095 17741
1095 17881
1096 87
1096 1424
1096 2161
1096 2484
1096 2587
1096 2924
1096 3228
1096 3635
1096 3893
1096 4036
1096 4872
1096 4935
1096 5046
1096 5212
1096 5350
1096 5416
1096 5567
1096 5711
1096 5773
1096 6521
1096 7262
1096 8571
1096 8766
1096 8937
1096 9898
1096 10068
1096 10095
1096 10215
1096 10747
1096 11224
1096 12244
1096 12483
1096 12642
1096 12662
1096 12787
1096 12902
1096 13411
1096 14347
1096 15167
1096 15275
1096 15451
1096 15466
1096 15596
1096 16613
1096 16795
1096 16846
1096 16994
1096 17742
1096 17882
1097 88
1097 1425
1097 2162
1097 2485
1097 2588
1097 2925
1097 3229
1097 3636
1097 3894
1097 4037
1097 4873
1097 4936
1097 5047
1097 5213
1097 5351
1097 5417
1097 5568
1097 5712
1097 5774
1097 6522
1097 7263
1097 8572
1097 8767
1097 8938
1097 9899
1097 10069
1097 10096
1097 10216
1097 10748
1097 11225
1097 12245
1097 12484
1097 12643
1097 12663
1097 12788
1097 12903
1097 13412
1097 14348
1097 15168
1097 15276
1097 15452
1097 15467
1097 15597
1097 16614
1097 16796
1097 16847
1097 16995
1097 17743
1097 17883
1098 89
1098 1426
1098 2163
1098 2486
1098 2589
1098 2926
1098 3230
1098 3637
1098 3895
1098 4038
1098 4874
1098 4937
1098 5048
1098 5214
1098 5352
1098 5418
1098 5569
1098 5601
1098 5775
1098 6523
1098 7264
1098 8573
1098 8768
1098 8939
1098 9900
1098 10070
1098 10097
1098 10217
1098 10749
1098 11226
1098 12246
1098 12485
1098 12644
1098 12664
1098 12789
1098 12904
1098 13413
1098 14349
1098 15169
1098 15277
1098 15453
1098 15468
1098 15598
1098 16615
1098 16797
1098 16848
1098 16996
1098 17744
1098 17884
1099 90
1099 1427
1099 2164
1099 2487
1099 2590
1099 2927
1099 3231
1099 3638
1099 3896
1099 4039
1099 4875
1099 4938
1099 5049
1099 5215
1099 5353
1099 5419
1099 5570
1099 5602
1099 5776
1099 6524
1099 7265
1099 8574
1099 8769
1099 8940
1099 9901
1099 10071
1099 10098
1099 10218
1099 10750
1099 11227
1099 12247
1099 12486
1099 12645
1099 12665
1099 12790
1099 12905
1099 13414
1099 14350
1099 15170
1099 15278
1099 15454
1099 15469
1099 15599
1099 16616
1099 16798
1099 16849
1099 16997
1099 17745
1099 17885
1100 91
1100 1428
1100 2165
1100 2488
1100 2591
1100 2928
1100 3232
1100 3639
1100 3897
1100 4040
1100 4876
1100 4939
1100 5050
1100 5216
1100 5354
1100 5420
1100 5571
1100 5603
1100 5777
1100 6525
1100 7266
1100 8575
1100 8770
1100 8941
1100 9902
1100 10072
1100 10099
1100 10219
1100 10751
1100 11228
1100 12248
1100 12487
1100 12646
1100 12666
1100 12791
1100 12906
1100 13415
1100 14351
1100 15171
1100 15279
1100 15455
1100 15470
1100 15600
1100 16617
1100 16799
1100 16850
1100 16998
1100 17746
1100 17886
1101 92
1101 1429
1101 2166
1101 2489
1101 2592
1101 2929
1101 3233
1101 3640
1101 3898
1101 4041
1101 4877
1101 4940
1101 5051
1101 5217
1101 5355
1101 5421
1101 5572
1101 5604
1101 5778
1101 6526
1101 7267
1101 8576
1101 8771
1101 8942
1101 9903
1101 10073
1101 10100
1101 10220
1101 10752
1101 11229
1101 12249
1101 12488
1101 12647
1101 12667
1101 12792
1101 12907
1101 13416
1101 14352
1101 15172
1101 15280
1101 15456
1101 15471
1101 15601
1101 16618
1101 16800
1101 16851
1101 16999
1101 17747
1101 17887
1102 93
1102 1430
1102 2167
1102 2490
1102 2593
1102 2930
1102 3234
1102 3641
1102 3899
1102 4042
1102 4878
1102 4941
1102 5052
1102 5218
1102 5356
1102 5422
1102 5573
1102 5605
1102 5779
1102 6527
1102 7268
1102 8577
1102 8772
1102 8943
1102 9904
1102 10074
1102 10101
1102 10221
1102 10641
1102 11230
1102 12250
1102 12489
1102 12648
1102 12668
1102 12793
1102 12908
1102 13417
1102 14353
1102 15173
1102 15281
1102 15345
1102 15472
1102 15602
1102 16619
1102 16689
1102 16852
1102 17000
1102 17748
1102 17888
1103 94
1103 1431
1103 2168
1103 2491
1103 2594
1103 2931
1103 3235
1103 3642
1103 3900
1103 4043
1103 4879
1103 4942
1103 5053
1103 5219
1103 5357
1103 5423
1103 5574
1103 5606
1103 5780
1103 6528
1103 7269
1103 8578
1103 8773
1103 8944
1103 9905
1103 10075
1103 10102
1103 10222
1103 10642
1103 11231
1103 12251
1103 12490
1103 12649
1103 12669
1103 12794
1103 12909
1103 13418
1103 14354
1103 15174
1103 15282
1103 15346
1103 15473
1103 15603
1103 16620
1103 16690
1103 16853
1103 17001
1103 17749
1103 17889
1104 95
1104 1432
1104 2169
1104 2492
1104 2595
1104 2932
1104 3236
1104 3643
1104 3901
1104 4044
1104 4880
1104 4943
1104 5054
1104 5220
1104 5358
1104 5424
1104 5575
1104 5607
1104 5781
1104 6529
1104 7270
1104 8579
1104 8774
1104 8945
1104 9906
1104 10076
1104 10103
1104 10223
1104 10643
1104 11232
1104 12252
1104 12491
1104 12650
1104 12670
1104 12795
1104 12910
1104 13419
1104 14355
1104 15175
1104 15283
1104 15347
1104 15474
1104 15604
1104 16621
1104 16691
1104 16854
1104 17002
1104 17750
1104 17890
1105 96
1105 1433
1105 2170
1105 2493
1105 2596
1105 2933
1105 3237
1105 3644
1105 3902
1105 4045
1105 4881
1105 4944
1105 5055
1105 5221
1105 5359
1105 5425
1105 5576
1105 5608
1105 5782
1105 6530
1105 7271
1105 8580
1105 8775
1105 8946
1105 9907
1105 10077
1105 10104
1105 10224
1105 10644
1105 11233
1105 12253
1105 12492
1105 12651
1105 12671
1105 12796
1105 12911
1105 13420
1105 14356
1105 15176
1105 15284
1105 15348
1105 15475
1105 15605
1105 16622
1105 16692
1105 16855
1105 17003
1105 17751
1105 17891
1106 97
1106 1434
1106 2171
1106 2494
1106 2597
1106 2934
1106 3238
1106 3645
1106 3903
1106 4046
1106 4882
1106 4945
1106 5056
1106 5222
1106 5360
1106 5426
1106 5577
1106 5609
1106 5783
1106 6531
1106 7272
1106 8581
1106 8776
1106 8947
1106 9908
1106 10078
1106 10105
1106 10225
1106 10645
1106 11234
1106 12254
1106 12493
1106 12652
1106 12672
1106 12797
1106 12912
1106 13421
1106 14357
1106 15177
1106 15285
1106 15349
1106 15476
1106 15606
1106 16623
1106 16693
1106 16856
1106 17004
1106 17752
1106 17892
1107 98
1107 1435
1107 2172
1107 2495
1107 2598
1107 2935
1107 3239
1107 3646
1107 3904
1107 4047
1107 4883
1107 4946
1107 5057
1107 5223
1107 5361
1107 5427
1107 5578
1107 5610
1107 5784
1107 6532
1107 7273
1107 8582
1107 8777
1107 8948
1107 9909
1107 10079
1107 10106
1107 10226
1107 10646
1107 11235
1107 12255
1107 12494
1107 12653
1107 12673
1107 12798
1107 12913
1107 13422
1107 14358
1107 15178
1107 15286
1107 15350
1107 15477
1107 15607
1107 16624
1107 16694
1107 16857
1107 17005
1107 17753
1107 17893
1108 99
1108 1436
1108 2173
1108 2496
1108 2599
1108 2936
1108 3240
1108 3647
1108 3905
1108 4048
1108 4884
1108 4947
1108 5058
1108 5224
1108 5362
1108 5428
1108 5579
1108 5611
1108 5785
1108 6533
1108 7274
1108 8583
1108 8778
1108 8949
1108 9910
1108 10080
1108 10107
1108 10227
1108 10647
1108 11236
1108 12256
1108 12495
1108 12654
1108 12674
1108 12799
1108 12914
1108 13423
1108 14359
1108 15179
1108 15287
1108 15351
1108 15478
1108 15608
1108 16625
1108 16695
1108 16858
1108 17006
1108 17754
1108 17894
1109 100
1109 1437
1109 2174
1109 2497
1109 2600
1109 2937
1109 3241
1109 3648
1109 3906
1109 4049
1109 4885
1109 4948
1109 5059
1109 5225
1109 5363
1109 5429
1109 5580
1109 5612
1109 5786
1109 6534
1109 7275
1109 8584
1109 8779
1109 8950
1109 9911
1109 9969
1109 10108
1109 10228
1109 10648
1109 11237
1109 12257
1109 12496
1109 12655
1109 12675
1109 12800
1109 12915
1109 13424
1109 14360
1109 15180
1109 15288
1109 15352
1109 15479
1109 15609
1109 16626
1109 16696
1109 16859
1109 17007
1109 17755
1109 17895
1110 101
1110 1438
1110 2175
1110 2498
1110 2601
1110 2938
1110 3242
1110 3649
1110 3907
1110 4050
1110 4886
1110 4949
1110 5060
1110 5226
1110 5364
1110 5430
1110 5581
1110 5613
1110 5787
1110 6535
1110 7276
1110 8585
1110 8780
1110 8951
1110 9912
1110 9970
1110 10109
1110 10229
1110 10649
1110 11238
1110 12258
1110 12497
1110 12656
1110 12676
1110 12801
1110 12916
1110 13425
1110 14361
1110 15181
1110 15289
1110 15353
1110 15480
1110 15610
1110 16627
1110 16697
1110 16860
1110 17008
1110 17756
1110 17896
1111 102
1111 1439
1111 2176
1111 2499
1111 2602
1111 2939
1111 3243
1111 3650
1111 3908
1111 4051
1111 4887
1111 4950
1111 5061
1111 5227
1111 5365
1111 5431
1111 5582
1111 5614
1111 5788
1111 6536
1111 7277
1111 8586
1111 8781
1111 8952
1111 9913
1111 9971
1111 10110
1111 10230
1111 10650
1111 11239
1111 12259
1111 12498
1111 12545
1111 12677
1111 12802
1111 12917
1111 13426
1111 14362
1111 15182
1111 15290
1111 15354
1111 15481
1111 15611
1111 16628
1111 16698
1111 16861
1111 17009
1111 17757
1111 17897
1112 103
1112 1440
1112 2177
1112 2500
1112 2603
1112 2940
1112 3244
1112 3651
1112 3909
1112 4052
1112 4888
1112 4951
1112 5062
1112 5228
1112 5366
1112 5432
1112 5583
1112 5615
1112 5789
1112 6537
1112 7278
1112 8587
1112 8782
1112 8953
1112 9914
1112 9972
1112 10111
1112 10231
1112 10651
1112 11240
1112 12260
1112 12499
1112 12546
1112 12678
1112 12803
1112 12918
1112 13427
1112 14363
1112 15183
1112 15291
1112 15355
1112 15482
1112 15612
1112 16629
1112 16699
1112 16862
1112 17010
1112 17758
1112 17898
1113 104
1113 1441
1113 2178
1113 2501
1113 2604
1113 2941
1113 3245
1113 3652
1113 3910
1113 4053
1113 4889
1113 4952
1113 5063
1113 5229
1113 5367
1113 5433
1113 5584
1113 5616
1113 5790
1113 6538
1113 7279
1113 8588
1113 8783
1113 8954
1113 9915
1113 9973
1113 10112
1113 10232
1113 10652
1113 11241
1113 12261
1113 12500
1113 12547
1113 12679
1113 12804
1113 12919
1113 13428
1113 14364
1113 15184
1113 15292
1113 15356
1113 15483
1113 15613
1113 16630
1113 16700
1113 16863
1113 17011
1113 17759
1113 17899
1114 105
1114 1442
1114 2179
1114 2502
1114 2605
1114 2942
1114 3246
1114 3653
1114 3911
1114 4054
1114 4890
1114 4953
1114 5064
1114 5230
1114 5368
1114 5434
1114 5585
1114 5617
1114 5791
1114 6539
1114 7280
1114 8589
1114 8784
1114 8955
1114 9916
1114 9974
1114 10113
1114 10233
1114 10653
1114 11242
1114 12262
1114 12501
1114 12548
1114 12680
1114 12805
1114 12920
1114 13429
1114 14365
1114 15185
1114 15293
1114 15357
1114 15484
1114 15614
1114 16631
1114 16701
1114 16864
1114 17012
1114 17760
1114 17900
1115 106
1115 1443
1115 2180
1115 2503
1115 2606
1115 2943
1115 3247
1115 3654
1115 3912
1115 4055
1115 4891
1115 4954
1115 5065
1115 5231
1115 5369
1115 5435
1115 5586
1115 5618
1115 5792
1115 6540
1115 7169
1115 8590
1115 8785
1115 8956
1115 9917
1115 9975
1115 10114
1115 10234
1115 10654
1115 11243
1115 12263
1115 12502
1115 12549
1115 12681
1115 12806
1115 12921
1115 13430
1115 14366
1115 15186
1115 15294
1115 15358
1115 15485
1115 15615
1115 16632
1115 16702
1115 16865
1115 17013
1115 17761
1115 17901
1116 107
1116 1444
1116 2181
1116 2504
1116 2607
1116 2944
1116 3248
1116 3655
1116 3913
1116 4056
1116 4892
1116 4955
1116 5066
1116 5232
1116 5370
1116 5436
1116 5587
1116 5619
1116 5793
1116 6541
1116 7170
1116 8591
1116 8786
1116 8957
1116 9918
1116 9976
1116 10115
1116 10235
1116 10655
1116 11244
1116 12264
1116 12503
1116 12550
1116 12682
1116 12807
1116 12922
1116 13431
1116 14367
1116 15187
1116 15295
1116 15359
1116 15486
1116 15616
1116 16633
1116 16703
1116 16866
1116 17014
1116 17762
1116 17902
1117 108
1117 1445
1117 2182
1117 2505
1117 2608
1117 2945
1117 3137
1117 3656
1117 3914
1117 4057
1117 4893
1117 4956
1117 5067
1117 5233
1117 5371
1117 5437
1117 5588
1117 5620
1117 5794
1117 6542
1117 7171
1117 8592
1117 8787
1117 8958
1117 9919
1117 9977
1117 10116
1117 10236
1117 10656
1117 11245
1117 12265
1117 12504
1117 12551
1117 12683
1117 12808
1117 12923
1117 13432
1117 14368
1117 15188
1117 15296
1117 15360
1117 15487
1117 15617
1117 16634
1117 16704
1117 16867
1117 17015
1117 17763
1117 17903
1118 109
1118 1446
1118 2183
1118 2506
1118 2609
1118 2946
1118 3138
1118 3657
1118 3915
1118 4058
1118 4894
1118 4957
1118 5068
1118 5234
1118 5372
1118 5438
1118 5589
1118 5621
1118 5795
1118 6543
1118 7172
1118 8593
1118 8788
1118 8959
1118 9920
1118 9978
1118 10117
1118 10237
1118 10657
1118 11246
1118 12266
1118 12505
1118 12552
1118 12684
1118 12809
1118 12924
1118 13433
1118 14369
1118 15189
1118 15297
1118 15361
1118 15488
1118 15618
1118 16635
1118 16705
1118 16868
1118 17016
1118 17764
1118 17904
1119 110
1119 1447
1119 2184
1119 2507
1119 2610
1119 2947
1119 3139
1119 3658
1119 3916
1119 4059
1119 4895
1119 4958
1119 5069
1119 5235
1119 5373
1119 5439
1119 5590
1119 5622
1119 5796
1119 6544
1119 7173
1119 8594
1119 8789
1119 8960
1119 9921
1119 9979
1119 10118
1119 10238
1119 10658
1119 11247
1119 12267
1119 12506
1119 12553
1119 12685
1119 12810
1119 12925
1119 13434
1119 14370
1119 15190
1119 15298
1119 15362
1119 15489
1119 15619
1119 16636
1119 16706
1119 16869
1119 17017
1119 17765
1119 17905
1120 111
1120 1448
1120 2185
1120 2508
1120 2611
1120 2948
1120 3140
1120 3659
1120 3917
1120 4060
1120 4896
1120 4959
1120 5070
1120 5236
1120 5374
1120 5440
1120 5591
1120 5623
1120 5797
1120 6545
1120 7174
1120 8595
1120 8790
1120 8849
1120 9922
1120 9980
1120 10119
1120 10239
1120 10659
1120 11248
1120 12268
1120 12507
1120 12554
1120 12686
1120 12811
1120 12926
1120 13435
1120 14371
1120 15191
1120 15299
1120 15363
1120 15490
1120 15620
1120 16637
1120 16707
1120 16870
1120 17018
1120 17766
1120 17906
1121 151
1121 1477
1121 1855
1121 2289
1121 2647
1121 3131
1121 3264
1121 3699
1121 3934
1121 4183
1121 4570
1121 4989
1121 5122
1121 5240
1121 5297
1121 5459
1121 5583
1121 5679
1121 5759
1121 6645
1121 7317
1121 8563
1121 8703
1121 8946
1121 9935
1121 10020
1121 10096
1121 10209
1121 10392
1121 11313
1121 12133
1121 12405
1121 12562
1121 12657
1121 12771
1121 12948
1121 13065
1121 14530
1121 14797
1121 15338
1121 15392
1121 15471
1121 15669
1121 16663
1121 16734
1121 16820
1121 16981
1121 17571
1121 17899
1122 152
1122 1478
1122 1856
1122 2290
1122 2648
1122 3132
1122 3265
1122 3700
1122 3935
1122 4184
1122 4571
1122 4990
1122 5123
1122 5241
1122 5298
1122 5460
1122 5584
1122 5680
1122 5760
1122 6646
1122 7318
1122 8564
1122 8704
1122 8947
1122 9936
1122 10021
1122 10097
1122 10210
1122 10393
1122 11314
1122 12134
1122 12406
1122 12563
1122 12658
1122 12772
1122 12949
1122 13066
1122 14531
1122 14798
1122 15339
1122 15393
1122 15472
1122 15670
1122 16664
1122 16735
1122 16821
1122 16982
1122 17572
1122 17900
1123 153
1123 1479
1123 1857
1123 2291
1123 2649
1123 3133
1123 3266
1123 3701
1123 3936
1123 4185
1123 4572
1123 4991
1123 5124
1123 5242
1123 5299
1123 5461
1123 5585
1123 5681
1123 5761
1123 6647
1123 7319
1123 8565
1123 8705
1123 8948
1123 9937
1123 10022
1123 10098
1123 10211
1123 10394
1123 11315
1123 12135
1123 12407
1123 12564
1123 12659
1123 12773
1123 12950
1123 13067
1123 14532
1123 14799
1123 15340
1123 15394
1123 15473
1123 15671
1123 16665
1123 16736
1123 16822
1123 16983
1123 17573
1123 17901
1124 154
1124 1480
1124 1858
1124 2292
1124 2650
1124 3134
1124 3267
1124 3702
1124 3937
1124 4186
1124 4573
1124 4992
1124 5125
1124 5243
1124 5300
1124 5462
1124 5586
1124 5682
1124 5762
1124 6648
1124 7320
1124 8566
1124 8706
1124 8949
1124 9938
1124 10023
1124 10099
1124 10212
1124 10395
1124 11316
1124 12136
1124 12408
1124 12565
1124 12660
1124 12774
1124 12951
1124 13068
1124 14533
1124 14800
1124 15341
1124 15395
1124 15474
1124 15672
1124 16666
1124 16737
1124 16823
1124 16984
1124 17574
1124 17902
1125 155
1125 1481
1125 1859
1125 2293
1125 2651
1125 3135
1125 3268
1125 3703
1125 3938
1125 4187
1125 4574
1125 4993
1125 5126
1125 5244
1125 5301
1125 5463
1125 5587
1125 5683
1125 5763
1125 6649
1125 7321
1125 8567
1125 8707
1125 8950
1125 9939
1125 10024
1125 10100
1125 10213
1125 10396
1125 11317
1125 12137
1125 12409
1125 12566
1125 12661
1125 12775
1125 12952
1125 13069
1125 14534
1125 14801
1125 15342
1125 15396
1125 15475
1125 15673
1125 16667
1125 16738
1125 16824
1125 16985
1125 17575
1125 17903
1126 156
1126 1482
1126 1860
1126 2294
1126 2652
1126 3136
1126 3269
1126 3704
1126 3939
1126 4188
1126 4575
1126 4994
1126 5127
1126 5245
1126 5302
1126 5464
1126 5588
1126 5684
1126 5764
1126 6650
1126 7322
1126 8568
1126 8708
1126 8951
1126 9940
1126 10025
1126 10101
1126 10214
1126 10397
1126 11318
1126 12138
1126 12410
1126 12567
1126 12662
1126 12776
1126 12953
1126 13070
1126 14535
1126 14802
1126 15343
1126 15397
1126 15476
1126 15674
1126 16668
1126 16739
1126 16825
1126 16986
1126 17576
1126 17904
1127 157
1127 1483
1127 1861
1127 2295
1127 2653
1127 3025
1127 3270
1127 3705
1127 3940
1127 4189
1127 4576
1127 4995
1127 5128
1127 5246
1127 5303
1127 5465
1127 5589
1127 5685
1127 5765
1127 6651
1127 7323
1127 8569
1127 8709
1127 8952
1127 9941
1127 10026
1127 10102
1127 10215
1127 10398
1127 11319
1127 12139
1127 12411
1127 12568
1127 12663
1127 12777
1127 12954
1127 13071
1127 14536
1127 14803
1127 15344
1127 15398
1127 15477
1127 15675
1127 16669
1127 16740
1127 16826
1127 16987
1127 17577
1127 17905
1128 158
1128 1484
1128 1862
1128 2296
1128 2654
1128 3026
1128 3271
1128 3706
1128 3941
1128 4190
1128 4577
1128 4996
1128 5129
1128 5247
1128 5304
1128 5466
1128 5590
1128 5686
1128 5766
1128 6652
1128 7324
1128 8570
1128 8710
1128 8953
1128 9942
1128 10027
1128 10103
1128 10216
1128 10399
1128 11320
1128 12140
1128 12412
1128 12569
1128 12664
1128 12778
1128 12955
1128 13072
1128 14537
1128 14804
1128 15233
1128 15399
1128 15478
1128 15676
1128 16670
1128 16741
1128 16827
1128 16988
1128 17578
1128 17906
1129 159
1129 1485
1129 1863
1129 2297
1129 2655
1129 3027
1129 3272
1129 3707
1129 3942
1129 4191
1129 4578
1129 4997
1129 5130
1129 5248
1129 5305
1129 5467
1129 5591
1129 5687
1129 5767
1129 6653
1129 7325
1129 8571
1129 8711
1129 8954
1129 9943
1129 10028
1129 10104
1129 10217
1129 10400
1129 11321
1129 12141
1129 12413
1129 12570
1129 12665
1129 12779
1129 12956
1129 13073
1129 14538
1129 14805
1129 15234
1129 15400
1129 15479
1129 15677
1129 16671
1129 16742
1129 16828
1129 16989
1129 17579
1129 17907
1130 160
1130 1486
1130 1864
1130 2298
1130 2656
1130 3028
1130 3273
1130 3708
1130 3943
1130 4192
1130 4579
1130 4998
1130 5131
1130 5249
1130 5306
1130 5468
1130 5592
1130 5688
1130 5768
1130 6654
1130 7326
1130 8572
1130 8712
1130 8955
1130 9944
1130 10029
1130 10105
1130 10218
1130 10401
1130 11322
1130 12142
1130 12414
1130 12571
1130 12666
1130 12780
1130 12957
1130 13074
1130 14539
1130 14806
1130 15235
1130 15401
1130 15480
1130 15678
1130 16672
1130 16743
1130 16829
1130 16990
1130 17580
1130 17908
1131 161
1131 1487
1131 1865
1131 2299
1131 2657
1131 3029
1131 3274
1131 3709
1131 3944
1131 4193
1131 4580
1131 4999
1131 5132
1131 5250
1131 5307
1131 5469
1131 5593
1131 5689
1131 5769
1131 6655
1131 7327
1131 8573
1131 8713
1131 8956
1131 9945
1131 10030
1131 10106
1131 10219
1131 10402
1131 11323
1131 12143
1131 12415
1131 12572
1131 12667
1131 12781
1131 12958
1131 13075
1131 14540
1131 14807
1131 15236
1131 15402
1131 15481
1131 15679
1131 16673
1131 16744
1131 16830
1131 16991
1131 17581
1131 17909
1132 162
1132 1488
1132 1866
1132 2300
1132 2658
1132 3030
1132 3275
1132 3710
1132 3945
1132 4194
1132 4581
1132 5000
1132 5133
1132 5251
1132 5308
1132 5470
1132 5594
1132 5690
1132 5770
1132 6656
1132 7328
1132 8574
1132 8714
1132 8957
1132 9946
1132 10031
1132 10107
1132 10220
1132 10403
1132 11324
1132 12144
1132 12416
1132 12573
1132 12668
1132 12782
1132 12959
1132 13076
1132 14541
1132 14808
1132 15237
1132 15403
1132 15482
1132 15680
1132 16674
1132 16745
1132 16831
1132 16992
1132 17582
1132 17910
1133 163
1133 1489
1133 1867
1133 2301
1133 2659
1133 3031
1133 3276
1133 3711
1133 3946
1133 4195
1133 4582
1133 5001
1133 5134
1133 5252
1133 5309
1133 5471
1133 5595
1133 5691
1133 5771
1133 6657
1133 7329
1133 8575
1133 8715
1133 8958
1133 9947
1133 10032
1133 10108
1133 10221
1133 10404
1133 11325
1133 12145
1133 12417
1133 12574
1133 12669
1133 12783
1133 12960
1133 13077
1133 14542
1133 14809
1133 15238
1133 15404
1133 15483
1133 15569
1133 16675
1133 16746
1133 16832
1133 16993
1133 17583
1133 17911
1134 164
1134 1490
1134 1868
1134 2302
1134 2660
1134 3032
1134 3277
1134 3712
1134 3947
1134 4196
1134 4583
1134 5002
1134 5135
1134 5253
1134 5310
1134 5472
1134 5596
1134 5692
1134 5772
1134 6658
1134 7330
1134 8576
1134 8716
1134 8959
1134 9948
1134 10033
1134 10109
1134 10222
1134 10405
1134 11326
1134 12146
1134 12418
1134 12575
1134 12670
1134 12784
1134 12961
1134 13078
1134 14543
1134 14810
1134 15239
1134 15405
1134 15484
1134 15570
1134 16676
1134 16747
1134 16833
1134 16994
1134 17584
1134 17912
1135 165
1135 1491
1135 1869
1135 2303
1135 2661
1135 3033
1135 3278
1135 3713
1135 3948
1135 4197
1135 4584
1135 5003
1135 5136
1135 5254
1135 5311
1135 5473
1135 5597
1135 5693
1135 5773
1135 6659
1135 7331
1135 8577
1135 8717
1135 8960
1135 9949
1135 10034
1135 10110
1135 10223
1135 10406
1135 11327
1135 12147
1135 12419
1135 12576
1135 12671
1135 12785
1135 12962
1135 13079
1135 14544
1135 14811
1135 15240
1135 15406
1135 15485
1135 15571
1135 16677
1135 16748
1135 16834
1135 16995
1135 17473
1135 17913
1136 166
1136 1492
1136 1870
1136 2304
1136 2662
1136 3034
1136 3279
1136 3714
1136 3949
1136 4198
1136 4585
1136 5004
1136 5137
1136 5255
1136 5312
1136 5474
1136 5598
1136 5694
1136 5774
1136 6660
1136 7332
1136 8578
1136 8718
1136 8849
1136 9950
1136 10035
1136 10111
1136 10224
1136 10407
1136 11328
1136 12148
1136 12420
1136 12577
1136 12672
1136 12786
1136 12963
1136 13080
1136 14545
1136 14812
1136 15241
1136 15407
1136 15486
1136 15572
1136 16678
1136 16749
1136 16835
1136 16996
1136 17474
1136 17914
1137 167
1137 1493
1137 1871
1137 2305
1137 2663
1137 3035
1137 3280
1137 3715
1137 3950
1137 4199
1137 4586
1137 5005
1137 5138
1137 5256
1137 5313
1137 5475
1137 5599
1137 5695
1137 5775
1137 6661
1137 7333
1137 8579
1137 8719
1137 8850
1137 9951
1137 10036
1137 10112
1137 10225
1137 10408
1137 11329
1137 12149
1137 12421
1137 12578
1137 12673
1137 12787
1137 12964
1137 13081
1137 14546
1137 14813
1137 15242
1137 15408
1137 15487
1137 15573
1137 16679
1137 16750
1137 16836
1137 16997
1137 17475
1137 17915
1138 168
1138 1494
1138 1872
1138 2306
1138 2664
1138 3036
1138 3281
1138 3716
1138 3951
1138 4200
1138 4587
1138 5006
1138 5139
1138 5257
1138 5314
1138 5476
1138 5600
1138 5696
1138 5776
1138 6662
1138 7334
1138 8580
1138 8720
1138 8851
1138 9952
1138 10037
1138 10113
1138 10226
1138 10409
1138 11330
1138 12150
1138 12422
1138 12579
1138 12674
1138 12788
1138 12965
1138 13082
1138 14547
1138 14814
1138 15243
1138 15409
1138 15488
1138 15574
1138 16680
1138 16751
1138 16837
1138 16998
1138 17476
1138 17916
1139 169
1139 1495
1139 1873
1139 2307
1139 2665
1139 3037
1139 3282
1139 3717
1139 3952
1139 4201
1139 4588
1139 5007
1139 5140
1139 5258
1139 5315
1139 5477
1139 5489
1139 5697
1139 5777
1139 6663
1139 7335
1139 8581
1139 8721
1139 8852
1139 9953
1139 10038
1139 10114
1139 10227
1139 10410
1139 11331
1139 12151
1139 12423
1139 12580
1139 12675
1139 12789
1139 12966
1139 13083
1139 14548
1139 14815
1139 15244
1139 15410
1139 15489
1139 15575
1139 16681
1139 16752
1139 16838
1139 16999
1139 17477
1139 17917
1140 170
1140 1496
1140 1874
1140 2308
1140 2666
1140 3038
1140 3283
1140 3718
1140 3953
1140 4202
1140 4589
1140 5008
1140 5141
1140 5259
1140 5316
1140 5478
1140 5490
1140 5698
1140 5778
1140 6664
1140 7336
1140 8582
1140 8722
1140 8853
1140 9954
1140 10039
1140 10115
1140 10228
1140 10411
1140 11332
1140 12152
1140 12424
1140 12581
1140 12676
1140 12790
1140 12967
1140 13084
1140 14549
1140 14816
1140 15245
1140 15411
1140 15490
1140 15576
1140 16682
1140 16753
1140 16839
1140 17000
1140 17478
1140 17918
1141 171
1141 1497
1141 1875
1141 2309
1141 2667
1141 3039
1141 3284
1141 3719
1141 3954
1141 4203
1141 4590
1141 5009
1141 5142
1141 5260
1141 5317
1141 5479
1141 5491
1141 5699
1141 5779
1141 6665
1141 7337
1141 8583
1141 8723
1141 8854
1141 9955
1141 10040
1141 10116
1141 10229
1141 10412
1141 11333
1141 12153
1141 12425
1141 12582
1141 12677
1141 12791
1141 12968
1141 13085
1141 14550
1141 14817
1141 15246
1141 15412
1141 15491
1141 15577
1141 16683
1141 16754
1141 16840
1141 17001
1141 17479
1141 17919
1142 172
1142 1498
1142 1876
1142 2310
1142 2668
1142 3040
1142 3285
1142 3720
1142 3955
1142 4204
1142 4591
1142 5010
1142 5143
1142 5261
1142 5318
1142 5480
1142 5492
1142 5700
1142 5780
1142 6666
1142 7338
1142 8584
1142 8724
1142 8855
1142 9956
1142 10041
1142 10117
1142 10230
1142 10413
1142 11334
1142 12154
1142 12426
1142 12583
1142 12678
1142 12792
1142 12969
1142 13086
1142 14551
1142 14818
1142 15247
1142 15413
1142 15492
1142 15578
1142 16684
1142 16755
1142 16841
1142 17002
1142 17480
1142 17920
1143 173
1143 1499
1143 1877
1143 2311
1143 2669
1143 3041
1143 3286
1143 3721
1143 3956
1143 4205
1143 4592
1143 5011
1143 5144
1143 5262
1143 5319
1143 5481
1143 5493
1143 5701
1143 5781
1143 6667
1143 7339
1143 8585
1143 8725
1143 8856
1143 9957
1143 10042
1143 10118
1143 10231
1143 10414
1143 11335
1143 12155
1143 12427
1143 12584
1143 12679
1143 12793
1143 12970
1143 13087
1143 14552
1143 14819
1143 15248
1143 15414
1143 15493
1143 15579
1143 16685
1143 16756
1143 16842
1143 17003
1143 17481
1143 17809
1144 174
1144 1500
1144 1878
1144 2312
1144 2670
1144 3042
1144 3287
1144 3722
1144 3957
1144 4206
1144 4481
1144 5012
1144 5145
1144 5263
1144 5320
1144 5482
1144 5494
1144 5702
1144 5782
1144 6668
1144 7340
1144 8586
1144 8726
1144 8857
1144 9958
1144 10043
1144 10119
1144 10232
1144 10415
1144 11336
1144 12156
1144 12428
1144 12585
1144 12680
1144 12794
1144 12971
1144 13088
1144 14553
1144 14820
1144 15249
1144 15415
1144 15494
1144 15580
1144 16686
1144 16757
1144 16843
1144 17004
1144 17482
1144 17810
1145 175
1145 1501
1145 1879
1145 2313
1145 2671
1145 3043
1145 3288
1145 3723
1145 3958
1145 4207
1145 4482
1145 5013
1145 5146
1145 5264
1145 5321
1145 5483
1145 5495
1145 5703
1145 5783
1145 6669
1145 7341
1145 8587
1145 8727
1145 8858
1145 9959
1145 10044
1145 10120
1145 10233
1145 10416
1145 11337
1145 12157
1145 12429
1145 12586
1145 12681
1145 12795
1145 12972
1145 13089
1145 14554
1145 14821
1145 15250
1145 15416
1145 15495
1145 15581
1145 16687
1145 16758
1145 16844
1145 17005
1145 17483
1145 17811
1146 176
1146 1502
1146 1880
1146 2314
1146 2672
1146 3044
1146 3289
1146 3724
1146 3959
1146 4208
1146 4483
1146 5014
1146 5147
1146 5153
1146 5322
1146 5484
1146 5496
1146 5704
1146 5784
1146 6670
1146 7342
1146 8588
1146 8728
1146 8859
1146 9960
1146 10045
1146 10121
1146 10234
1146 10305
1146 11338
1146 12158
1146 12430
1146 12587
1146 12682
1146 12796
1146 12973
1146 13090
1146 14555
1146 14822
1146 15251
1146 15417
1146 15496
1146 15582
1146 16688
1146 16759
1146 16845
1146 17006
1146 17484
1146 17812
1147 177
1147 1503
1147 1881
1147 2315
1147 2673
1147 3045
1147 3290
1147 3725
1147 3960
1147 4209
1147 4484
1147 5015
1147 5148
1147 5154
1147 5323
1147 5485
1147 5497
1147 5705
1147 5785
1147 6671
1147 7343
1147 8589
1147 8729
1147 8860
1147 9961
1147 10046
1147 10122
1147 10235
1147 10306
1147 11339
1147 12159
1147 12431
1147 12588
1147 12683
1147 12797
1147 12974
1147 13091
1147 14556
1147 14823
1147 15252
1147 15418
1147 15497
1147 15583
1147 16577
1147 16760
1147 16846
1147 17007
1147 17485
1147 17813
1148 178
1148 1504
1148 1882
1148 2316
1148 2674
1148 3046
1148 3291
1148 3726
1148 3961
1148 4210
1148 4485
1148 5016
1148 5149
1148 5155
1148 5324
1148 5486
1148 5498
1148 5706
1148 5786
1148 6672
1148 7344
1148 8590
1148 8730
1148 8861
1148 9962
1148 10047
1148 10123
1148 10236
1148 10307
1148 11340
1148 12160
1148 12432
1148 12589
1148 12684
1148 12798
1148 12975
1148 13092
1148 14557
1148 14824
1148 15253
1148 15419
1148 15498
1148 15584
1148 16578
1148 16761
1148 16847
1148 17008
1148 17486
1148 17814
1149 179
1149 1505
1149 1883
1149 2317
1149 2675
1149 3047
1149 3292
1149 3727
1149 3962
1149 4211
1149 4486
1149 5017
1149 5150
1149 5156
1149 5325
1149 5487
1149 5499
1149 5707
1149 5787
1149 6673
1149 7345
1149 8591
1149 8731
1149 8862
1149 9963
1149 10048
1149 10124
1149 10237
1149 10308
1149 11341
1149 12161
1149 12321
1149 12590
1149 12685
1149 12799
1149 12976
1149 13093
1149 14558
1149 14825
1149 15254
1149 15420
1149 15499
1149 15585
1149 16579
1149 16762
1149 16848
1149 17009
1149 17487
1149 17815
1150 180
1150 1506
1150 1884
1150 2318
1150 2676
1150 3048
1150 3293
1150 3728
1150 3963
1150 4212
1150 4487
1150 5018
1150 5151
1150 5157
1150 5326
1150 5488
1150 5500
1150 5708
1150 5788
1150 6674
1150 7346
1150 8592
1150 8732
1150 8863
1150 9964
1150 10049
1150 10125
1150 10238
1150 10309
1150 11342
1150 12162
1150 12322
1150 12591
1150 12686
1150 12800
1150 12977
1150 13094
1150 14559
1150 14826
1150 15255
1150 15421
1150 15500
1150 15586
1150 16580
1150 16763
1150 16849
1150 17010
1150 17488
1150 17816
1151 181
1151 1507
1151 1885
1151 2319
1151 2677
1151 3049
1151 3294
1151 3729
1151 3964
1151 4213
1151 4488
1151 5019
1151 5152
1151 5158
1151 5327
1151 5377
1151 5501
1151 5709
1151 5789
1151 6675
1151 7347
1151 8593
1151 8733
1151 8864
1151 9965
1151 10050
1151 10126
1151 10239
1151 10310
1151 11343
1151 12163
1151 12323
1151 12592
1151 12687
1151 12801
1151 12978
1151 13095
1151 14560
1151 14827
1151 15256
1151 15422
1151 15501
1151 15587
1151 16581
1151 16764
1151 16850
1151 17011
1151 17489
1151 17817
1152 182
1152 1508
1152 1886
1152 2320
1152 2678
1152 3050
1152 3295
1152 3730
1152 3965
1152 4214
1152 4489
1152 5020
1152 5041
1152 5159
1152 5328
1152 5378
1152 5502
1152 5710
1152 5790
1152 6676
1152 7348
1152 8594
1152 8734
1152 8865
1152 9966
1152 10051
1152 10127
1152 10240
1152 10311
1152 11344
1152 12164
1152 12324
1152 12593
1152 12688
1152 12802
1152 12979
1152 13096
1152 14449
1152 14828
1152 15257
1152 15423
1152 15502
1152 15588
1152 16582
1152 16765
1152 16851
1152 17012
1152 17490
1152 17818
1153 183
1153 1509
1153 1887
1153 2321
1153 2679
1153 3051
1153 3296
1153 3731
1153 3966
1153 4215
1153 4490
1153 5021
1153 5042
1153 5160
1153 5329
1153 5379
1153 5503
1153 5711
1153 5791
1153 6677
1153 7349
1153 8595
1153 8735
1153 8866
1153 9967
1153 10052
1153 10128
1153 10241
1153 10312
1153 11345
1153 12165
1153 12325
1153 12594
1153 12689
1153 12803
1153 12980
1153 13097
1153 14450
1153 14829
1153 15258
1153 15424
1153 15503
1153 15589
1153 16583
1153 16766
1153 16852
1153 17013
1153 17491
1153 17819
1154 184
1154 1510
1154 1888
1154 2322
1154 2680
1154 3052
1154 3297
1154 3732
1154 3967
1154 4216
1154 4491
1154 5022
1154 5043
1154 5161
1154 5330
1154 5380
1154 5504
1154 5712
1154 5792
1154 6678
1154 7350
1154 8596
1154 8736
1154 8867
1154 9968
1154 10053
1154 10129
1154 10242
1154 10313
1154 11346
1154 12166
1154 12326
1154 12595
1154 12690
1154 12804
1154 12981
1154 13098
1154 14451
1154 14830
1154 15259
1154 15425
1154 15504
1154 15590
1154 16584
1154 16767
1154 16853
1154 17014
1154 17492
1154 17820
1155 185
1155 1511
1155 1889
1155 2323
1155 2681
1155 3053
1155 3298
1155 3733
1155 3968
1155 4217
1155 4492
1155 5023
1155 5044
1155 5162
1155 5331
1155 5381
1155 5505
1155 5601
1155 5793
1155 6679
1155 7351
1155 8597
1155 8625
1155 8868
1155 9857
1155 10054
1155 10130
1155 10243
1155 10314
1155 11347
1155 12167
1155 12327
1155 12596
1155 12691
1155 12805
1155 12982
1155 13099
1155 14452
1155 14831
1155 15260
1155 15426
1155 15505
1155 15591
1155 16585
1155 16768
1155 16854
1155 17015
1155 17493
1155 17821
1156 186
1156 1512
1156 1890
1156 2324
1156 2682
1156 3054
1156 3299
1156 3734
1156 3969
1156 4218
1156 4493
1156 5024
1156 5045
1156 5163
1156 5332
1156 5382
1156 5506
1156 5602
1156 5794
1156 6680
1156 7352
1156 8598
1156 8626
1156 8869
1156 9858
1156 10055
1156 10131
1156 10244
1156 10315
1156 11348
1156 12168
1156 12328
1156 12597
1156 12692
1156 12806
1156 12983
1156 13100
1156 14453
1156 14832
1156 15261
1156 15427
1156 15506
1156 15592
1156 16586
1156 16769
1156 16855
1156 17016
1156 17494
1156 17822
1157 187
1157 1513
1157 1891
1157 2325
1157 2683
1157 3055
1157 3300
1157 3735
1157 3970
1157 4219
1157 4494
1157 5025
1157 5046
1157 5164
1157 5333
1157 5383
1157 5507
1157 5603
1157 5795
1157 6681
1157 7353
1157 8599
1157 8627
1157 8870
1157 9859
1157 10056
1157 10132
1157 10245
1157 10316
1157 11349
1157 12169
1157 12329
1157 12598
1157 12693
1157 12807
1157 12984
1157 13101
1157 14454
1157 14833
1157 15262
1157 15428
1157 15507
1157 15593
1157 16587
1157 16770
1157 16856
1157 17017
1157 17495
1157 17823
1158 188
1158 1514
1158 1892
1158 2326
1158 2684
1158 3056
1158 3301
1158 3736
1158 3971
1158 4220
1158 4495
1158 5026
1158 5047
1158 5165
1158 5334
1158 5384
1158 5508
1158 5604
1158 5796
1158 6682
1158 7354
1158 8600
1158 8628
1158 8871
1158 9860
1158 10057
1158 10133
1158 10246
1158 10317
1158 11350
1158 12170
1158 12330
1158 12599
1158 12694
1158 12808
1158 12985
1158 13102
1158 14455
1158 14834
1158 15263
1158 15429
1158 15508
1158 15594
1158 16588
1158 16771
1158 16857
1158 17018
1158 17496
1158 17824
1159 189
1159 1515
1159 1893
1159 2327
1159 2685
1159 3057
1159 3302
1159 3737
1159 3972
1159 4221
1159 4496
1159 5027
1159 5048
1159 5166
1159 5335
1159 5385
1159 5509
1159 5605
1159 5797
1159 6683
1159 7355
1159 8601
1159 8629
1159 8872
1159 9861
1159 10058
1159 10134
1159 10247
1159 10318
1159 11351
1159 12171
1159 12331
1159 12600
1159 12695
1159 12809
1159 12986
1159 13103
1159 14456
1159 14835
1159 15264
1159 15430
1159 15509
1159 15595
1159 16589
1159 16772
1159 16858
1159 17019
1159 17497
1159 17825
1160 190
1160 1516
1160 1894
1160 2328
1160 2686
1160 3058
1160 3303
1160 3738
1160 3973
1160 4222
1160 4497
1160 5028
1160 5049
1160 5167
1160 5336
1160 5386
1160 5510
1160 5606
1160 5798
1160 6684
1160 7356
1160 8602
1160 8630
1160 8873
1160 9862
1160 10059
1160 10135
1160 10248
1160 10319
1160 11352
1160 12172
1160 12332
1160 12601
1160 12696
1160 12810
1160 12987
1160 13104
1160 14457
1160 14836
1160 15265
1160 15431
1160 15510
1160 15596
1160 16590
1160 16773
1160 16859
1160 17020
1160 17498
1160 17826
1161 191
1161 1517
1161 1895
1161 2329
1161 2687
1161 3059
1161 3304
1161 3739
1161 3974
1161 4223
1161 4498
1161 5029
1161 5050
1161 5168
1161 5337
1161 5387
1161 5511
1161 5607
1161 5799
1161 6685
1161 7357
1161 8603
1161 8631
1161 8874
1161 9863
1161 10060
1161 10136
1161 10249
1161 10320
1161 11353
1161 12173
1161 12333
1161 12602
1161 12697
1161 12811
1161 12988
1161 12993
1161 14458
1161 14837
1161 15266
1161 15432
1161 15511
1161 15597
1161 16591
1161 16774
1161 16860
1161 17021
1161 17499
1161 17827
1162 192
1162 1518
1162 1896
1162 2330
1162 2688
1162 3060
1162 3305
1162 3740
1162 3975
1162 4224
1162 4499
1162 5030
1162 5051
1162 5169
1162 5338
1162 5388
1162 5512
1162 5608
1162 5800
1162 6686
1162 7358
1162 8604
1162 8632
1162 8875
1162 9864
1162 10061
1162 10137
1162 10250
1162 10321
1162 11354
1162 12174
1162 12334
1162 12603
1162 12698
1162 12812
1162 12989
1162 12994
1162 14459
1162 14838
1162 15267
1162 15433
1162 15512
1162 15598
1162 16592
1162 16775
1162 16861
1162 17022
1162 17500
1162 17828
1163 193
1163 1519
1163 1897
1163 2331
1163 2577
1163 3061
1163 3306
1163 3741
1163 3976
1163 4225
1163 4500
1163 5031
1163 5052
1163 5170
1163 5339
1163 5389
1163 5513
1163 5609
1163 5801
1163 6687
1163 7359
1163 8605
1163 8633
1163 8876
1163 9865
1163 10062
1163 10138
1163 10251
1163 10322
1163 11355
1163 12175
1163 12335
1163 12604
1163 12699
1163 12813
1163 12990
1163 12995
1163 14460
1163 14839
1163 15268
1163 15434
1163 15513
1163 15599
1163 16593
1163 16776
1163 16862
1163 17023
1163 17501
1163 17829
1164 194
1164 1520
1164 1898
1164 2332
1164 2578
1164 3062
1164 3307
1164 3742
1164 3977
1164 4226
1164 4501
1164 5032
1164 5053
1164 5171
1164 5340
1164 5390
1164 5514
1164 5610
1164 5802
1164 6688
1164 7360
1164 8606
1164 8634
1164 8877
1164 9866
1164 10063
1164 10139
1164 10252
1164 10323
1164 11356
1164 12176
1164 12336
1164 12605
1164 12700
1164 12814
1164 12991
1164 12996
1164 14461
1164 14840
1164 15269
1164 15435
1164 15514
1164 15600
1164 16594
1164 16777
1164 16863
1164 17024
1164 17502
1164 17830
1165 195
1165 1521
1165 1899
1165 2333
1165 2579
1165 3063
1165 3308
1165 3743
1165 3978
1165 4227
1165 4502
1165 5033
1165 5054
1165 5172
1165 5341
1165 5391
1165 5515
1165 5611
1165 5803
1165 6689
1165 7361
1165 8607
1165 8635
1165 8878
1165 9867
1165 10064
1165 10140
1165 10253
1165 10324
1165 11357
1165 12177
1165 12337
1165 12606
1165 12701
1165 12815
1165 12992
1165 12997
1165 14462
1165 14841
1165 15270
1165 15436
1165 15515
1165 15601
1165 16595
1165 16778
1165 16864
1165 16913
1165 17503
1165 17831
1166 196
1166 1522
1166 1900
1166 2334
1166 2580
1166 3064
1166 3309
1166 3744
1166 3979
1166 4228
1166 4503
1166 5034
1166 5055
1166 5173
1166 5342
1166 5392
1166 5516
1166 5612
1166 5804
1166 6690
1166 7362
1166 8608
1166 8636
1166 8879
1166 9868
1166 10065
1166 10141
1166 10254
1166 10325
1166 11358
1166 12178
1166 12338
1166 12607
1166 12702
1166 12816
1166 12881
1166 12998
1166 14463
1166 14842
1166 15271
1166 15437
1166 15516
1166 15602
1166 16596
1166 16779
1166 16865
1166 16914
1166 17504
1166 17832
1167 197
1167 1523
1167 1901
1167 2335
1167 2581
1167 3065
1167 3310
1167 3745
1167 3980
1167 4229
1167 4504
1167 5035
1167 5056
1167 5174
1167 5343
1167 5393
1167 5517
1167 5613
1167 5805
1167 6691
1167 7363
1167 8609
1167 8637
1167 8880
1167 9869
1167 10066
1167 10142
1167 10255
1167 10326
1167 11359
1167 12179
1167 12339
1167 12608
1167 12703
1167 12817
1167 12882
1167 12999
1167 14464
1167 14843
1167 15272
1167 15438
1167 15517
1167 15603
1167 16597
1167 16780
1167 16866
1167 16915
1167 17505
1167 17833
1168 198
1168 1524
1168 1902
1168 2336
1168 2582
1168 3066
1168 3311
1168 3746
1168 3981
1168 4230
1168 4505
1168 5036
1168 5057
1168 5175
1168 5344
1168 5394
1168 5518
1168 5614
1168 5806
1168 6692
1168 7364
1168 8610
1168 8638
1168 8881
1168 9870
1168 10067
1168 10143
1168 10256
1168 10327
1168 11360
1168 12180
1168 12340
1168 12609
1168 12704
1168 12818
1168 12883
1168 13000
1168 14465
1168 14844
1168 15273
1168 15439
1168 15518
1168 15604
1168 16598
1168 16781
1168 16867
1168 16916
1168 17506
1168 17834
1169 199
1169 1525
1169 1903
1169 2337
1169 2583
1169 3067
1169 3312
1169 3747
1169 3982
1169 4231
1169 4506
1169 5037
1169 5058
1169 5176
1169 5345
1169 5395
1169 5519
1169 5615
1169 5807
1169 6693
1169 7365
1169 8611
1169 8639
1169 8882
1169 9871
1169 10068
1169 10144
1169 10257
1169 10328
1169 11361
1169 12181
1169 12341
1169 12610
1169 12705
1169 12819
1169 12884
1169 13001
1169 14466
1169 14845
1169 15274
1169 15440
1169 15519
1169 15605
1169 16599
1169 16782
1169 16868
1169 16917
1169 17507
1169 17835
1170 200
1170 1526
1170 1904
1170 2338
1170 2584
1170 3068
1170 3313
1170 3748
1170 3983
1170 4232
1170 4507
1170 5038
1170 5059
1170 5177
1170 5346
1170 5396
1170 5520
1170 5616
1170 5808
1170 6694
1170 7366
1170 8612
1170 8640
1170 8883
1170 9872
1170 10069
1170 10145
1170 10258
1170 10329
1170 11362
1170 12182
1170 12342
1170 12611
1170 12706
1170 12820
1170 12885
1170 13002
1170 14467
1170 14846
1170 15275
1170 15441
1170 15520
1170 15606
1170 16600
1170 16783
1170 16869
1170 16918
1170 17508
1170 17836
1171 201
1171 1527
1171 1793
1171 2339
1171 2585
1171 3069
1171 3314
1171 3749
1171 3984
1171 4233
1171 4508
1171 5039
1171 5060
1171 5178
1171 5347
1171 5397
1171 5521
1171 5617
1171 5809
1171 6695
1171 7367
1171 8613
1171 8641
1171 8884
1171 9873
1171 10070
1171 10146
1171 10259
1171 10330
1171 11363
1171 12183
1171 12343
1171 12612
1171 12707
1171 12821
1171 12886
1171 13003
1171 14468
1171 14847
1171 15276
1171 15442
1171 15521
1171 15607
1171 16601
1171 16784
1171 16870
1171 16919
1171 17509
1171 17837
1172 202
1172 1528
1172 1794
1172 2340
1172 2586
1172 3070
1172 3315
1172 3750
1172 3985
1172 4234
1172 4509
1172 5040
1172 5061
1172 5179
1172 5348
1172 5398
1172 5522
1172 5618
1172 5810
1172 6696
1172 7368
1172 8614
1172 8642
1172 8885
1172 9874
1172 10071
1172 10147
1172 10260
1172 10331
1172 11364
1172 12184
1172 12344
1172 12613
1172 12708
1172 12822
1172 12887
1172 13004
1172 14469
1172 14848
1172 15277
1172 15443
1172 15522
1172 15608
1172 16602
1172 16785
1172 16871
1172 16920
1172 17510
1172 17838
1173 203
1173 1529
1173 1795
1173 2341
1173 2587
1173 3071
1173 3316
1173 3751
1173 3986
1173 4235
1173 4510
1173 4929
1173 5062
1173 5180
1173 5349
1173 5399
1173 5523
1173 5619
1173 5811
1173 6697
1173 7369
1173 8615
1173 8643
1173 8886
1173 9875
1173 10072
1173 10148
1173 10261
1173 10332
1173 11365
1173 12185
1173 12345
1173 12614
1173 12709
1173 12823
1173 12888
1173 13005
1173 14470
1173 14849
1173 15278
1173 15444
1173 15523
1173 15609
1173 16603
1173 16786
1173 16872
1173 16921
1173 17511
1173 17839
1174 204
1174 1530
1174 1796
1174 2342
1174 2588
1174 3072
1174 3317
1174 3752
1174 3987
1174 4236
1174 4511
1174 4930
1174 5063
1174 5181
1174 5350
1174 5400
1174 5524
1174 5620
1174 5812
1174 6698
1174 7370
1174 8616
1174 8644
1174 8887
1174 9876
1174 10073
1174 10149
1174 10262
1174 10333
1174 11366
1174 12186
1174 12346
1174 12615
1174 12710
1174 12824
1174 12889
1174 13006
1174 14471
1174 14850
1174 15279
1174 15445
1174 15524
1174 15610
1174 16604
1174 16787
1174 16873
1174 16922
1174 17512
1174 17840
1175 205
1175 1531
1175 1797
1175 2343
1175 2589
1175 3073
1175 3318
1175 3753
1175 3988
1175 4237
1175 4512
1175 4931
1175 5064
1175 5182
1175 5351
1175 5401
1175 5525
1175 5621
1175 5813
1175 6699
1175 7371
1175 8617
1175 8645
1175 8888
1175 9877
1175 10074
1175 10150
1175 10263
1175 10334
1175 11367
1175 12187
1175 12347
1175 12616
1175 12711
1175 12825
1175 12890
1175 13007
1175 14472
1175 14851
1175 15280
1175 15446
1175 15525
1175 15611
1175 16605
1175 16788
1175 16874
1175 16923
1175 17513
1175 17841
1176 206
1176 1532
1176 1798
1176 2344
1176 2590
1176 3074
1176 3319
1176 3754
1176 3989
1176 4238
1176 4513
1176 4932
1176 5065
1176 5183
1176 5352
1176 5402
1176 5526
1176 5622
1176 5814
1176 6700
1176 7372
1176 8618
1176 8646
1176 8889
1176 9878
1176 10075
1176 10151
1176 10264
1176 10335
1176 11368
1176 12188
1176 12348
1176 12617
1176 12712
1176 12826
1176 12891
1176 13008
1176 14473
1176 14852
1176 15281
1176 15447
1176 15526
1176 15612
1176 16606
1176 16789
1176 16875
1176 16924
1176 17514
1176 17842
1177 207
1177 1533
1177 1799
1177 2345
1177 2591
1177 3075
1177 3320
1177 3755
1177 3990
1177 4239
1177 4514
1177 4933
1177 5066
1177 5184
1177 5353
1177 5403
1177 5527
1177 5623
1177 5815
1177 6701
1177 7373
1177 8619
1177 8647
1177 8890
1177 9879
1177 10076
1177 10152
1177 10265
1177 10336
1177 11369
1177 12189
1177 12349
1177 12618
1177 12713
1177 12827
1177 12892
1177 13009
1177 14474
1177 14853
1177 15282
1177 15448
1177 15527
1177 15613
1177 16607
1177 16790
1177 16876
1177 16925
1177 17515
1177 17843
1178 208
1178 1534
1178 1800
1178 2346
1178 2592
1178 3076
1178 3321
1178 3756
1178 3991
1178 4240
1178 4515
1178 4934
1178 5067
1178 5185
1178 5354
1178 5404
1178 5528
1178 5624
1178 5816
1178 6702
1178 7374
1178 8620
1178 8648
1178 8891
1178 9880
1178 10077
1178 10153
1178 10266
1178 10337
1178 11370
1178 12190
1178 12350
1178 12619
1178 12714
1178 12828
1178 12893
1178 13010
1178 14475
1178 14854
1178 15283
1178 15449
1178 15528
1178 15614
1178 16608
1178 16791
1178 16877
1178 16926
1178 17516
1178 17844
1179 209
1179 1535
1179 1801
1179 2347
1179 2593
1179 3077
1179 3322
1179 3757
1179 3992
1179 4241
1179 4516
1179 4935
1179 5068
1179 5186
1179 5355
1179 5405
1179 5529
1179 5625
1179 5817
1179 6703
1179 7375
1179 8621
1179 8649
1179 8892
1179 9881
1179 10078
1179 10154
1179 10267
1179 10338
1179 11371
1179 12191
1179 12351
1179 12620
1179 12715
1179 12829
1179 12894
1179 13011
1179 14476
1179 14855
1179 15284
1179 15450
1179 15529
1179 15615
1179 16609
1179 16792
1179 16878
1179 16927
1179 17517
1179 17845
1180 210
1180 1536
1180 1802
1180 2348
1180 2594
1180 3078
1180 3323
1180 3758
1180 3993
1180 4242
1180 4517
1180 4936
1180 5069
1180 5187
1180 5356
1180 5406
1180 5530
1180 5626
1180 5818
1180 6704
1180 7376
1180 8622
1180 8650
1180 8893
1180 9882
1180 10079
1180 10155
1180 10268
1180 10339
1180 11372
1180 12192
1180 12352
1180 12621
1180 12716
1180 12830
1180 12895
1180 13012
1180 14477
1180 14856
1180 15285
1180 15451
1180 15530
1180 15616
1180 16610
1180 16793
1180 16879
1180 16928
1180 17518
1180 17846
1181 211
1181 1537
1181 1803
1181 2349
1181 2595
1181 3079
1181 3324
1181 3759
1181 3994
1181 4243
1181 4518
1181 4937
1181 5070
1181 5188
1181 5357
1181 5407
1181 5531
1181 5627
1181 5819
1181 6705
1181 7377
1181 8623
1181 8651
1181 8894
1181 9883
1181 10080
1181 10156
1181 10269
1181 10340
1181 11373
1181 12193
1181 12353
1181 12622
1181 12717
1181 12831
1181 12896
1181 13013
1181 14478
1181 14857
1181 15286
1181 15452
1181 15531
1181 15617
1181 16611
1181 16794
1181 16880
1181 16929
1181 17519
1181 17847
1182 212
1182 1538
1182 1804
1182 2350
1182 2596
1182 3080
1182 3325
1182 3760
1182 3995
1182 4244
1182 4519
1182 4938
1182 5071
1182 5189
1182 5358
1182 5408
1182 5532
1182 5628
1182 5820
1182 6706
1182 7378
1182 8624
1182 8652
1182 8895
1182 9884
1182 9969
1182 10157
1182 10270
1182 10341
1182 11374
1182 12194
1182 12354
1182 12623
1182 12718
1182 12832
1182 12897
1182 13014
1182 14479
1182 14858
1182 15287
1182 15453
1182 15532
1182 15618
1182 16612
1182 16795
1182 16881
1182 16930
1182 17520
1182 17848
1183 213
1183 1539
1183 1805
1183 2351
1183 2597
1183 3081
1183 3326
1183 3761
1183 3996
1183 4245
1183 4520
1183 4939
1183 5072
1183 5190
1183 5359
1183 5409
1183 5533
1183 5629
1183 5821
1183 6707
1183 7379
1183 8513
1183 8653
1183 8896
1183 9885
1183 9970
1183 10158
1183 10271
1183 10342
1183 11375
1183 12195
1183 12355
1183 12624
1183 12719
1183 12833
1183 12898
1183 13015
1183 14480
1183 14859
1183 15288
1183 15454
1183 15533
1183 15619
1183 16613
1183 16796
1183 16882
1183 16931
1183 17521
1183 17849
1184 214
1184 1540
1184 1806
1184 2352
1184 2598
1184 3082
1184 3327
1184 3762
1184 3997
1184 4246
1184 4521
1184 4940
1184 5073
1184 5191
1184 5360
1184 5410
1184 5534
1184 5630
1184 5822
1184 6708
1184 7380
1184 8514
1184 8654
1184 8897
1184 9886
1184 9971
1184 10159
1184 10272
1184 10343
1184 11376
1184 12196
1184 12356
1184 12625
1184 12720
1184 12834
1184 12899
1184 13016
1184 14481
1184 14860
1184 15289
1184 15455
1184 15534
1184 15620
1184 16614
1184 16797
1184 16883
1184 16932
1184 17522
1184 17850
1185 215
1185 1541
1185 1807
1185 2241
1185 2599
1185 3083
1185 3328
1185 3763
1185 3998
1185 4247
1185 4522
1185 4941
1185 5074
1185 5192
1185 5361
1185 5411
1185 5535
1185 5631
1185 5823
1185 6709
1185 7381
1185 8515
1185 8655
1185 8898
1185 9887
1185 9972
1185 10160
1185 10273
1185 10344
1185 11377
1185 12197
1185 12357
1185 12626
1185 12721
1185 12835
1185 12900
1185 13017
1185 14482
1185 14861
1185 15290
1185 15456
1185 15535
1185 15621
1185 16615
1185 16798
1185 16884
1185 16933
1185 17523
1185 17851
1186 216
1186 1542
1186 1808
1186 2242
1186 2600
1186 3084
1186 3329
1186 3764
1186 3999
1186 4248
1186 4523
1186 4942
1186 5075
1186 5193
1186 5362
1186 5412
1186 5536
1186 5632
1186 5824
1186 6710
1186 7382
1186 8516
1186 8656
1186 8899
1186 9888
1186 9973
1186 10161
1186 10274
1186 10345
1186 11378
1186 12198
1186 12358
1186 12627
1186 12722
1186 12836
1186 12901
1186 13018
1186 14483
1186 14862
1186 15291
1186 15345
1186 15536
1186 15622
1186 16616
1186 16799
1186 16885
1186 16934
1186 17524
1186 17852
1187 217
1187 1543
1187 1809
1187 2243
1187 2601
1187 3085
1187 3330
1187 3765
1187 4000
1187 4249
1187 4524
1187 4943
1187 5076
1187 5194
1187 5363
1187 5413
1187 5537
1187 5633
1187 5713
1187 6711
1187 7383
1187 8517
1187 8657
1187 8900
1187 9889
1187 9974
1187 10162
1187 10275
1187 10346
1187 11379
1187 12199
1187 12359
1187 12628
1187 12723
1187 12837
1187 12902
1187 13019
1187 14484
1187 14863
1187 15292
1187 15346
1187 15537
1187 15623
1187 16617
1187 16800
1187 16886
1187 16935
1187 17525
1187 17853
1188 218
1188 1544
1188 1810
1188 2244
1188 2602
1188 3086
1188 3331
1188 3766
1188 4001
1188 4250
1188 4525
1188 4944
1188 5077
1188 5195
1188 5364
1188 5414
1188 5538
1188 5634
1188 5714
1188 6712
1188 7384
1188 8518
1188 8658
1188 8901
1188 9890
1188 9975
1188 10163
1188 10276
1188 10347
1188 11380
1188 12200
1188 12360
1188 12629
1188 12724
1188 12838
1188 12903
1188 13020
1188 14485
1188 14864
1188 15293
1188 15347
1188 15538
1188 15624
1188 16618
1188 16689
1188 16887
1188 16936
1188 17526
1188 17854
1189 219
1189 1545
1189 1811
1189 2245
1189 2603
1189 3087
1189 3332
1189 3767
1189 4002
1189 4251
1189 4526
1189 4945
1189 5078
1189 5196
1189 5365
1189 5415
1189 5539
1189 5635
1189 5715
1189 6713
1189 7385
1189 8519
1189 8659
1189 8902
1189 9891
1189 9976
1189 10164
1189 10277
1189 10348
1189 11381
1189 12201
1189 12361
1189 12630
1189 12725
1189 12839
1189 12904
1189 13021
1189 14486
1189 14865
1189 15294
1189 15348
1189 15539
1189 15625
1189 16619
1189 16690
1189 16888
1189 16937
1189 17527
1189 17855
1190 220
1190 1546
1190 1812
1190 2246
1190 2604
1190 3088
1190 3333
1190 3768
1190 4003
1190 4252
1190 4527
1190 4946
1190 5079
1190 5197
1190 5366
1190 5416
1190 5540
1190 5636
1190 5716
1190 6714
1190 7386
1190 8520
1190 8660
1190 8903
1190 9892
1190 9977
1190 10165
1190 10278
1190 10349
1190 11382
1190 12202
1190 12362
1190 12631
1190 12726
1190 12840
1190 12905
1190 13022
1190 14487
1190 14866
1190 15295
1190 15349
1190 15540
1190 15626
1190 16620
1190 16691
1190 16889
1190 16938
1190 17528
1190 17856
1191 221
1191 1547
1191 1813
1191 2247
1191 2605
1191 3089
1191 3334
1191 3769
1191 4004
1191 4253
1191 4528
1191 4947
1191 5080
1191 5198
1191 5367
1191 5417
1191 5541
1191 5637
1191 5717
1191 6715
1191 7387
1191 8521
1191 8661
1191 8904
1191 9893
1191 9978
1191 10166
1191 10279
1191 10350
1191 11383
1191 12203
1191 12363
1191 12632
1191 12727
1191 12841
1191 12906
1191 13023
1191 14488
1191 14867
1191 15296
1191 15350
1191 15541
1191 15627
1191 16621
1191 16692
1191 16890
1191 16939
1191 17529
1191 17857
1192 222
1192 1548
1192 1814
1192 2248
1192 2606
1192 3090
1192 3335
1192 3770
1192 4005
1192 4254
1192 4529
1192 4948
1192 5081
1192 5199
1192 5368
1192 5418
1192 5542
1192 5638
1192 5718
1192 6716
1192 7388
1192 8522
1192 8662
1192 8905
1192 9894
1192 9979
1192 10167
1192 10280
1192 10351
1192 11384
1192 12204
1192 12364
1192 12633
1192 12728
1192 12842
1192 12907
1192 13024
1192 14489
1192 14868
1192 15297
1192 15351
1192 15542
1192 15628
1192 16622
1192 16693
1192 16891
1192 16940
1192 17530
1192 17858
1193 223
1193 1549
1193 1815
1193 2249
1193 2607
1193 3091
1193 3336
1193 3771
1193 4006
1193 4255
1193 4530
1193 4949
1193 5082
1193 5200
1193 5369
1193 5419
1193 5543
1193 5639
1193 5719
1193 6717
1193 7389
1193 8523
1193 8663
1193 8906
1193 9895
1193 9980
1193 10168
1193 10281
1193 10352
1193 11385
1193 12205
1193 12365
1193 12634
1193 12729
1193 12843
1193 12908
1193 13025
1193 14490
1193 14869
1193 15298
1193 15352
1193 15543
1193 15629
1193 16623
1193 16694
1193 16892
1193 16941
1193 17531
1193 17859
1194 224
1194 1550
1194 1816
1194 2250
1194 2608
1194 3092
1194 3337
1194 3772
1194 4007
1194 4256
1194 4531
1194 4950
1194 5083
1194 5201
1194 5370
1194 5420
1194 5544
1194 5640
1194 5720
1194 6718
1194 7390
1194 8524
1194 8664
1194 8907
1194 9896
1194 9981
1194 10169
1194 10282
1194 10353
1194 11386
1194 12206
1194 12366
1194 12635
1194 12730
1194 12844
1194 12909
1194 13026
1194 14491
1194 14870
1194 15299
1194 15353
1194 15544
1194 15630
1194 16624
1194 16695
1194 16893
1194 16942
1194 17532
1194 17860
1195 113
1195 1551
1195 1817
1195 2251
1195 2609
1195 3093
1195 3338
1195 3773
1195 4008
1195 4145
1195 4532
1195 4951
1195 5084
1195 5202
1195 5371
1195 5421
1195 5545
1195 5641
1195 5721
1195 6719
1195 7391
1195 8525
1195 8665
1195 8908
1195 9897
1195 9982
1195 10170
1195 10283
1195 10354
1195 11387
1195 12207
1195 12367
1195 12636
1195 12731
1195 12845
1195 12910
1195 13027
1195 14492
1195 14871
1195 15300
1195 15354
1195 15545
1195 15631
1195 16625
1195 16696
1195 16894
1195 16943
1195 17533
1195 17861
1196 114
1196 1552
1196 1818
1196 2252
1196 2610
1196 3094
1196 3339
1196 3774
1196 4009
1196 4146
1196 4533
1196 4952
1196 5085
1196 5203
1196 5372
1196 5422
1196 5546
1196 5642
1196 5722
1196 6720
1196 7392
1196 8526
1196 8666
1196 8909
1196 9898
1196 9983
1196 10171
1196 10284
1196 10355
1196 11388
1196 12208
1196 12368
1196 12637
1196 12732
1196 12846
1196 12911
1196 13028
1196 14493
1196 14872
1196 15301
1196 15355
1196 15546
1196 15632
1196 16626
1196 16697
1196 16895
1196 16944
1196 17534
1196 17862
1197 115
1197 1553
1197 1819
1197 2253
1197 2611
1197 3095
1197 3340
1197 3775
1197 4010
1197 4147
1197 4534
1197 4953
1197 5086
1197 5204
1197 5373
1197 5423
1197 5547
1197 5643
1197 5723
1197 6609
1197 7281
1197 8527
1197 8667
1197 8910
1197 9899
1197 9984
1197 10172
1197 10285
1197 10356
1197 11389
1197 12097
1197 12369
1197 12638
1197 12733
1197 12847
1197 12912
1197 13029
1197 14494
1197 14873
1197 15302
1197 15356
1197 15547
1197 15633
1197 16627
1197 16698
1197 16896
1197 16945
1197 17535
1197 17863
1198 116
1198 1554
1198 1820
1198 2254
1198 2612
1198 3096
1198 3341
1198 3776
1198 4011
1198 4148
1198 4535
1198 4954
1198 5087
1198 5205
1198 5374
1198 5424
1198 5548
1198 5644
1198 5724
1198 6610
1198 7282
1198 8528
1198 8668
1198 8911
1198 9900
1198 9985
1198 10173
1198 10286
1198 10357
1198 11390
1198 12098
1198 12370
1198 12639
1198 12734
1198 12848
1198 12913
1198 13030
1198 14495
1198 14874
1198 15303
1198 15357
1198 15548
1198 15634
1198 16628
1198 16699
1198 16897
1198 16946
1198 17536
1198 17864
1199 117
1199 1555
1199 1821
1199 2255
1199 2613
1199 3097
1199 3342
1199 3777
1199 4012
1199 4149
1199 4536
1199 4955
1199 5088
1199 5206
1199 5375
1199 5425
1199 5549
1199 5645
1199 5725
1199 6611
1199 7283
1199 8529
1199 8669
1199 8912
1199 9901
1199 9986
1199 10174
1199 10287
1199 10358
1199 11391
1199 12099
1199 12371
1199 12640
1199 12735
1199 12849
1199 12914
1199 13031
1199 14496
1199 14875
1199 15304
1199 15358
1199 15549
1199 15635
1199 16629
1199 16700
1199 16898
1199 16947
1199 17537
1199 17865
1200 118
1200 1556
1200 1822
1200 2256
1200 2614
1200 3098
1200 3343
1200 3778
1200 4013
1200 4150
1200 4537
1200 4956
1200 5089
1200 5207
1200 5376
1200 5426
1200 5550
1200 5646
1200 5726
1200 6612
1200 7284
1200 8530
1200 8670
1200 8913
1200 9902
1200 9987
1200 10175
1200 10288
1200 10359
1200 11392
1200 12100
1200 12372
1200 12641
1200 12736
1200 12850
1200 12915
1200 13032
1200 14497
1200 14876
1200 15305
1200 15359
1200 15550
1200 15636
1200 16630
1200 16701
1200 16899
1200 16948
1200 17538
1200 17866
1201 119
1201 1557
1201 1823
1201 2257
1201 2615
1201 3099
1201 3344
1201 3779
1201 4014
1201 4151
1201 4538
1201 4957
1201 5090
1201 5208
1201 5265
1201 5427
1201 5551
1201 5647
1201 5727
1201 6613
1201 7285
1201 8531
1201 8671
1201 8914
1201 9903
1201 9988
1201 10176
1201 10289
1201 10360
1201 11393
1201 12101
1201 12373
1201 12642
1201 12737
1201 12851
1201 12916
1201 13033
1201 14498
1201 14877
1201 15306
1201 15360
1201 15551
1201 15637
1201 16631
1201 16702
1201 16900
1201 16949
1201 17539
1201 17867
1202 120
1202 1558
1202 1824
1202 2258
1202 2616
1202 3100
1202 3345
1202 3780
1202 4015
1202 4152
1202 4539
1202 4958
1202 5091
1202 5209
1202 5266
1202 5428
1202 5552
1202 5648
1202 5728
1202 6614
1202 7286
1202 8532
1202 8672
1202 8915
1202 9904
1202 9989
1202 10177
1202 10290
1202 10361
1202 11394
1202 12102
1202 12374
1202 12643
1202 12738
1202 12852
1202 12917
1202 13034
1202 14499
1202 14878
1202 15307
1202 15361
1202 15552
1202 15638
1202 16632
1202 16703
1202 16901
1202 16950
1202 17540
1202 17868
1203 121
1203 1559
1203 1825
1203 2259
1203 2617
1203 3101
1203 3346
1203 3781
1203 4016
1203 4153
1203 4540
1203 4959
1203 5092
1203 5210
1203 5267
1203 5429
1203 5553
1203 5649
1203 5729
1203 6615
1203 7287
1203 8533
1203 8673
1203 8916
1203 9905
1203 9990
1203 10178
1203 10291
1203 10362
1203 11395
1203 12103
1203 12375
1203 12644
1203 12739
1203 12853
1203 12918
1203 13035
1203 14500
1203 14879
1203 15308
1203 15362
1203 15553
1203 15639
1203 16633
1203 16704
1203 16902
1203 16951
1203 17541
1203 17869
1204 122
1204 1560
1204 1826
1204 2260
1204 2618
1204 3102
1204 3347
1204 3782
1204 4017
1204 4154
1204 4541
1204 4960
1204 5093
1204 5211
1204 5268
1204 5430
1204 5554
1204 5650
1204 5730
1204 6616
1204 7288
1204 8534
1204 8674
1204 8917
1204 9906
1204 9991
1204 10179
1204 10292
1204 10363
1204 11396
1204 12104
1204 12376
1204 12645
1204 12740
1204 12854
1204 12919
1204 13036
1204 14501
1204 14880
1204 15309
1204 15363
1204 15554
1204 15640
1204 16634
1204 16705
1204 16903
1204 16952
1204 17542
1204 17870
1205 123
1205 1561
1205 1827
1205 2261
1205 2619
1205 3103
1205 3348
1205 3783
1205 4018
1205 4155
1205 4542
1205 4961
1205 5094
1205 5212
1205 5269
1205 5431
1205 5555
1205 5651
1205 5731
1205 6617
1205 7289
1205 8535
1205 8675
1205 8918
1205 9907
1205 9992
1205 10180
1205 10293
1205 10364
1205 11397
1205 12105
1205 12377
1205 12646
1205 12741
1205 12855
1205 12920
1205 13037
1205 14502
1205 14881
1205 15310
1205 15364
1205 15555
1205 15641
1205 16635
1205 16706
1205 16904
1205 16953
1205 17543
1205 17871
1206 124
1206 1562
1206 1828
1206 2262
1206 2620
1206 3104
1206 3349
1206 3784
1206 4019
1206 4156
1206 4543
1206 4962
1206 5095
1206 5213
1206 5270
1206 5432
1206 5556
1206 5652
1206 5732
1206 6618
1206 7290
1206 8536
1206 8676
1206 8919
1206 9908
1206 9993
1206 10181
1206 10294
1206 10365
1206 11398
1206 12106
1206 12378
1206 12647
1206 12742
1206 12856
1206 12921
1206 13038
1206 14503
1206 14882
1206 15311
1206 15365
1206 15556
1206 15642
1206 16636
1206 16707
1206 16905
1206 16954
1206 17544
1206 17872
1207 125
1207 1563
1207 1829
1207 2263
1207 2621
1207 3105
1207 3350
1207 3785
1207 4020
1207 4157
1207 4544
1207 4963
1207 5096
1207 5214
1207 5271
1207 5433
1207 5557
1207 5653
1207 5733
1207 6619
1207 7291
1207 8537
1207 8677
1207 8920
1207 9909
1207 9994
1207 10182
1207 10295
1207 10366
1207 11399
1207 12107
1207 12379
1207 12648
1207 12743
1207 12857
1207 12922
1207 13039
1207 14504
1207 14883
1207 15312
1207 15366
1207 15557
1207 15643
1207 16637
1207 16708
1207 16906
1207 16955
1207 17545
1207 17873
1208 126
1208 1564
1208 1830
1208 2264
1208 2622
1208 3106
1208 3351
1208 3786
1208 4021
1208 4158
1208 4545
1208 4964
1208 5097
1208 5215
1208 5272
1208 5434
1208 5558
1208 5654
1208 5734
1208 6620
1208 7292
1208 8538
1208 8678
1208 8921
1208 9910
1208 9995
1208 10183
1208 10296
1208 10367
1208 11400
1208 12108
1208 12380
1208 12649
1208 12744
1208 12858
1208 12923
1208 13040
1208 14505
1208 14884
1208 15313
1208 15367
1208 15558
1208 15644
1208 16638
1208 16709
1208 16907
1208 16956
1208 17546
1208 17874
1209 127
1209 1565
1209 1831
1209 2265
1209 2623
1209 3107
1209 3352
1209 3787
1209 4022
1209 4159
1209 4546
1209 4965
1209 5098
1209 5216
1209 5273
1209 5435
1209 5559
1209 5655
1209 5735
1209 6621
1209 7293
1209 8539
1209 8679
1209 8922
1209 9911
1209 9996
1209 10184
1209 10297
1209 10368
1209 11401
1209 12109
1209 12381
1209 12650
1209 12745
1209 12859
1209 12924
1209 13041
1209 14506
1209 14885
1209 15314
1209 15368
1209 15559
1209 15645
1209 16639
1209 16710
1209 16908
1209 16957
1209 17547
1209 17875
1210 128
1210 1566
1210 1832
1210 2266
1210 2624
1210 3108
1210 3353
1210 3788
1210 4023
1210 4160
1210 4547
1210 4966
1210 5099
1210 5217
1210 5274
1210 5436
1210 5560
1210 5656
1210 5736
1210 6622
1210 7294
1210 8540
1210 8680
1210 8923
1210 9912
1210 9997
1210 10185
1210 10298
1210 10369
1210 11402
1210 12110
1210 12382
1210 12651
1210 12746
1210 12860
1210 12925
1210 13042
1210 14507
1210 14886
1210 15315
1210 15369
1210 15560
1210 15646
1210 16640
1210 16711
1210 16909
1210 16958
1210 17548
1210 17876
1211 129
1211 1567
1211 1833
1211 2267
1211 2625
1211 3109
1211 3354
1211 3789
1211 4024
1211 4161
1211 4548
1211 4967
1211 5100
1211 5218
1211 5275
1211 5437
1211 5561
1211 5657
1211 5737
1211 6623
1211 7295
1211 8541
1211 8681
1211 8924
1211 9913
1211 9998
1211 10186
1211 10299
1211 10370
1211 11403
1211 12111
1211 12383
1211 12652
1211 12747
1211 12861
1211 12926
1211 13043
1211 14508
1211 14887
1211 15316
1211 15370
1211 15561
1211 15647
1211 16641
1211 16712
1211 16910
1211 16959
1211 17549
1211 17877
1212 130
1212 1568
1212 1834
1212 2268
1212 2626
1212 3110
1212 3355
1212 3790
1212 4025
1212 4162
1212 4549
1212 4968
1212 5101
1212 5219
1212 5276
1212 5438
1212 5562
1212 5658
1212 5738
1212 6624
1212 7296
1212 8542
1212 8682
1212 8925
1212 9914
1212 9999
1212 10187
1212 10300
1212 10371
1212 11404
1212 12112
1212 12384
1212 12653
1212 12748
1212 12862
1212 12927
1212 13044
1212 14509
1212 14888
1212 15317
1212 15371
1212 15562
1212 15648
1212 16642
1212 16713
1212 16911
1212 16960
1212 17550
1212 17878
1213 131
1213 1457
1213 1835
1213 2269
1213 2627
1213 3111
1213 3356
1213 3791
1213 4026
1213 4163
1213 4550
1213 4969
1213 5102
1213 5220
1213 5277
1213 5439
1213 5563
1213 5659
1213 5739
1213 6625
1213 7297
1213 8543
1213 8683
1213 8926
1213 9915
1213 10000
1213 10188
1213 10301
1213 10372
1213 11405
1213 12113
1213 12385
1213 12654
1213 12749
1213 12863
1213 12928
1213 13045
1213 14510
1213 14889
1213 15318
1213 15372
1213 15563
1213 15649
1213 16643
1213 16714
1213 16912
1213 16961
1213 17551
1213 17879
1214 132
1214 1458
1214 1836
1214 2270
1214 2628
1214 3112
1214 3357
1214 3792
1214 4027
1214 4164
1214 4551
1214 4970
1214 5103
1214 5221
1214 5278
1214 5440
1214 5564
1214 5660
1214 5740
1214 6626
1214 7298
1214 8544
1214 8684
1214 8927
1214 9916
1214 10001
1214 10189
1214 10302
1214 10373
1214 11406
1214 12114
1214 12386
1214 12655
1214 12750
1214 12864
1214 12929
1214 13046
1214 14511
1214 14890
1214 15319
1214 15373
1214 15564
1214 15650
1214 16644
1214 16715
1214 16801
1214 16962
1214 17552
1214 17880
1215 133
1215 1459
1215 1837
1215 2271
1215 2629
1215 3113
1215 3358
1215 3793
1215 4028
1215 4165
1215 4552
1215 4971
1215 5104
1215 5222
1215 5279
1215 5441
1215 5565
1215 5661
1215 5741
1215 6627
1215 7299
1215 8545
1215 8685
1215 8928
1215 9917
1215 10002
1215 10190
1215 10303
1215 10374
1215 11407
1215 12115
1215 12387
1215 12656
1215 12751
1215 12865
1215 12930
1215 13047
1215 14512
1215 14891
1215 15320
1215 15374
1215 15565
1215 15651
1215 16645
1215 16716
1215 16802
1215 16963
1215 17553
1215 17881
1216 134
1216 1460
1216 1838
1216 2272
1216 2630
1216 3114
1216 3359
1216 3794
1216 4029
1216 4166
1216 4553
1216 4972
1216 5105
1216 5223
1216 5280
1216 5442
1216 5566
1216 5662
1216 5742
1216 6628
1216 7300
1216 8546
1216 8686
1216 8929
1216 9918
1216 10003
1216 10191
1216 10304
1216 10375
1216 11408
1216 12116
1216 12388
1216 12545
1216 12752
1216 12866
1216 12931
1216 13048
1216 14513
1216 14892
1216 15321
1216 15375
1216 15566
1216 15652
1216 16646
1216 16717
1216 16803
1216 16964
1216 17554
1216 17882
1217 135
1217 1461
1217 1839
1217 2273
1217 2631
1217 3115
1217 3360
1217 3795
1217 4030
1217 4167
1217 4554
1217 4973
1217 5106
1217 5224
1217 5281
1217 5443
1217 5567
1217 5663
1217 5743
1217 6629
1217 7301
1217 8547
1217 8687
1217 8930
1217 9919
1217 10004
1217 10192
1217 10193
1217 10376
1217 11409
1217 12117
1217 12389
1217 12546
1217 12753
1217 12867
1217 12932
1217 13049
1217 14514
1217 14893
1217 15322
1217 15376
1217 15567
1217 15653
1217 16647
1217 16718
1217 16804
1217 16965
1217 17555
1217 17883
1218 136
1218 1462
1218 1840
1218 2274
1218 2632
1218 3116
1218 3249
1218 3796
1218 4031
1218 4168
1218 4555
1218 4974
1218 5107
1218 5225
1218 5282
1218 5444
1218 5568
1218 5664
1218 5744
1218 6630
1218 7302
1218 8548
1218 8688
1218 8931
1218 9920
1218 10005
1218 10081
1218 10194
1218 10377
1218 11410
1218 12118
1218 12390
1218 12547
1218 12754
1218 12868
1218 12933
1218 13050
1218 14515
1218 14894
1218 15323
1218 15377
1218 15568
1218 15654
1218 16648
1218 16719
1218 16805
1218 16966
1218 17556
1218 17884
1219 137
1219 1463
1219 1841
1219 2275
1219 2633
1219 3117
1219 3250
1219 3797
1219 4032
1219 4169
1219 4556
1219 4975
1219 5108
1219 5226
1219 5283
1219 5445
1219 5569
1219 5665
1219 5745
1219 6631
1219 7303
1219 8549
1219 8689
1219 8932
1219 9921
1219 10006
1219 10082
1219 10195
1219 10378
1219 11411
1219 12119
1219 12391
1219 12548
1219 12755
1219 12869
1219 12934
1219 13051
1219 14516
1219 14895
1219 15324
1219 15378
1219 15457
1219 15655
1219 16649
1219 16720
1219 16806
1219 16967
1219 17557
1219 17885
1220 138
1220 1464
1220 1842
1220 2276
1220 2634
1220 3118
1220 3251
1220 3798
1220 3921
1220 4170
1220 4557
1220 4976
1220 5109
1220 5227
1220 5284
1220 5446
1220 5570
1220 5666
1220 5746
1220 6632
1220 7304
1220 8550
1220 8690
1220 8933
1220 9922
1220 10007
1220 10083
1220 10196
1220 10379
1220 11412
1220 12120
1220 12392
1220 12549
1220 12756
1220 12870
1220 12935
1220 13052
1220 14517
1220 14896
1220 15325
1220 15379
1220 15458
1220 15656
1220 16650
1220 16721
1220 16807
1220 16968
1220 17558
1220 17886
1221 139
1221 1465
1221 1843
1221 2277
1221 2635
1221 3119
1221 3252
1221 3799
1221 3922
1221 4171
1221 4558
1221 4977
1221 5110
1221 5228
1221 5285
1221 5447
1221 5571
1221 5667
1221 5747
1221 6633
1221 7305
1221 8551
1221 8691
1221 8934
1221 9923
1221 10008
1221 10084
1221 10197
1221 10380
1221 11413
1221 12121
1221 12393
1221 12550
1221 12757
1221 12871
1221 12936
1221 13053
1221 14518
1221 14785
1221 15326
1221 15380
1221 15459
1221 15657
1221 16651
1221 16722
1221 16808
1221 16969
1221 17559
1221 17887
1222 140
1222 1466
1222 1844
1222 2278
1222 2636
1222 3120
1222 3253
1222 3800
1222 3923
1222 4172
1222 4559
1222 4978
1222 5111
1222 5229
1222 5286
1222 5448
1222 5572
1222 5668
1222 5748
1222 6634
1222 7306
1222 8552
1222 8692
1222 8935
1222 9924
1222 10009
1222 10085
1222 10198
1222 10381
1222 11414
1222 12122
1222 12394
1222 12551
1222 12758
1222 12872
1222 12937
1222 13054
1222 14519
1222 14786
1222 15327
1222 15381
1222 15460
1222 15658
1222 16652
1222 16723
1222 16809
1222 16970
1222 17560
1222 17888
1223 141
1223 1467
1223 1845
1223 2279
1223 2637
1223 3121
1223 3254
1223 3801
1223 3924
1223 4173
1223 4560
1223 4979
1223 5112
1223 5230
1223 5287
1223 5449
1223 5573
1223 5669
1223 5749
1223 6635
1223 7307
1223 8553
1223 8693
1223 8936
1223 9925
1223 10010
1223 10086
1223 10199
1223 10382
1223 11415
1223 12123
1223 12395
1223 12552
1223 12759
1223 12873
1223 12938
1223 13055
1223 14520
1223 14787
1223 15328
1223 15382
1223 15461
1223 15659
1223 16653
1223 16724
1223 16810
1223 16971
1223 17561
1223 17889
1224 142
1224 1468
1224 1846
1224 2280
1224 2638
1224 3122
1224 3255
1224 3802
1224 3925
1224 4174
1224 4561
1224 4980
1224 5113
1224 5231
1224 5288
1224 5450
1224 5574
1224 5670
1224 5750
1224 6636
1224 7308
1224 8554
1224 8694
1224 8937
1224 9926
1224 10011
1224 10087
1224 10200
1224 10383
1224 11416
1224 12124
1224 12396
1224 12553
1224 12760
1224 12874
1224 12939
1224 13056
1224 14521
1224 14788
1224 15329
1224 15383
1224 15462
1224 15660
1224 16654
1224 16725
1224 16811
1224 16972
1224 17562
1224 17890
1225 143
1225 1469
1225 1847
1225 2281
1225 2639
1225 3123
1225 3256
1225 3803
1225 3926
1225 4175
1225 4562
1225 4981
1225 5114
1225 5232
1225 5289
1225 5451
1225 5575
1225 5671
1225 5751
1225 6637
1225 7309
1225 8555
1225 8695
1225 8938
1225 9927
1225 10012
1225 10088
1225 10201
1225 10384
1225 11417
1225 12125
1225 12397
1225 12554
1225 12761
1225 12875
1225 12940
1225 13057
1225 14522
1225 14789
1225 15330
1225 15384
1225 15463
1225 15661
1225 16655
1225 16726
1225 16812
1225 16973
1225 17563
1225 17891
1226 144
1226 1470
1226 1848
1226 2282
1226 2640
1226 3124
1226 3257
1226 3804
1226 3927
1226 4176
1226 4563
1226 4982
1226 5115
1226 5233
1226 5290
1226 5452
1226 5576
1226 5672
1226 5752
1226 6638
1226 7310
1226 8556
1226 8696
1226 8939
1226 9928
1226 10013
1226 10089
1226 10202
1226 10385
1226 11418
1226 12126
1226 12398
1226 12555
1226 12762
1226 12876
1226 12941
1226 13058
1226 14523
1226 14790
1226 15331
1226 15385
1226 15464
1226 15662
1226 16656
1226 16727
1226 16813
1226 16974
1226 17564
1226 17892
1227 145
1227 1471
1227 1849
1227 2283
1227 2641
1227 3125
1227 3258
1227 3805
1227 3928
1227 4177
1227 4564
1227 4983
1227 5116
1227 5234
1227 5291
1227 5453
1227 5577
1227 5673
1227 5753
1227 6639
1227 7311
1227 8557
1227 8697
1227 8940
1227 9929
1227 10014
1227 10090
1227 10203
1227 10386
1227 11419
1227 12127
1227 12399
1227 12556
1227 12763
1227 12877
1227 12942
1227 13059
1227 14524
1227 14791
1227 15332
1227 15386
1227 15465
1227 15663
1227 16657
1227 16728
1227 16814
1227 16975
1227 17565
1227 17893
1228 146
1228 1472
1228 1850
1228 2284
1228 2642
1228 3126
1228 3259
1228 3806
1228 3929
1228 4178
1228 4565
1228 4984
1228 5117
1228 5235
1228 5292
1228 5454
1228 5578
1228 5674
1228 5754
1228 6640
1228 7312
1228 8558
1228 8698
1228 8941
1228 9930
1228 10015
1228 10091
1228 10204
1228 10387
1228 11420
1228 12128
1228 12400
1228 12557
1228 12764
1228 12878
1228 12943
1228 13060
1228 14525
1228 14792
1228 15333
1228 15387
1228 15466
1228 15664
1228 16658
1228 16729
1228 16815
1228 16976
1228 17566
1228 17894
1229 147
1229 1473
1229 1851
1229 2285
1229 2643
1229 3127
1229 3260
1229 3807
1229 3930
1229 4179
1229 4566
1229 4985
1229 5118
1229 5236
1229 5293
1229 5455
1229 5579
1229 5675
1229 5755
1229 6641
1229 7313
1229 8559
1229 8699
1229 8942
1229 9931
1229 10016
1229 10092
1229 10205
1229 10388
1229 11421
1229 12129
1229 12401
1229 12558
1229 12765
1229 12879
1229 12944
1229 13061
1229 14526
1229 14793
1229 15334
1229 15388
1229 15467
1229 15665
1229 16659
1229 16730
1229 16816
1229 16977
1229 17567
1229 17895
1230 148
1230 1474
1230 1852
1230 2286
1230 2644
1230 3128
1230 3261
1230 3808
1230 3931
1230 4180
1230 4567
1230 4986
1230 5119
1230 5237
1230 5294
1230 5456
1230 5580
1230 5676
1230 5756
1230 6642
1230 7314
1230 8560
1230 8700
1230 8943
1230 9932
1230 10017
1230 10093
1230 10206
1230 10389
1230 11422
1230 12130
1230 12402
1230 12559
1230 12766
1230 12880
1230 12945
1230 13062
1230 14527
1230 14794
1230 15335
1230 15389
1230 15468
1230 15666
1230 16660
1230 16731
1230 16817
1230 16978
1230 17568
1230 17896
1231 149
1231 1475
1231 1853
1231 2287
1231 2645
1231 3129
1231 3262
1231 3697
1231 3932
1231 4181
1231 4568
1231 4987
1231 5120
1231 5238
1231 5295
1231 5457
1231 5581
1231 5677
1231 5757
1231 6643
1231 7315
1231 8561
1231 8701
1231 8944
1231 9933
1231 10018
1231 10094
1231 10207
1231 10390
1231 11423
1231 12131
1231 12403
1231 12560
1231 12767
1231 12769
1231 12946
1231 13063
1231 14528
1231 14795
1231 15336
1231 15390
1231 15469
1231 15667
1231 16661
1231 16732
1231 16818
1231 16979
1231 17569
1231 17897
1232 150
1232 1476
1232 1854
1232 2288
1232 2646
1232 3130
1232 3263
1232 3698
1232 3933
1232 4182
1232 4569
1232 4988
1232 5121
1232 5239
1232 5296
1232 5458
1232 5582
1232 5678
1232 5758
1232 6644
1232 7316
1232 8562
1232 8702
1232 8945
1232 9934
1232 10019
1232 10095
1232 10208
1232 10391
1232 11424
1232 12132
1232 12404
1232 12561
1232 12768
1232 12770
1232 12947
1232 13064
1232 14529
1232 14796
1232 15337
1232 15391
1232 15470
1232 15668
1232 16662
1232 16733
1232 16819
1232 16980
1232 17570
1232 17898
1233 271
1233 1623
1233 1939
1233 2352
1233 2432
1233 2729
1233 3460
1233 3625
1233 3881
1233 4267
1233 4693
1233 5039
1233 5098
1233 5228
1233 5353
1233 5443
1233 5585
1233 5608
1233 5820
1233 6352
1233 7453
1233 8585
1233 8635
1233 8742
1233 9902
1233 10002
1233 10110
1233 10252
1233 10417
1233 11497
1233 12257
1233 12445
1233 12571
1233 12717
1233 12846
1233 12952
1233 13170
1233 14653
1233 15005
1233 15239
1233 15390
1233 15537
1233 15627
1233 16618
1233 16762
1233 16854
1233 16962
1233 17527
1233 17692
1234 272
1234 1624
1234 1940
1234 2241
1234 2433
1234 2730
1234 3461
1234 3626
1234 3882
1234 4268
1234 4694
1234 5040
1234 5099
1234 5229
1234 5354
1234 5444
1234 5586
1234 5609
1234 5821
1234 6353
1234 7454
1234 8586
1234 8636
1234 8743
1234 9903
1234 10003
1234 10111
1234 10253
1234 10418
1234 11498
1234 12258
1234 12446
1234 12572
1234 12718
1234 12847
1234 12953
1234 13171
1234 14654
1234 15006
1234 15240
1234 15391
1234 15538
1234 15628
1234 16619
1234 16763
1234 16855
1234 16963
1234 17528
1234 17693
1235 273
1235 1625
1235 1941
1235 2242
1235 2434
1235 2731
1235 3462
1235 3627
1235 3883
1235 4269
1235 4695
1235 4929
1235 5100
1235 5230
1235 5355
1235 5445
1235 5587
1235 5610
1235 5822
1235 6354
1235 7455
1235 8587
1235 8637
1235 8744
1235 9904
1235 10004
1235 10112
1235 10254
1235 10419
1235 11499
1235 12259
1235 12447
1235 12573
1235 12719
1235 12848
1235 12954
1235 13172
1235 14655
1235 15007
1235 15241
1235 15392
1235 15539
1235 15629
1235 16620
1235 16764
1235 16856
1235 16964
1235 17529
1235 17694
1236 274
1236 1626
1236 1942
1236 2243
1236 2435
1236 2732
1236 3463
1236 3628
1236 3884
1236 4270
1236 4696
1236 4930
1236 5101
1236 5231
1236 5356
1236 5446
1236 5588
1236 5611
1236 5823
1236 6355
1236 7456
1236 8588
1236 8638
1236 8745
1236 9905
1236 10005
1236 10113
1236 10255
1236 10420
1236 11500
1236 12260
1236 12448
1236 12574
1236 12720
1236 12849
1236 12955
1236 13173
1236 14656
1236 15008
1236 15242
1236 15393
1236 15540
1236 15630
1236 16621
1236 16765
1236 16857
1236 16965
1236 17530
1236 17695
1237 275
1237 1627
1237 1943
1237 2244
1237 2436
1237 2733
1237 3464
1237 3629
1237 3885
1237 4271
1237 4697
1237 4931
1237 5102
1237 5232
1237 5357
1237 5447
1237 5589
1237 5612
1237 5824
1237 6356
1237 7457
1237 8589
1237 8639
1237 8746
1237 9906
1237 10006
1237 10114
1237 10256
1237 10421
1237 11501
1237 12261
1237 12449
1237 12575
1237 12721
1237 12850
1237 12956
1237 13174
1237 14657
1237 14897
1237 15243
1237 15394
1237 15541
1237 15631
1237 16622
1237 16766
1237 16858
1237 16966
1237 17531
1237 17696
1238 276
1238 1628
1238 1944
1238 2245
1238 2437
1238 2734
1238 3465
1238 3630
1238 3886
1238 4272
1238 4698
1238 4932
1238 5103
1238 5233
1238 5358
1238 5448
1238 5590
1238 5613
1238 5713
1238 6357
1238 7458
1238 8590
1238 8640
1238 8747
1238 9907
1238 10007
1238 10115
1238 10257
1238 10422
1238 11502
1238 12262
1238 12450
1238 12576
1238 12722
1238 12851
1238 12957
1238 13175
1238 14658
1238 14898
1238 15244
1238 15395
1238 15542
1238 15632
1238 16623
1238 16767
1238 16859
1238 16967
1238 17532
1238 17585
1239 277
1239 1629
1239 1945
1239 2246
1239 2438
1239 2735
1239 3466
1239 3631
1239 3887
1239 4273
1239 4699
1239 4933
1239 5104
1239 5234
1239 5359
1239 5449
1239 5591
1239 5614
1239 5714
1239 6358
1239 7459
1239 8591
1239 8641
1239 8748
1239 9908
1239 10008
1239 10116
1239 10258
1239 10423
1239 11503
1239 12263
1239 12451
1239 12577
1239 12723
1239 12852
1239 12958
1239 13176
1239 14659
1239 14899
1239 15245
1239 15396
1239 15543
1239 15633
1239 16624
1239 16768
1239 16860
1239 16968
1239 17533
1239 17586
1240 278
1240 1630
1240 1946
1240 2247
1240 2439
1240 2736
1240 3467
1240 3632
1240 3888
1240 4274
1240 4700
1240 4934
1240 5105
1240 5235
1240 5360
1240 5450
1240 5592
1240 5615
1240 5715
1240 6359
1240 7460
1240 8592
1240 8642
1240 8749
1240 9909
1240 10009
1240 10117
1240 10259
1240 10424
1240 11504
1240 12264
1240 12452
1240 12578
1240 12724
1240 12853
1240 12959
1240 13177
1240 14660
1240 14900
1240 15246
1240 15397
1240 15544
1240 15634
1240 16625
1240 16769
1240 16861
1240 16969
1240 17534
1240 17587
1241 279
1241 1631
1241 1947
1241 2248
1241 2440
1241 2737
1241 3468
1241 3633
1241 3889
1241 4275
1241 4701
1241 4935
1241 5106
1241 5236
1241 5361
1241 5451
1241 5593
1241 5616
1241 5716
1241 6360
1241 7461
1241 8593
1241 8643
1241 8750
1241 9910
1241 10010
1241 10118
1241 10260
1241 10425
1241 11505
1241 12265
1241 12453
1241 12579
1241 12725
1241 12854
1241 12960
1241 13178
1241 14661
1241 14901
1241 15247
1241 15398
1241 15545
1241 15635
1241 16626
1241 16770
1241 16862
1241 16970
1241 17535
1241 17588
1242 280
1242 1632
1242 1948
1242 2249
1242 2441
1242 2738
1242 3469
1242 3634
1242 3890
1242 4276
1242 4702
1242 4936
1242 5107
1242 5237
1242 5362
1242 5452
1242 5594
1242 5617
1242 5717
1242 6361
1242 7462
1242 8594
1242 8644
1242 8751
1242 9911
1242 10011
1242 10119
1242 10261
1242 10426
1242 11506
1242 12266
1242 12454
1242 12580
1242 12726
1242 12855
1242 12961
1242 13179
1242 14662
1242 14902
1242 15248
1242 15399
1242 15546
1242 15636
1242 16627
1242 16771
1242 16863
1242 16971
1242 17536
1242 17589
1243 281
1243 1633
1243 1949
1243 2250
1243 2442
1243 2739
1243 3470
1243 3635
1243 3891
1243 4277
1243 4703
1243 4937
1243 5108
1243 5238
1243 5363
1243 5453
1243 5595
1243 5618
1243 5718
1243 6362
1243 7463
1243 8595
1243 8645
1243 8752
1243 9912
1243 10012
1243 10120
1243 10262
1243 10427
1243 11507
1243 12267
1243 12455
1243 12581
1243 12727
1243 12856
1243 12962
1243 13180
1243 14663
1243 14903
1243 15249
1243 15400
1243 15547
1243 15637
1243 16628
1243 16772
1243 16864
1243 16972
1243 17537
1243 17590
1244 282
1244 1634
1244 1950
1244 2251
1244 2443
1244 2740
1244 3471
1244 3636
1244 3892
1244 4278
1244 4704
1244 4938
1244 5109
1244 5239
1244 5364
1244 5454
1244 5596
1244 5619
1244 5719
1244 6363
1244 7464
1244 8596
1244 8646
1244 8753
1244 9913
1244 10013
1244 10121
1244 10263
1244 10428
1244 11508
1244 12268
1244 12456
1244 12582
1244 12728
1244 12857
1244 12963
1244 13181
1244 14664
1244 14904
1244 15250
1244 15401
1244 15548
1244 15638
1244 16629
1244 16773
1244 16865
1244 16973
1244 17538
1244 17591
1245 283
1245 1635
1245 1951
1245 2252
1245 2444
1245 2741
1245 3472
1245 3637
1245 3893
1245 4279
1245 4593
1245 4939
1245 5110
1245 5240
1245 5365
1245 5455
1245 5597
1245 5620
1245 5720
1245 6364
1245 7465
1245 8597
1245 8647
1245 8754
1245 9914
1245 10014
1245 10122
1245 10264
1245 10429
1245 11509
1245 12269
1245 12457
1245 12583
1245 12729
1245 12858
1245 12964
1245 13182
1245 14665
1245 14905
1245 15251
1245 15402
1245 15549
1245 15639
1245 16630
1245 16774
1245 16866
1245 16974
1245 17539
1245 17592
1246 284
1246 1636
1246 1952
1246 2253
1246 2445
1246 2742
1246 3361
1246 3638
1246 3894
1246 4280
1246 4594
1246 4940
1246 5111
1246 5241
1246 5366
1246 5456
1246 5598
1246 5621
1246 5721
1246 6365
1246 7466
1246 8598
1246 8648
1246 8755
1246 9915
1246 10015
1246 10123
1246 10265
1246 10430
1246 11510
1246 12270
1246 12458
1246 12584
1246 12730
1246 12859
1246 12965
1246 13183
1246 14666
1246 14906
1246 15252
1246 15403
1246 15550
1246 15640
1246 16631
1246 16775
1246 16867
1246 16975
1246 17540
1246 17593
1247 285
1247 1637
1247 1953
1247 2254
1247 2446
1247 2743
1247 3362
1247 3639
1247 3895
1247 4281
1247 4595
1247 4941
1247 5112
1247 5242
1247 5367
1247 5457
1247 5599
1247 5622
1247 5722
1247 6366
1247 7467
1247 8599
1247 8649
1247 8756
1247 9916
1247 10016
1247 10124
1247 10266
1247 10431
1247 11511
1247 12271
1247 12459
1247 12585
1247 12731
1247 12860
1247 12966
1247 13184
1247 14667
1247 14907
1247 15253
1247 15404
1247 15551
1247 15641
1247 16632
1247 16776
1247 16868
1247 16976
1247 17541
1247 17594
1248 286
1248 1638
1248 1954
1248 2255
1248 2447
1248 2744
1248 3363
1248 3640
1248 3896
1248 4282
1248 4596
1248 4942
1248 5113
1248 5243
1248 5368
1248 5458
1248 5600
1248 5623
1248 5723
1248 6367
1248 7468
1248 8600
1248 8650
1248 8757
1248 9917
1248 10017
1248 10125
1248 10267
1248 10432
1248 11512
1248 12272
1248 12460
1248 12586
1248 12732
1248 12861
1248 12967
1248 13185
1248 14668
1248 14908
1248 15254
1248 15405
1248 15552
1248 15642
1248 16633
1248 16777
1248 16869
1248 16977
1248 17542
1248 17595
1249 287
1249 1639
1249 1955
1249 2256
1249 2448
1249 2745
1249 3364
1249 3641
1249 3897
1249 4283
1249 4597
1249 4943
1249 5114
1249 5244
1249 5369
1249 5459
1249 5489
1249 5624
1249 5724
1249 6368
1249 7469
1249 8601
1249 8651
1249 8758
1249 9918
1249 10018
1249 10126
1249 10268
1249 10433
1249 11513
1249 12273
1249 12461
1249 12587
1249 12733
1249 12862
1249 12968
1249 13186
1249 14669
1249 14909
1249 15255
1249 15406
1249 15553
1249 15643
1249 16634
1249 16778
1249 16870
1249 16978
1249 17543
1249 17596
1250 288
1250 1640
1250 1956
1250 2257
1250 2449
1250 2746
1250 3365
1250 3642
1250 3898
1250 4284
1250 4598
1250 4944
1250 5115
1250 5245
1250 5370
1250 5460
1250 5490
1250 5625
1250 5725
1250 6369
1250 7470
1250 8602
1250 8652
1250 8759
1250 9919
1250 10019
1250 10127
1250 10269
1250 10434
1250 11514
1250 12274
1250 12462
1250 12588
1250 12734
1250 12863
1250 12969
1250 13187
1250 14670
1250 14910
1250 15256
1250 15407
1250 15554
1250 15644
1250 16635
1250 16779
1250 16871
1250 16979
1250 17544
1250 17597
1251 289
1251 1641
1251 1957
1251 2258
1251 2450
1251 2747
1251 3366
1251 3643
1251 3899
1251 4285
1251 4599
1251 4945
1251 5116
1251 5246
1251 5371
1251 5461
1251 5491
1251 5626
1251 5726
1251 6370
1251 7471
1251 8603
1251 8653
1251 8760
1251 9920
1251 10020
1251 10128
1251 10270
1251 10435
1251 11515
1251 12275
1251 12463
1251 12589
1251 12735
1251 12864
1251 12970
1251 13188
1251 14671
1251 14911
1251 15257
1251 15408
1251 15555
1251 15645
1251 16636
1251 16780
1251 16872
1251 16980
1251 17545
1251 17598
1252 290
1252 1642
1252 1958
1252 2259
1252 2451
1252 2748
1252 3367
1252 3644
1252 3900
1252 4286
1252 4600
1252 4946
1252 5117
1252 5247
1252 5372
1252 5462
1252 5492
1252 5627
1252 5727
1252 6371
1252 7472
1252 8604
1252 8654
1252 8761
1252 9921
1252 10021
1252 10129
1252 10271
1252 10436
1252 11516
1252 12276
1252 12464
1252 12590
1252 12736
1252 12865
1252 12971
1252 13189
1252 14672
1252 14912
1252 15258
1252 15409
1252 15556
1252 15646
1252 16637
1252 16781
1252 16873
1252 16981
1252 17546
1252 17599
1253 291
1253 1643
1253 1959
1253 2260
1253 2452
1253 2749
1253 3368
1253 3645
1253 3901
1253 4287
1253 4601
1253 4947
1253 5118
1253 5248
1253 5373
1253 5463
1253 5493
1253 5628
1253 5728
1253 6372
1253 7473
1253 8605
1253 8655
1253 8762
1253 9922
1253 10022
1253 10130
1253 10272
1253 10437
1253 11517
1253 12277
1253 12465
1253 12591
1253 12737
1253 12866
1253 12972
1253 13190
1253 14561
1253 14913
1253 15259
1253 15410
1253 15557
1253 15647
1253 16638
1253 16782
1253 16874
1253 16982
1253 17547
1253 17600
1254 292
1254 1644
1254 1960
1254 2261
1254 2453
1254 2750
1254 3369
1254 3646
1254 3902
1254 4288
1254 4602
1254 4948
1254 5119
1254 5249
1254 5374
1254 5464
1254 5494
1254 5629
1254 5729
1254 6373
1254 7474
1254 8606
1254 8656
1254 8763
1254 9923
1254 10023
1254 10131
1254 10273
1254 10438
1254 11518
1254 12278
1254 12466
1254 12592
1254 12738
1254 12867
1254 12973
1254 13191
1254 14562
1254 14914
1254 15260
1254 15411
1254 15558
1254 15648
1254 16639
1254 16783
1254 16875
1254 16983
1254 17548
1254 17601
1255 293
1255 1645
1255 1961
1255 2262
1255 2454
1255 2751
1255 3370
1255 3647
1255 3903
1255 4289
1255 4603
1255 4949
1255 5120
1255 5250
1255 5375
1255 5465
1255 5495
1255 5630
1255 5730
1255 6374
1255 7475
1255 8607
1255 8657
1255 8764
1255 9924
1255 10024
1255 10132
1255 10274
1255 10439
1255 11519
1255 12279
1255 12467
1255 12593
1255 12739
1255 12868
1255 12974
1255 13192
1255 14563
1255 14915
1255 15261
1255 15412
1255 15559
1255 15649
1255 16640
1255 16784
1255 16876
1255 16984
1255 17549
1255 17602
1256 294
1256 1646
1256 1962
1256 2263
1256 2455
1256 2752
1256 3371
1256 3648
1256 3904
1256 4290
1256 4604
1256 4950
1256 5121
1256 5251
1256 5376
1256 5466
1256 5496
1256 5631
1256 5731
1256 6375
1256 7476
1256 8608
1256 8658
1256 8765
1256 9925
1256 10025
1256 10133
1256 10275
1256 10440
1256 11520
1256 12280
1256 12468
1256 12594
1256 12740
1256 12869
1256 12975
1256 13193
1256 14564
1256 14916
1256 15262
1256 15413
1256 15560
1256 15650
1256 16641
1256 16785
1256 16877
1256 16985
1256 17550
1256 17603
1257 295
1257 1647
1257 1963
1257 2264
1257 2456
1257 2753
1257 3372
1257 3649
1257 3905
1257 4291
1257 4605
1257 4951
1257 5122
1257 5252
1257 5265
1257 5467
1257 5497
1257 5632
1257 5732
1257 6376
1257 7477
1257 8609
1257 8659
1257 8766
1257 9926
1257 10026
1257 10134
1257 10276
1257 10441
1257 11521
1257 12281
1257 12469
1257 12595
1257 12741
1257 12870
1257 12976
1257 13194
1257 14565
1257 14917
1257 15263
1257 15414
1257 15561
1257 15651
1257 16642
1257 16786
1257 16878
1257 16986
1257 17551
1257 17604
1258 296
1258 1648
1258 1964
1258 2265
1258 2457
1258 2754
1258 3373
1258 3650
1258 3906
1258 4292
1258 4606
1258 4952
1258 5123
1258 5253
1258 5266
1258 5468
1258 5498
1258 5633
1258 5733
1258 6377
1258 7478
1258 8610
1258 8660
1258 8767
1258 9927
1258 10027
1258 10135
1258 10277
1258 10442
1258 11522
1258 12282
1258 12470
1258 12596
1258 12742
1258 12871
1258 12977
1258 13195
1258 14566
1258 14918
1258 15264
1258 15415
1258 15562
1258 15652
1258 16643
1258 16787
1258 16879
1258 16987
1258 17552
1258 17605
1259 297
1259 1649
1259 1965
1259 2266
1259 2458
1259 2755
1259 3374
1259 3651
1259 3907
1259 4293
1259 4607
1259 4953
1259 5124
1259 5254
1259 5267
1259 5469
1259 5499
1259 5634
1259 5734
1259 6378
1259 7479
1259 8611
1259 8661
1259 8768
1259 9928
1259 10028
1259 10136
1259 10278
1259 10443
1259 11523
1259 12283
1259 12471
1259 12597
1259 12743
1259 12872
1259 12978
1259 13196
1259 14567
1259 14919
1259 15265
1259 15416
1259 15563
1259 15653
1259 16644
1259 16788
1259 16880
1259 16988
1259 17553
1259 17606
1260 298
1260 1650
1260 1966
1260 2267
1260 2459
1260 2756
1260 3375
1260 3652
1260 3908
1260 4294
1260 4608
1260 4954
1260 5125
1260 5255
1260 5268
1260 5470
1260 5500
1260 5635
1260 5735
1260 6379
1260 7480
1260 8612
1260 8662
1260 8769
1260 9929
1260 10029
1260 10137
1260 10279
1260 10444
1260 11524
1260 12284
1260 12472
1260 12598
1260 12744
1260 12873
1260 12979
1260 13197
1260 14568
1260 14920
1260 15266
1260 15417
1260 15564
1260 15654
1260 16645
1260 16789
1260 16881
1260 16989
1260 17554
1260 17607
1261 299
1261 1651
1261 1967
1261 2268
1261 2460
1261 2757
1261 3376
1261 3653
1261 3909
1261 4295
1261 4609
1261 4955
1261 5126
1261 5256
1261 5269
1261 5471
1261 5501
1261 5636
1261 5736
1261 6380
1261 7481
1261 8613
1261 8663
1261 8770
1261 9930
1261 10030
1261 10138
1261 10280
1261 10445
1261 11525
1261 12285
1261 12473
1261 12599
1261 12745
1261 12874
1261 12980
1261 13198
1261 14569
1261 14921
1261 15267
1261 15418
1261 15565
1261 15655
1261 16646
1261 16790
1261 16882
1261 16990
1261 17555
1261 17608
1262 300
1262 1652
1262 1968
1262 2269
1262 2461
1262 2758
1262 3377
1262 3654
1262 3910
1262 4296
1262 4610
1262 4956
1262 5127
1262 5257
1262 5270
1262 5472
1262 5502
1262 5637
1262 5737
1262 6381
1262 7482
1262 8614
1262 8664
1262 8771
1262 9931
1262 10031
1262 10139
1262 10281
1262 10446
1262 11526
1262 12286
1262 12474
1262 12600
1262 12746
1262 12875
1262 12981
1262 13199
1262 14570
1262 14922
1262 15268
1262 15419
1262 15566
1262 15656
1262 16647
1262 16791
1262 16883
1262 16991
1262 17556
1262 17609
1263 301
1263 1653
1263 1969
1263 2270
1263 2462
1263 2759
1263 3378
1263 3655
1263 3911
1263 4297
1263 4611
1263 4957
1263 5128
1263 5258
1263 5271
1263 5473
1263 5503
1263 5638
1263 5738
1263 6382
1263 7483
1263 8615
1263 8665
1263 8772
1263 9932
1263 10032
1263 10140
1263 10282
1263 10447
1263 11527
1263 12287
1263 12475
1263 12601
1263 12747
1263 12876
1263 12982
1263 13200
1263 14571
1263 14923
1263 15269
1263 15420
1263 15567
1263 15657
1263 16648
1263 16792
1263 16884
1263 16992
1263 17557
1263 17610
1264 302
1264 1654
1264 1970
1264 2271
1264 2463
1264 2760
1264 3379
1264 3656
1264 3912
1264 4298
1264 4612
1264 4958
1264 5129
1264 5259
1264 5272
1264 5474
1264 5504
1264 5639
1264 5739
1264 6383
1264 7484
1264 8616
1264 8666
1264 8773
1264 9933
1264 10033
1264 10141
1264 10283
1264 10448
1264 11528
1264 12288
1264 12476
1264 12602
1264 12748
1264 12877
1264 12983
1264 13201
1264 14572
1264 14924
1264 15270
1264 15421
1264 15568
1264 15658
1264 16649
1264 16793
1264 16885
1264 16993
1264 17558
1264 17611
1265 303
1265 1655
1265 1971
1265 2272
1265 2464
1265 2761
1265 3380
1265 3657
1265 3913
1265 4299
1265 4613
1265 4959
1265 5130
1265 5260
1265 5273
1265 5475
1265 5505
1265 5640
1265 5740
1265 6384
1265 7485
1265 8617
1265 8667
1265 8774
1265 9934
1265 10034
1265 10142
1265 10284
1265 10449
1265 11529
1265 12289
1265 12477
1265 12603
1265 12749
1265 12878
1265 12984
1265 13202
1265 14573
1265 14925
1265 15271
1265 15422
1265 15457
1265 15659
1265 16650
1265 16794
1265 16886
1265 16994
1265 17559
1265 17612
1266 304
1266 1656
1266 1972
1266 2273
1266 2353
1266 2762
1266 3381
1266 3658
1266 3914
1266 4300
1266 4614
1266 4960
1266 5131
1266 5261
1266 5274
1266 5476
1266 5506
1266 5641
1266 5741
1266 6273
1266 7486
1266 8618
1266 8668
1266 8775
1266 9935
1266 10035
1266 10143
1266 10285
1266 10450
1266 11530
1266 12290
1266 12478
1266 12604
1266 12750
1266 12879
1266 12985
1266 13203
1266 14574
1266 14926
1266 15272
1266 15423
1266 15458
1266 15660
1266 16651
1266 16795
1266 16887
1266 16995
1266 17560
1266 17613
1267 305
1267 1657
1267 1973
1267 2274
1267 2354
1267 2763
1267 3382
1267 3659
1267 3915
1267 4301
1267 4615
1267 4961
1267 5132
1267 5262
1267 5275
1267 5477
1267 5507
1267 5642
1267 5742
1267 6274
1267 7487
1267 8619
1267 8669
1267 8776
1267 9936
1267 10036
1267 10144
1267 10286
1267 10451
1267 11531
1267 12291
1267 12479
1267 12605
1267 12751
1267 12880
1267 12986
1267 13204
1267 14575
1267 14927
1267 15273
1267 15424
1267 15459
1267 15661
1267 16652
1267 16796
1267 16888
1267 16996
1267 17561
1267 17614
1268 306
1268 1658
1268 1974
1268 2275
1268 2355
1268 2764
1268 3383
1268 3660
1268 3916
1268 4302
1268 4616
1268 4962
1268 5133
1268 5263
1268 5276
1268 5478
1268 5508
1268 5643
1268 5743
1268 6275
1268 7488
1268 8620
1268 8670
1268 8777
1268 9937
1268 10037
1268 10145
1268 10287
1268 10452
1268 11532
1268 12292
1268 12480
1268 12606
1268 12752
1268 12769
1268 12987
1268 13205
1268 14576
1268 14928
1268 15274
1268 15425
1268 15460
1268 15662
1268 16653
1268 16797
1268 16889
1268 16997
1268 17562
1268 17615
1269 307
1269 1659
1269 1975
1269 2276
1269 2356
1269 2765
1269 3384
1269 3661
1269 3917
1269 4303
1269 4617
1269 4963
1269 5134
1269 5264
1269 5277
1269 5479
1269 5509
1269 5644
1269 5744
1269 6276
1269 7489
1269 8621
1269 8671
1269 8778
1269 9938
1269 10038
1269 10146
1269 10288
1269 10453
1269 11533
1269 12293
1269 12481
1269 12607
1269 12753
1269 12770
1269 12988
1269 13206
1269 14577
1269 14929
1269 15275
1269 15426
1269 15461
1269 15663
1269 16654
1269 16798
1269 16890
1269 16998
1269 17563
1269 17616
1270 308
1270 1660
1270 1976
1270 2277
1270 2357
1270 2766
1270 3385
1270 3662
1270 3918
1270 4304
1270 4618
1270 4964
1270 5135
1270 5153
1270 5278
1270 5480
1270 5510
1270 5645
1270 5745
1270 6277
1270 7490
1270 8622
1270 8672
1270 8779
1270 9939
1270 10039
1270 10147
1270 10289
1270 10454
1270 11534
1270 12294
1270 12482
1270 12608
1270 12754
1270 12771
1270 12989
1270 13207
1270 14578
1270 14930
1270 15276
1270 15427
1270 15462
1270 15664
1270 16655
1270 16799
1270 16891
1270 16999
1270 17564
1270 17617
1271 309
1271 1661
1271 1977
1271 2278
1271 2358
1271 2767
1271 3386
1271 3663
1271 3919
1271 4305
1271 4619
1271 4965
1271 5136
1271 5154
1271 5279
1271 5481
1271 5511
1271 5646
1271 5746
1271 6278
1271 7491
1271 8623
1271 8673
1271 8780
1271 9940
1271 10040
1271 10148
1271 10290
1271 10455
1271 11535
1271 12295
1271 12483
1271 12609
1271 12755
1271 12772
1271 12990
1271 13208
1271 14579
1271 14931
1271 15277
1271 15428
1271 15463
1271 15665
1271 16656
1271 16800
1271 16892
1271 17000
1271 17565
1271 17618
1272 310
1272 1662
1272 1978
1272 2279
1272 2359
1272 2768
1272 3387
1272 3664
1272 3920
1272 4306
1272 4620
1272 4966
1272 5137
1272 5155
1272 5280
1272 5482
1272 5512
1272 5647
1272 5747
1272 6279
1272 7492
1272 8624
1272 8674
1272 8781
1272 9941
1272 10041
1272 10149
1272 10291
1272 10456
1272 11536
1272 12296
1272 12484
1272 12610
1272 12756
1272 12773
1272 12991
1272 13209
1272 14580
1272 14932
1272 15278
1272 15429
1272 15464
1272 15666
1272 16657
1272 16689
1272 16893
1272 17001
1272 17566
1272 17619
1273 311
1273 1663
1273 1979
1273 2280
1273 2360
1273 2769
1273 3388
1273 3665
1273 3809
1273 4307
1273 4621
1273 4967
1273 5138
1273 5156
1273 5281
1273 5483
1273 5513
1273 5648
1273 5748
1273 6280
1273 7493
1273 8513
1273 8675
1273 8782
1273 9942
1273 10042
1273 10150
1273 10292
1273 10457
1273 11425
1273 12297
1273 12485
1273 12611
1273 12757
1273 12774
1273 12992
1273 13210
1273 14581
1273 14933
1273 15279
1273 15430
1273 15465
1273 15667
1273 16658
1273 16690
1273 16894
1273 17002
1273 17567
1273 17620
1274 312
1274 1664
1274 1980
1274 2281
1274 2361
1274 2770
1274 3389
1274 3666
1274 3810
1274 4308
1274 4622
1274 4968
1274 5139
1274 5157
1274 5282
1274 5484
1274 5514
1274 5649
1274 5749
1274 6281
1274 7494
1274 8514
1274 8676
1274 8783
1274 9943
1274 10043
1274 10151
1274 10293
1274 10458
1274 11426
1274 12298
1274 12486
1274 12612
1274 12758
1274 12775
1274 12881
1274 13211
1274 14582
1274 14934
1274 15280
1274 15431
1274 15466
1274 15668
1274 16659
1274 16691
1274 16895
1274 17003
1274 17568
1274 17621
1275 313
1275 1665
1275 1981
1275 2282
1275 2362
1275 2771
1275 3390
1275 3667
1275 3811
1275 4309
1275 4623
1275 4969
1275 5140
1275 5158
1275 5283
1275 5485
1275 5515
1275 5650
1275 5750
1275 6282
1275 7495
1275 8515
1275 8677
1275 8784
1275 9944
1275 10044
1275 10152
1275 10294
1275 10459
1275 11427
1275 12299
1275 12487
1275 12613
1275 12759
1275 12776
1275 12882
1275 13212
1275 14583
1275 14935
1275 15281
1275 15432
1275 15467
1275 15669
1275 16660
1275 16692
1275 16896
1275 17004
1275 17569
1275 17622
1276 314
1276 1666
1276 1982
1276 2283
1276 2363
1276 2772
1276 3391
1276 3668
1276 3812
1276 4310
1276 4624
1276 4970
1276 5141
1276 5159
1276 5284
1276 5486
1276 5516
1276 5651
1276 5751
1276 6283
1276 7496
1276 8516
1276 8678
1276 8785
1276 9945
1276 10045
1276 10153
1276 10295
1276 10460
1276 11428
1276 12300
1276 12488
1276 12614
1276 12760
1276 12777
1276 12883
1276 13213
1276 14584
1276 14936
1276 15282
1276 15433
1276 15468
1276 15670
1276 16661
1276 16693
1276 16897
1276 17005
1276 17570
1276 17623
1277 315
1277 1667
1277 1983
1277 2284
1277 2364
1277 2773
1277 3392
1277 3669
1277 3813
1277 4311
1277 4625
1277 4971
1277 5142
1277 5160
1277 5285
1277 5487
1277 5517
1277 5652
1277 5752
1277 6284
1277 7497
1277 8517
1277 8679
1277 8786
1277 9946
1277 10046
1277 10154
1277 10296
1277 10461
1277 11429
1277 12301
1277 12489
1277 12615
1277 12761
1277 12778
1277 12884
1277 13214
1277 14585
1277 14937
1277 15283
1277 15434
1277 15469
1277 15671
1277 16662
1277 16694
1277 16898
1277 17006
1277 17571
1277 17624
1278 316
1278 1668
1278 1984
1278 2285
1278 2365
1278 2774
1278 3393
1278 3670
1278 3814
1278 4312
1278 4626
1278 4972
1278 5143
1278 5161
1278 5286
1278 5488
1278 5518
1278 5653
1278 5753
1278 6285
1278 7498
1278 8518
1278 8680
1278 8787
1278 9947
1278 10047
1278 10155
1278 10297
1278 10462
1278 11430
1278 12302
1278 12490
1278 12616
1278 12762
1278 12779
1278 12885
1278 13215
1278 14586
1278 14938
1278 15284
1278 15435
1278 15470
1278 15672
1278 16663
1278 16695
1278 16899
1278 17007
1278 17572
1278 17625
1279 317
1279 1669
1279 1985
1279 2286
1279 2366
1279 2775
1279 3394
1279 3671
1279 3815
1279 4313
1279 4627
1279 4973
1279 5144
1279 5162
1279 5287
1279 5377
1279 5519
1279 5654
1279 5754
1279 6286
1279 7499
1279 8519
1279 8681
1279 8788
1279 9948
1279 10048
1279 10156
1279 10298
1279 10463
1279 11431
1279 12303
1279 12491
1279 12617
1279 12763
1279 12780
1279 12886
1279 13216
1279 14587
1279 14939
1279 15285
1279 15436
1279 15471
1279 15673
1279 16664
1279 16696
1279 16900
1279 17008
1279 17573
1279 17626
1280 318
1280 1670
1280 1986
1280 2287
1280 2367
1280 2776
1280 3395
1280 3672
1280 3816
1280 4314
1280 4628
1280 4974
1280 5145
1280 5163
1280 5288
1280 5378
1280 5520
1280 5655
1280 5755
1280 6287
1280 7500
1280 8520
1280 8682
1280 8789
1280 9949
1280 10049
1280 10157
1280 10299
1280 10464
1280 11432
1280 12304
1280 12492
1280 12618
1280 12764
1280 12781
1280 12887
1280 13105
1280 14588
1280 14940
1280 15286
1280 15437
1280 15472
1280 15674
1280 16665
1280 16697
1280 16901
1280 17009
1280 17574
1280 17627
1281 319
1281 1671
1281 1987
1281 2288
1281 2368
1281 2777
1281 3396
1281 3673
1281 3817
1281 4315
1281 4629
1281 4975
1281 5146
1281 5164
1281 5289
1281 5379
1281 5521
1281 5656
1281 5756
1281 6288
1281 7501
1281 8521
1281 8683
1281 8790
1281 9950
1281 10050
1281 10158
1281 10300
1281 10465
1281 11433
1281 12305
1281 12493
1281 12619
1281 12765
1281 12782
1281 12888
1281 13106
1281 14589
1281 14941
1281 15287
1281 15438
1281 15473
1281 15675
1281 16666
1281 16698
1281 16902
1281 17010
1281 17575
1281 17628
1282 320
1282 1672
1282 1988
1282 2289
1282 2369
1282 2778
1282 3397
1282 3674
1282 3818
1282 4316
1282 4630
1282 4976
1282 5147
1282 5165
1282 5290
1282 5380
1282 5522
1282 5657
1282 5757
1282 6289
1282 7502
1282 8522
1282 8684
1282 8791
1282 9951
1282 10051
1282 10159
1282 10301
1282 10466
1282 11434
1282 12306
1282 12494
1282 12620
1282 12766
1282 12783
1282 12889
1282 13107
1282 14590
1282 14942
1282 15288
1282 15439
1282 15474
1282 15676
1282 16667
1282 16699
1282 16903
1282 17011
1282 17576
1282 17629
1283 321
1283 1673
1283 1989
1283 2290
1283 2370
1283 2779
1283 3398
1283 3675
1283 3819
1283 4317
1283 4631
1283 4977
1283 5148
1283 5166
1283 5291
1283 5381
1283 5523
1283 5658
1283 5758
1283 6290
1283 7503
1283 8523
1283 8685
1283 8792
1283 9952
1283 10052
1283 10160
1283 10302
1283 10467
1283 11435
1283 12307
1283 12495
1283 12621
1283 12767
1283 12784
1283 12890
1283 13108
1283 14591
1283 14943
1283 15289
1283 15440
1283 15475
1283 15677
1283 16668
1283 16700
1283 16904
1283 17012
1283 17577
1283 17630
1284 322
1284 1674
1284 1990
1284 2291
1284 2371
1284 2780
1284 3399
1284 3676
1284 3820
1284 4318
1284 4632
1284 4978
1284 5149
1284 5167
1284 5292
1284 5382
1284 5524
1284 5659
1284 5759
1284 6291
1284 7504
1284 8524
1284 8686
1284 8793
1284 9953
1284 10053
1284 10161
1284 10303
1284 10468
1284 11436
1284 12308
1284 12496
1284 12622
1284 12768
1284 12785
1284 12891
1284 13109
1284 14592
1284 14944
1284 15290
1284 15441
1284 15476
1284 15678
1284 16669
1284 16701
1284 16905
1284 17013
1284 17578
1284 17631
1285 323
1285 1675
1285 1991
1285 2292
1285 2372
1285 2781
1285 3400
1285 3677
1285 3821
1285 4319
1285 4633
1285 4979
1285 5150
1285 5168
1285 5293
1285 5383
1285 5525
1285 5660
1285 5760
1285 6292
1285 7393
1285 8525
1285 8687
1285 8794
1285 9954
1285 10054
1285 10162
1285 10304
1285 10469
1285 11437
1285 12309
1285 12497
1285 12623
1285 12657
1285 12786
1285 12892
1285 13110
1285 14593
1285 14945
1285 15291
1285 15442
1285 15477
1285 15679
1285 16670
1285 16702
1285 16906
1285 17014
1285 17579
1285 17632
1286 324
1286 1676
1286 1992
1286 2293
1286 2373
1286 2782
1286 3401
1286 3678
1286 3822
1286 4320
1286 4634
1286 4980
1286 5151
1286 5169
1286 5294
1286 5384
1286 5526
1286 5661
1286 5761
1286 6293
1286 7394
1286 8526
1286 8688
1286 8795
1286 9955
1286 10055
1286 10163
1286 10193
1286 10470
1286 11438
1286 12310
1286 12498
1286 12624
1286 12658
1286 12787
1286 12893
1286 13111
1286 14594
1286 14946
1286 15292
1286 15443
1286 15478
1286 15680
1286 16671
1286 16703
1286 16907
1286 17015
1286 17580
1286 17633
1287 325
1287 1677
1287 1993
1287 2294
1287 2374
1287 2783
1287 3402
1287 3679
1287 3823
1287 4321
1287 4635
1287 4981
1287 5152
1287 5170
1287 5295
1287 5385
1287 5527
1287 5662
1287 5762
1287 6294
1287 7395
1287 8527
1287 8689
1287 8796
1287 9956
1287 10056
1287 10164
1287 10194
1287 10471
1287 11439
1287 12311
1287 12499
1287 12625
1287 12659
1287 12788
1287 12894
1287 13112
1287 14595
1287 14947
1287 15293
1287 15444
1287 15479
1287 15569
1287 16672
1287 16704
1287 16908
1287 17016
1287 17581
1287 17634
1288 326
1288 1678
1288 1994
1288 2295
1288 2375
1288 2784
1288 3403
1288 3680
1288 3824
1288 4322
1288 4636
1288 4982
1288 5041
1288 5171
1288 5296
1288 5386
1288 5528
1288 5663
1288 5763
1288 6295
1288 7396
1288 8528
1288 8690
1288 8797
1288 9957
1288 10057
1288 10165
1288 10195
1288 10472
1288 11440
1288 12312
1288 12500
1288 12626
1288 12660
1288 12789
1288 12895
1288 13113
1288 14596
1288 14948
1288 15294
1288 15445
1288 15480
1288 15570
1288 16673
1288 16705
1288 16909
1288 17017
1288 17582
1288 17635
1289 327
1289 1679
1289 1995
1289 2296
1289 2376
1289 2785
1289 3404
1289 3681
1289 3825
1289 4323
1289 4637
1289 4983
1289 5042
1289 5172
1289 5297
1289 5387
1289 5529
1289 5664
1289 5764
1289 6296
1289 7397
1289 8529
1289 8691
1289 8798
1289 9958
1289 10058
1289 10166
1289 10196
1289 10473
1289 11441
1289 12313
1289 12501
1289 12627
1289 12661
1289 12790
1289 12896
1289 13114
1289 14597
1289 14949
1289 15295
1289 15446
1289 15481
1289 15571
1289 16674
1289 16706
1289 16910
1289 17018
1289 17583
1289 17636
1290 328
1290 1680
1290 1996
1290 2297
1290 2377
1290 2786
1290 3405
1290 3682
1290 3826
1290 4324
1290 4638
1290 4984
1290 5043
1290 5173
1290 5298
1290 5388
1290 5530
1290 5665
1290 5765
1290 6297
1290 7398
1290 8530
1290 8692
1290 8799
1290 9959
1290 10059
1290 10167
1290 10197
1290 10474
1290 11442
1290 12314
1290 12502
1290 12628
1290 12662
1290 12791
1290 12897
1290 13115
1290 14598
1290 14950
1290 15296
1290 15447
1290 15482
1290 15572
1290 16675
1290 16707
1290 16911
1290 17019
1290 17584
1290 17637
1291 329
1291 1569
1291 1997
1291 2298
1291 2378
1291 2787
1291 3406
1291 3683
1291 3827
1291 4325
1291 4639
1291 4985
1291 5044
1291 5174
1291 5299
1291 5389
1291 5531
1291 5666
1291 5766
1291 6298
1291 7399
1291 8531
1291 8693
1291 8800
1291 9960
1291 10060
1291 10168
1291 10198
1291 10475
1291 11443
1291 12315
1291 12503
1291 12629
1291 12663
1291 12792
1291 12898
1291 13116
1291 14599
1291 14951
1291 15297
1291 15448
1291 15483
1291 15573
1291 16676
1291 16708
1291 16912
1291 17020
1291 17473
1291 17638
1292 330
1292 1570
1292 1998
1292 2299
1292 2379
1292 2788
1292 3407
1292 3684
1292 3828
1292 4326
1292 4640
1292 4986
1292 5045
1292 5175
1292 5300
1292 5390
1292 5532
1292 5667
1292 5767
1292 6299
1292 7400
1292 8532
1292 8694
1292 8801
1292 9961
1292 10061
1292 10169
1292 10199
1292 10476
1292 11444
1292 12316
1292 12504
1292 12630
1292 12664
1292 12793
1292 12899
1292 13117
1292 14600
1292 14952
1292 15298
1292 15449
1292 15484
1292 15574
1292 16677
1292 16709
1292 16801
1292 17021
1292 17474
1292 17639
1293 331
1293 1571
1293 1999
1293 2300
1293 2380
1293 2789
1293 3408
1293 3685
1293 3829
1293 4327
1293 4641
1293 4987
1293 5046
1293 5176
1293 5301
1293 5391
1293 5533
1293 5668
1293 5768
1293 6300
1293 7401
1293 8533
1293 8695
1293 8802
1293 9962
1293 10062
1293 10170
1293 10200
1293 10477
1293 11445
1293 12317
1293 12505
1293 12631
1293 12665
1293 12794
1293 12900
1293 13118
1293 14601
1293 14953
1293 15299
1293 15450
1293 15485
1293 15575
1293 16678
1293 16710
1293 16802
1293 17022
1293 17475
1293 17640
1294 332
1294 1572
1294 2000
1294 2301
1294 2381
1294 2790
1294 3409
1294 3686
1294 3830
1294 4328
1294 4642
1294 4988
1294 5047
1294 5177
1294 5302
1294 5392
1294 5534
1294 5669
1294 5769
1294 6301
1294 7402
1294 8534
1294 8696
1294 8803
1294 9963
1294 10063
1294 10171
1294 10201
1294 10478
1294 11446
1294 12318
1294 12506
1294 12632
1294 12666
1294 12795
1294 12901
1294 13119
1294 14602
1294 14954
1294 15300
1294 15451
1294 15486
1294 15576
1294 16679
1294 16711
1294 16803
1294 17023
1294 17476
1294 17641
1295 333
1295 1573
1295 2001
1295 2302
1295 2382
1295 2791
1295 3410
1295 3687
1295 3831
1295 4329
1295 4643
1295 4989
1295 5048
1295 5178
1295 5303
1295 5393
1295 5535
1295 5670
1295 5770
1295 6302
1295 7403
1295 8535
1295 8697
1295 8804
1295 9964
1295 10064
1295 10172
1295 10202
1295 10479
1295 11447
1295 12319
1295 12507
1295 12633
1295 12667
1295 12796
1295 12902
1295 13120
1295 14603
1295 14955
1295 15301
1295 15452
1295 15487
1295 15577
1295 16680
1295 16712
1295 16804
1295 17024
1295 17477
1295 17642
1296 334
1296 1574
1296 2002
1296 2303
1296 2383
1296 2792
1296 3411
1296 3688
1296 3832
1296 4330
1296 4644
1296 4990
1296 5049
1296 5179
1296 5304
1296 5394
1296 5536
1296 5671
1296 5771
1296 6303
1296 7404
1296 8536
1296 8698
1296 8805
1296 9965
1296 10065
1296 10173
1296 10203
1296 10480
1296 11448
1296 12320
1296 12508
1296 12634
1296 12668
1296 12797
1296 12903
1296 13121
1296 14604
1296 14956
1296 15302
1296 15453
1296 15488
1296 15578
1296 16681
1296 16713
1296 16805
1296 16913
1296 17478
1296 17643
1297 335
1297 1575
1297 2003
1297 2304
1297 2384
1297 2793
1297 3412
1297 3689
1297 3833
1297 4331
1297 4645
1297 4991
1297 5050
1297 5180
1297 5305
1297 5395
1297 5537
1297 5672
1297 5772
1297 6304
1297 7405
1297 8537
1297 8699
1297 8806
1297 9966
1297 10066
1297 10174
1297 10204
1297 10481
1297 11449
1297 12209
1297 12509
1297 12635
1297 12669
1297 12798
1297 12904
1297 13122
1297 14605
1297 14957
1297 15303
1297 15454
1297 15489
1297 15579
1297 16682
1297 16714
1297 16806
1297 16914
1297 17479
1297 17644
1298 336
1298 1576
1298 2004
1298 2305
1298 2385
1298 2794
1298 3413
1298 3690
1298 3834
1298 4332
1298 4646
1298 4992
1298 5051
1298 5181
1298 5306
1298 5396
1298 5538
1298 5673
1298 5773
1298 6305
1298 7406
1298 8538
1298 8700
1298 8807
1298 9967
1298 10067
1298 10175
1298 10205
1298 10482
1298 11450
1298 12210
1298 12510
1298 12636
1298 12670
1298 12799
1298 12905
1298 13123
1298 14606
1298 14958
1298 15304
1298 15455
1298 15490
1298 15580
1298 16683
1298 16715
1298 16807
1298 16915
1298 17480
1298 17645
1299 225
1299 1577
1299 2005
1299 2306
1299 2386
1299 2795
1299 3414
1299 3691
1299 3835
1299 4333
1299 4647
1299 4993
1299 5052
1299 5182
1299 5307
1299 5397
1299 5539
1299 5674
1299 5774
1299 6306
1299 7407
1299 8539
1299 8701
1299 8808
1299 9968
1299 10068
1299 10176
1299 10206
1299 10483
1299 11451
1299 12211
1299 12511
1299 12637
1299 12671
1299 12800
1299 12906
1299 13124
1299 14607
1299 14959
1299 15305
1299 15456
1299 15491
1299 15581
1299 16684
1299 16716
1299 16808
1299 16916
1299 17481
1299 17646
1300 226
1300 1578
1300 2006
1300 2307
1300 2387
1300 2796
1300 3415
1300 3692
1300 3836
1300 4334
1300 4648
1300 4994
1300 5053
1300 5183
1300 5308
1300 5398
1300 5540
1300 5675
1300 5775
1300 6307
1300 7408
1300 8540
1300 8702
1300 8809
1300 9857
1300 10069
1300 10177
1300 10207
1300 10484
1300 11452
1300 12212
1300 12512
1300 12638
1300 12672
1300 12801
1300 12907
1300 13125
1300 14608
1300 14960
1300 15306
1300 15345
1300 15492
1300 15582
1300 16685
1300 16717
1300 16809
1300 16917
1300 17482
1300 17647
1301 227
1301 1579
1301 2007
1301 2308
1301 2388
1301 2797
1301 3416
1301 3693
1301 3837
1301 4335
1301 4649
1301 4995
1301 5054
1301 5184
1301 5309
1301 5399
1301 5541
1301 5676
1301 5776
1301 6308
1301 7409
1301 8541
1301 8703
1301 8810
1301 9858
1301 10070
1301 10178
1301 10208
1301 10485
1301 11453
1301 12213
1301 12513
1301 12639
1301 12673
1301 12802
1301 12908
1301 13126
1301 14609
1301 14961
1301 15307
1301 15346
1301 15493
1301 15583
1301 16686
1301 16718
1301 16810
1301 16918
1301 17483
1301 17648
1302 228
1302 1580
1302 2008
1302 2309
1302 2389
1302 2798
1302 3417
1302 3694
1302 3838
1302 4336
1302 4650
1302 4996
1302 5055
1302 5185
1302 5310
1302 5400
1302 5542
1302 5677
1302 5777
1302 6309
1302 7410
1302 8542
1302 8704
1302 8811
1302 9859
1302 10071
1302 10179
1302 10209
1302 10486
1302 11454
1302 12214
1302 12514
1302 12640
1302 12674
1302 12803
1302 12909
1302 13127
1302 14610
1302 14962
1302 15308
1302 15347
1302 15494
1302 15584
1302 16687
1302 16719
1302 16811
1302 16919
1302 17484
1302 17649
1303 229
1303 1581
1303 2009
1303 2310
1303 2390
1303 2799
1303 3418
1303 3695
1303 3839
1303 4337
1303 4651
1303 4997
1303 5056
1303 5186
1303 5311
1303 5401
1303 5543
1303 5678
1303 5778
1303 6310
1303 7411
1303 8543
1303 8705
1303 8812
1303 9860
1303 10072
1303 10180
1303 10210
1303 10487
1303 11455
1303 12215
1303 12515
1303 12641
1303 12675
1303 12804
1303 12910
1303 13128
1303 14611
1303 14963
1303 15309
1303 15348
1303 15495
1303 15585
1303 16688
1303 16720
1303 16812
1303 16920
1303 17485
1303 17650
1304 230
1304 1582
1304 2010
1304 2311
1304 2391
1304 2800
1304 3419
1304 3696
1304 3840
1304 4338
1304 4652
1304 4998
1304 5057
1304 5187
1304 5312
1304 5402
1304 5544
1304 5679
1304 5779
1304 6311
1304 7412
1304 8544
1304 8706
1304 8813
1304 9861
1304 10073
1304 10181
1304 10211
1304 10488
1304 11456
1304 12216
1304 12516
1304 12642
1304 12676
1304 12805
1304 12911
1304 13129
1304 14612
1304 14964
1304 15310
1304 15349
1304 15496
1304 15586
1304 16577
1304 16721
1304 16813
1304 16921
1304 17486
1304 17651
1305 231
1305 1583
1305 2011
1305 2312
1305 2392
1305 2689
1305 3420
1305 3585
1305 3841
1305 4339
1305 4653
1305 4999
1305 5058
1305 5188
1305 5313
1305 5403
1305 5545
1305 5680
1305 5780
1305 6312
1305 7413
1305 8545
1305 8707
1305 8814
1305 9862
1305 10074
1305 10182
1305 10212
1305 10489
1305 11457
1305 12217
1305 12517
1305 12643
1305 12677
1305 12806
1305 12912
1305 13130
1305 14613
1305 14965
1305 15311
1305 15350
1305 15497
1305 15587
1305 16578
1305 16722
1305 16814
1305 16922
1305 17487
1305 17652
1306 232
1306 1584
1306 2012
1306 2313
1306 2393
1306 2690
1306 3421
1306 3586
1306 3842
1306 4340
1306 4654
1306 5000
1306 5059
1306 5189
1306 5314
1306 5404
1306 5546
1306 5681
1306 5781
1306 6313
1306 7414
1306 8546
1306 8708
1306 8815
1306 9863
1306 10075
1306 10183
1306 10213
1306 10490
1306 11458
1306 12218
1306 12518
1306 12644
1306 12678
1306 12807
1306 12913
1306 13131
1306 14614
1306 14966
1306 15312
1306 15351
1306 15498
1306 15588
1306 16579
1306 16723
1306 16815
1306 16923
1306 17488
1306 17653
1307 233
1307 1585
1307 2013
1307 2314
1307 2394
1307 2691
1307 3422
1307 3587
1307 3843
1307 4341
1307 4655
1307 5001
1307 5060
1307 5190
1307 5315
1307 5405
1307 5547
1307 5682
1307 5782
1307 6314
1307 7415
1307 8547
1307 8709
1307 8816
1307 9864
1307 10076
1307 10184
1307 10214
1307 10491
1307 11459
1307 12219
1307 12519
1307 12645
1307 12679
1307 12808
1307 12914
1307 13132
1307 14615
1307 14967
1307 15313
1307 15352
1307 15499
1307 15589
1307 16580
1307 16724
1307 16816
1307 16924
1307 17489
1307 17654
1308 234
1308 1586
1308 2014
1308 2315
1308 2395
1308 2692
1308 3423
1308 3588
1308 3844
1308 4342
1308 4656
1308 5002
1308 5061
1308 5191
1308 5316
1308 5406
1308 5548
1308 5683
1308 5783
1308 6315
1308 7416
1308 8548
1308 8710
1308 8817
1308 9865
1308 10077
1308 10185
1308 10215
1308 10492
1308 11460
1308 12220
1308 12520
1308 12646
1308 12680
1308 12809
1308 12915
1308 13133
1308 14616
1308 14968
1308 15314
1308 15353
1308 15500
1308 15590
1308 16581
1308 16725
1308 16817
1308 16925
1308 17490
1308 17655
1309 235
1309 1587
1309 2015
1309 2316
1309 2396
1309 2693
1309 3424
1309 3589
1309 3845
1309 4343
1309 4657
1309 5003
1309 5062
1309 5192
1309 5317
1309 5407
1309 5549
1309 5684
1309 5784
1309 6316
1309 7417
1309 8549
1309 8711
1309 8818
1309 9866
1309 10078
1309 10186
1309 10216
1309 10493
1309 11461
1309 12221
1309 12521
1309 12647
1309 12681
1309 12810
1309 12916
1309 13134
1309 14617
1309 14969
1309 15315
1309 15354
1309 15501
1309 15591
1309 16582
1309 16726
1309 16818
1309 16926
1309 17491
1309 17656
1310 236
1310 1588
1310 2016
1310 2317
1310 2397
1310 2694
1310 3425
1310 3590
1310 3846
1310 4344
1310 4658
1310 5004
1310 5063
1310 5193
1310 5318
1310 5408
1310 5550
1310 5685
1310 5785
1310 6317
1310 7418
1310 8550
1310 8712
1310 8819
1310 9867
1310 10079
1310 10187
1310 10217
1310 10494
1310 11462
1310 12222
1310 12522
1310 12648
1310 12682
1310 12811
1310 12917
1310 13135
1310 14618
1310 14970
1310 15316
1310 15355
1310 15502
1310 15592
1310 16583
1310 16727
1310 16819
1310 16927
1310 17492
1310 17657
1311 237
1311 1589
1311 1905
1311 2318
1311 2398
1311 2695
1311 3426
1311 3591
1311 3847
1311 4345
1311 4659
1311 5005
1311 5064
1311 5194
1311 5319
1311 5409
1311 5551
1311 5686
1311 5786
1311 6318
1311 7419
1311 8551
1311 8713
1311 8820
1311 9868
1311 10080
1311 10188
1311 10218
1311 10495
1311 11463
1311 12223
1311 12523
1311 12649
1311 12683
1311 12812
1311 12918
1311 13136
1311 14619
1311 14971
1311 15317
1311 15356
1311 15503
1311 15593
1311 16584
1311 16728
1311 16820
1311 16928
1311 17493
1311 17658
1312 238
1312 1590
1312 1906
1312 2319
1312 2399
1312 2696
1312 3427
1312 3592
1312 3848
1312 4346
1312 4660
1312 5006
1312 5065
1312 5195
1312 5320
1312 5410
1312 5552
1312 5687
1312 5787
1312 6319
1312 7420
1312 8552
1312 8714
1312 8821
1312 9869
1312 9969
1312 10189
1312 10219
1312 10496
1312 11464
1312 12224
1312 12524
1312 12650
1312 12684
1312 12813
1312 12919
1312 13137
1312 14620
1312 14972
1312 15318
1312 15357
1312 15504
1312 15594
1312 16585
1312 16729
1312 16821
1312 16929
1312 17494
1312 17659
1313 239
1313 1591
1313 1907
1313 2320
1313 2400
1313 2697
1313 3428
1313 3593
1313 3849
1313 4347
1313 4661
1313 5007
1313 5066
1313 5196
1313 5321
1313 5411
1313 5553
1313 5688
1313 5788
1313 6320
1313 7421
1313 8553
1313 8715
1313 8822
1313 9870
1313 9970
1313 10190
1313 10220
1313 10497
1313 11465
1313 12225
1313 12525
1313 12651
1313 12685
1313 12814
1313 12920
1313 13138
1313 14621
1313 14973
1313 15319
1313 15358
1313 15505
1313 15595
1313 16586
1313 16730
1313 16822
1313 16930
1313 17495
1313 17660
1314 240
1314 1592
1314 1908
1314 2321
1314 2401
1314 2698
1314 3429
1314 3594
1314 3850
1314 4348
1314 4662
1314 5008
1314 5067
1314 5197
1314 5322
1314 5412
1314 5554
1314 5689
1314 5789
1314 6321
1314 7422
1314 8554
1314 8716
1314 8823
1314 9871
1314 9971
1314 10191
1314 10221
1314 10498
1314 11466
1314 12226
1314 12526
1314 12652
1314 12686
1314 12815
1314 12921
1314 13139
1314 14622
1314 14974
1314 15320
1314 15359
1314 15506
1314 15596
1314 16587
1314 16731
1314 16823
1314 16931
1314 17496
1314 17661
1315 241
1315 1593
1315 1909
1315 2322
1315 2402
1315 2699
1315 3430
1315 3595
1315 3851
1315 4349
1315 4663
1315 5009
1315 5068
1315 5198
1315 5323
1315 5413
1315 5555
1315 5690
1315 5790
1315 6322
1315 7423
1315 8555
1315 8717
1315 8824
1315 9872
1315 9972
1315 10192
1315 10222
1315 10499
1315 11467
1315 12227
1315 12527
1315 12653
1315 12687
1315 12816
1315 12922
1315 13140
1315 14623
1315 14975
1315 15321
1315 15360
1315 15507
1315 15597
1315 16588
1315 16732
1315 16824
1315 16932
1315 17497
1315 17662
1316 242
1316 1594
1316 1910
1316 2323
1316 2403
1316 2700
1316 3431
1316 3596
1316 3852
1316 4350
1316 4664
1316 5010
1316 5069
1316 5199
1316 5324
1316 5414
1316 5556
1316 5691
1316 5791
1316 6323
1316 7424
1316 8556
1316 8718
1316 8825
1316 9873
1316 9973
1316 10081
1316 10223
1316 10500
1316 11468
1316 12228
1316 12528
1316 12654
1316 12688
1316 12817
1316 12923
1316 13141
1316 14624
1316 14976
1316 15322
1316 15361
1316 15508
1316 15598
1316 16589
1316 16733
1316 16825
1316 16933
1316 17498
1316 17663
1317 243
1317 1595
1317 1911
1317 2324
1317 2404
1317 2701
1317 3432
1317 3597
1317 3853
1317 4351
1317 4665
1317 5011
1317 5070
1317 5200
1317 5325
1317 5415
1317 5557
1317 5692
1317 5792
1317 6324
1317 7425
1317 8557
1317 8719
1317 8826
1317 9874
1317 9974
1317 10082
1317 10224
1317 10501
1317 11469
1317 12229
1317 12529
1317 12655
1317 12689
1317 12818
1317 12924
1317 13142
1317 14625
1317 14977
1317 15323
1317 15362
1317 15509
1317 15599
1317 16590
1317 16734
1317 16826
1317 16934
1317 17499
1317 17664
1318 244
1318 1596
1318 1912
1318 2325
1318 2405
1318 2702
1318 3433
1318 3598
1318 3854
1318 4352
1318 4666
1318 5012
1318 5071
1318 5201
1318 5326
1318 5416
1318 5558
1318 5693
1318 5793
1318 6325
1318 7426
1318 8558
1318 8720
1318 8827
1318 9875
1318 9975
1318 10083
1318 10225
1318 10502
1318 11470
1318 12230
1318 12530
1318 12656
1318 12690
1318 12819
1318 12925
1318 13143
1318 14626
1318 14978
1318 15324
1318 15363
1318 15510
1318 15600
1318 16591
1318 16735
1318 16827
1318 16935
1318 17500
1318 17665
1319 245
1319 1597
1319 1913
1319 2326
1319 2406
1319 2703
1319 3434
1319 3599
1319 3855
1319 4353
1319 4667
1319 5013
1319 5072
1319 5202
1319 5327
1319 5417
1319 5559
1319 5694
1319 5794
1319 6326
1319 7427
1319 8559
1319 8721
1319 8828
1319 9876
1319 9976
1319 10084
1319 10226
1319 10503
1319 11471
1319 12231
1319 12531
1319 12545
1319 12691
1319 12820
1319 12926
1319 13144
1319 14627
1319 14979
1319 15325
1319 15364
1319 15511
1319 15601
1319 16592
1319 16736
1319 16828
1319 16936
1319 17501
1319 17666
1320 246
1320 1598
1320 1914
1320 2327
1320 2407
1320 2704
1320 3435
1320 3600
1320 3856
1320 4354
1320 4668
1320 5014
1320 5073
1320 5203
1320 5328
1320 5418
1320 5560
1320 5695
1320 5795
1320 6327
1320 7428
1320 8560
1320 8722
1320 8829
1320 9877
1320 9977
1320 10085
1320 10227
1320 10504
1320 11472
1320 12232
1320 12532
1320 12546
1320 12692
1320 12821
1320 12927
1320 13145
1320 14628
1320 14980
1320 15326
1320 15365
1320 15512
1320 15602
1320 16593
1320 16737
1320 16829
1320 16937
1320 17502
1320 17667
1321 247
1321 1599
1321 1915
1321 2328
1321 2408
1321 2705
1321 3436
1321 3601
1321 3857
1321 4355
1321 4669
1321 5015
1321 5074
1321 5204
1321 5329
1321 5419
1321 5561
1321 5696
1321 5796
1321 6328
1321 7429
1321 8561
1321 8723
1321 8830
1321 9878
1321 9978
1321 10086
1321 10228
1321 10505
1321 11473
1321 12233
1321 12533
1321 12547
1321 12693
1321 12822
1321 12928
1321 13146
1321 14629
1321 14981
1321 15327
1321 15366
1321 15513
1321 15603
1321 16594
1321 16738
1321 16830
1321 16938
1321 17503
1321 17668
1322 248
1322 1600
1322 1916
1322 2329
1322 2409
1322 2706
1322 3437
1322 3602
1322 3858
1322 4356
1322 4670
1322 5016
1322 5075
1322 5205
1322 5330
1322 5420
1322 5562
1322 5697
1322 5797
1322 6329
1322 7430
1322 8562
1322 8724
1322 8831
1322 9879
1322 9979
1322 10087
1322 10229
1322 10506
1322 11474
1322 12234
1322 12534
1322 12548
1322 12694
1322 12823
1322 12929
1322 13147
1322 14630
1322 14982
1322 15328
1322 15367
1322 15514
1322 15604
1322 16595
1322 16739
1322 16831
1322 16939
1322 17504
1322 17669
1323 249
1323 1601
1323 1917
1323 2330
1323 2410
1323 2707
1323 3438
1323 3603
1323 3859
1323 4357
1323 4671
1323 5017
1323 5076
1323 5206
1323 5331
1323 5421
1323 5563
1323 5698
1323 5798
1323 6330
1323 7431
1323 8563
1323 8725
1323 8832
1323 9880
1323 9980
1323 10088
1323 10230
1323 10507
1323 11475
1323 12235
1323 12535
1323 12549
1323 12695
1323 12824
1323 12930
1323 13148
1323 14631
1323 14983
1323 15329
1323 15368
1323 15515
1323 15605
1323 16596
1323 16740
1323 16832
1323 16940
1323 17505
1323 17670
1324 250
1324 1602
1324 1918
1324 2331
1324 2411
1324 2708
1324 3439
1324 3604
1324 3860
1324 4358
1324 4672
1324 5018
1324 5077
1324 5207
1324 5332
1324 5422
1324 5564
1324 5699
1324 5799
1324 6331
1324 7432
1324 8564
1324 8726
1324 8833
1324 9881
1324 9981
1324 10089
1324 10231
1324 10508
1324 11476
1324 12236
1324 12536
1324 12550
1324 12696
1324 12825
1324 12931
1324 13149
1324 14632
1324 14984
1324 15330
1324 15369
1324 15516
1324 15606
1324 16597
1324 16741
1324 16833
1324 16941
1324 17506
1324 17671
1325 251
1325 1603
1325 1919
1325 2332
1325 2412
1325 2709
1325 3440
1325 3605
1325 3861
1325 4359
1325 4673
1325 5019
1325 5078
1325 5208
1325 5333
1325 5423
1325 5565
1325 5700
1325 5800
1325 6332
1325 7433
1325 8565
1325 8727
1325 8834
1325 9882
1325 9982
1325 10090
1325 10232
1325 10509
1325 11477
1325 12237
1325 12537
1325 12551
1325 12697
1325 12826
1325 12932
1325 13150
1325 14633
1325 14985
1325 15331
1325 15370
1325 15517
1325 15607
1325 16598
1325 16742
1325 16834
1325 16942
1325 17507
1325 17672
1326 252
1326 1604
1326 1920
1326 2333
1326 2413
1326 2710
1326 3441
1326 3606
1326 3862
1326 4360
1326 4674
1326 5020
1326 5079
1326 5209
1326 5334
1326 5424
1326 5566
1326 5701
1326 5801
1326 6333
1326 7434
1326 8566
1326 8728
1326 8835
1326 9883
1326 9983
1326 10091
1326 10233
1326 10510
1326 11478
1326 12238
1326 12538
1326 12552
1326 12698
1326 12827
1326 12933
1326 13151
1326 14634
1326 14986
1326 15332
1326 15371
1326 15518
1326 15608
1326 16599
1326 16743
1326 16835
1326 16943
1326 17508
1326 17673
1327 253
1327 1605
1327 1921
1327 2334
1327 2414
1327 2711
1327 3442
1327 3607
1327 3863
1327 4361
1327 4675
1327 5021
1327 5080
1327 5210
1327 5335
1327 5425
1327 5567
1327 5702
1327 5802
1327 6334
1327 7435
1327 8567
1327 8729
1327 8836
1327 9884
1327 9984
1327 10092
1327 10234
1327 10511
1327 11479
1327 12239
1327 12539
1327 12553
1327 12699
1327 12828
1327 12934
1327 13152
1327 14635
1327 14987
1327 15333
1327 15372
1327 15519
1327 15609
1327 16600
1327 16744
1327 16836
1327 16944
1327 17509
1327 17674
1328 254
1328 1606
1328 1922
1328 2335
1328 2415
1328 2712
1328 3443
1328 3608
1328 3864
1328 4362
1328 4676
1328 5022
1328 5081
1328 5211
1328 5336
1328 5426
1328 5568
1328 5703
1328 5803
1328 6335
1328 7436
1328 8568
1328 8730
1328 8837
1328 9885
1328 9985
1328 10093
1328 10235
1328 10512
1328 11480
1328 12240
1328 12540
1328 12554
1328 12700
1328 12829
1328 12935
1328 13153
1328 14636
1328 14988
1328 15334
1328 15373
1328 15520
1328 15610
1328 16601
1328 16745
1328 16837
1328 16945
1328 17510
1328 17675
1329 255
1329 1607
1329 1923
1329 2336
1329 2416
1329 2713
1329 3444
1329 3609
1329 3865
1329 4363
1329 4677
1329 5023
1329 5082
1329 5212
1329 5337
1329 5427
1329 5569
1329 5704
1329 5804
1329 6336
1329 7437
1329 8569
1329 8731
1329 8838
1329 9886
1329 9986
1329 10094
1329 10236
1329 10513
1329 11481
1329 12241
1329 12541
1329 12555
1329 12701
1329 12830
1329 12936
1329 13154
1329 14637
1329 14989
1329 15335
1329 15374
1329 15521
1329 15611
1329 16602
1329 16746
1329 16838
1329 16946
1329 17511
1329 17676
1330 256
1330 1608
1330 1924
1330 2337
1330 2417
1330 2714
1330 3445
1330 3610
1330 3866
1330 4364
1330 4678
1330 5024
1330 5083
1330 5213
1330 5338
1330 5428
1330 5570
1330 5705
1330 5805
1330 6337
1330 7438
1330 8570
1330 8732
1330 8839
1330 9887
1330 9987
1330 10095
1330 10237
1330 10514
1330 11482
1330 12242
1330 12542
1330 12556
1330 12702
1330 12831
1330 12937
1330 13155
1330 14638
1330 14990
1330 15336
1330 15375
1330 15522
1330 15612
1330 16603
1330 16747
1330 16839
1330 16947
1330 17512
1330 17677
1331 257
1331 1609
1331 1925
1331 2338
1331 2418
1331 2715
1331 3446
1331 3611
1331 3867
1331 4365
1331 4679
1331 5025
1331 5084
1331 5214
1331 5339
1331 5429
1331 5571
1331 5706
1331 5806
1331 6338
1331 7439
1331 8571
1331 8733
1331 8840
1331 9888
1331 9988
1331 10096
1331 10238
1331 10515
1331 11483
1331 12243
1331 12543
1331 12557
1331 12703
1331 12832
1331 12938
1331 13156
1331 14639
1331 14991
1331 15337
1331 15376
1331 15523
1331 15613
1331 16604
1331 16748
1331 16840
1331 16948
1331 17513
1331 17678
1332 258
1332 1610
1332 1926
1332 2339
1332 2419
1332 2716
1332 3447
1332 3612
1332 3868
1332 4366
1332 4680
1332 5026
1332 5085
1332 5215
1332 5340
1332 5430
1332 5572
1332 5707
1332 5807
1332 6339
1332 7440
1332 8572
1332 8734
1332 8841
1332 9889
1332 9989
1332 10097
1332 10239
1332 10516
1332 11484
1332 12244
1332 12544
1332 12558
1332 12704
1332 12833
1332 12939
1332 13157
1332 14640
1332 14992
1332 15338
1332 15377
1332 15524
1332 15614
1332 16605
1332 16749
1332 16841
1332 16949
1332 17514
1332 17679
1333 259
1333 1611
1333 1927
1333 2340
1333 2420
1333 2717
1333 3448
1333 3613
1333 3869
1333 4367
1333 4681
1333 5027
1333 5086
1333 5216
1333 5341
1333 5431
1333 5573
1333 5708
1333 5808
1333 6340
1333 7441
1333 8573
1333 8735
1333 8842
1333 9890
1333 9990
1333 10098
1333 10240
1333 10517
1333 11485
1333 12245
1333 12433
1333 12559
1333 12705
1333 12834
1333 12940
1333 13158
1333 14641
1333 14993
1333 15339
1333 15378
1333 15525
1333 15615
1333 16606
1333 16750
1333 16842
1333 16950
1333 17515
1333 17680
1334 260
1334 1612
1334 1928
1334 2341
1334 2421
1334 2718
1334 3449
1334 3614
1334 3870
1334 4368
1334 4682
1334 5028
1334 5087
1334 5217
1334 5342
1334 5432
1334 5574
1334 5709
1334 5809
1334 6341
1334 7442
1334 8574
1334 8736
1334 8843
1334 9891
1334 9991
1334 10099
1334 10241
1334 10518
1334 11486
1334 12246
1334 12434
1334 12560
1334 12706
1334 12835
1334 12941
1334 13159
1334 14642
1334 14994
1334 15340
1334 15379
1334 15526
1334 15616
1334 16607
1334 16751
1334 16843
1334 16951
1334 17516
1334 17681
1335 261
1335 1613
1335 1929
1335 2342
1335 2422
1335 2719
1335 3450
1335 3615
1335 3871
1335 4257
1335 4683
1335 5029
1335 5088
1335 5218
1335 5343
1335 5433
1335 5575
1335 5710
1335 5810
1335 6342
1335 7443
1335 8575
1335 8625
1335 8844
1335 9892
1335 9992
1335 10100
1335 10242
1335 10519
1335 11487
1335 12247
1335 12435
1335 12561
1335 12707
1335 12836
1335 12942
1335 13160
1335 14643
1335 14995
1335 15341
1335 15380
1335 15527
1335 15617
1335 16608
1335 16752
1335 16844
1335 16952
1335 17517
1335 17682
1336 262
1336 1614
1336 1930
1336 2343
1336 2423
1336 2720
1336 3451
1336 3616
1336 3872
1336 4258
1336 4684
1336 5030
1336 5089
1336 5219
1336 5344
1336 5434
1336 5576
1336 5711
1336 5811
1336 6343
1336 7444
1336 8576
1336 8626
1336 8845
1336 9893
1336 9993
1336 10101
1336 10243
1336 10520
1336 11488
1336 12248
1336 12436
1336 12562
1336 12708
1336 12837
1336 12943
1336 13161
1336 14644
1336 14996
1336 15342
1336 15381
1336 15528
1336 15618
1336 16609
1336 16753
1336 16845
1336 16953
1336 17518
1336 17683
1337 263
1337 1615
1337 1931
1337 2344
1337 2424
1337 2721
1337 3452
1337 3617
1337 3873
1337 4259
1337 4685
1337 5031
1337 5090
1337 5220
1337 5345
1337 5435
1337 5577
1337 5712
1337 5812
1337 6344
1337 7445
1337 8577
1337 8627
1337 8846
1337 9894
1337 9994
1337 10102
1337 10244
1337 10521
1337 11489
1337 12249
1337 12437
1337 12563
1337 12709
1337 12838
1337 12944
1337 13162
1337 14645
1337 14997
1337 15343
1337 15382
1337 15529
1337 15619
1337 16610
1337 16754
1337 16846
1337 16954
1337 17519
1337 17684
1338 264
1338 1616
1338 1932
1338 2345
1338 2425
1338 2722
1338 3453
1338 3618
1338 3874
1338 4260
1338 4686
1338 5032
1338 5091
1338 5221
1338 5346
1338 5436
1338 5578
1338 5601
1338 5813
1338 6345
1338 7446
1338 8578
1338 8628
1338 8847
1338 9895
1338 9995
1338 10103
1338 10245
1338 10522
1338 11490
1338 12250
1338 12438
1338 12564
1338 12710
1338 12839
1338 12945
1338 13163
1338 14646
1338 14998
1338 15344
1338 15383
1338 15530
1338 15620
1338 16611
1338 16755
1338 16847
1338 16955
1338 17520
1338 17685
1339 265
1339 1617
1339 1933
1339 2346
1339 2426
1339 2723
1339 3454
1339 3619
1339 3875
1339 4261
1339 4687
1339 5033
1339 5092
1339 5222
1339 5347
1339 5437
1339 5579
1339 5602
1339 5814
1339 6346
1339 7447
1339 8579
1339 8629
1339 8848
1339 9896
1339 9996
1339 10104
1339 10246
1339 10523
1339 11491
1339 12251
1339 12439
1339 12565
1339 12711
1339 12840
1339 12946
1339 13164
1339 14647
1339 14999
1339 15233
1339 15384
1339 15531
1339 15621
1339 16612
1339 16756
1339 16848
1339 16956
1339 17521
1339 17686
1340 266
1340 1618
1340 1934
1340 2347
1340 2427
1340 2724
1340 3455
1340 3620
1340 3876
1340 4262
1340 4688
1340 5034
1340 5093
1340 5223
1340 5348
1340 5438
1340 5580
1340 5603
1340 5815
1340 6347
1340 7448
1340 8580
1340 8630
1340 8737
1340 9897
1340 9997
1340 10105
1340 10247
1340 10524
1340 11492
1340 12252
1340 12440
1340 12566
1340 12712
1340 12841
1340 12947
1340 13165
1340 14648
1340 15000
1340 15234
1340 15385
1340 15532
1340 15622
1340 16613
1340 16757
1340 16849
1340 16957
1340 17522
1340 17687
1341 267
1341 1619
1341 1935
1341 2348
1341 2428
1341 2725
1341 3456
1341 3621
1341 3877
1341 4263
1341 4689
1341 5035
1341 5094
1341 5224
1341 5349
1341 5439
1341 5581
1341 5604
1341 5816
1341 6348
1341 7449
1341 8581
1341 8631
1341 8738
1341 9898
1341 9998
1341 10106
1341 10248
1341 10525
1341 11493
1341 12253
1341 12441
1341 12567
1341 12713
1341 12842
1341 12948
1341 13166
1341 14649
1341 15001
1341 15235
1341 15386
1341 15533
1341 15623
1341 16614
1341 16758
1341 16850
1341 16958
1341 17523
1341 17688
1342 268
1342 1620
1342 1936
1342 2349
1342 2429
1342 2726
1342 3457
1342 3622
1342 3878
1342 4264
1342 4690
1342 5036
1342 5095
1342 5225
1342 5350
1342 5440
1342 5582
1342 5605
1342 5817
1342 6349
1342 7450
1342 8582
1342 8632
1342 8739
1342 9899
1342 9999
1342 10107
1342 10249
1342 10526
1342 11494
1342 12254
1342 12442
1342 12568
1342 12714
1342 12843
1342 12949
1342 13167
1342 14650
1342 15002
1342 15236
1342 15387
1342 15534
1342 15624
1342 16615
1342 16759
1342 16851
1342 16959
1342 17524
1342 17689
1343 269
1343 1621
1343 1937
1343 2350
1343 2430
1343 2727
1343 3458
1343 3623
1343 3879
1343 4265
1343 4691
1343 5037
1343 5096
1343 5226
1343 5351
1343 5441
1343 5583
1343 5606
1343 5818
1343 6350
1343 7451
1343 8583
1343 8633
1343 8740
1343 9900
1343 10000
1343 10108
1343 10250
1343 10527
1343 11495
1343 12255
1343 12443
1343 12569
1343 12715
1343 12844
1343 12950
1343 13168
1343 14651
1343 15003
1343 15237
1343 15388
1343 15535
1343 15625
1343 16616
1343 16760
1343 16852
1343 16960
1343 17525
1343 17690
1344 270
1344 1622
1344 1938
1344 2351
1344 2431
1344 2728
1344 3459
1344 3624
1344 3880
1344 4266
1344 4692
1344 5038
1344 5097
1344 5227
1344 5352
1344 5442
1344 5584
1344 5607
1344 5819
1344 6351
1344 7452
1344 8584
1344 8634
1344 8741
1344 9901
1344 10001
1344 10109
1344 10251
1344 10528
1344 11496
1344 12256
1344 12444
1344 12570
1344 12716
1344 12845
1344 12951
1344 13169
1344 14652
1344 15004
1344 15238
1344 15389
1344 15536
1344 15626
1344 16617
1344 16761
1344 16853
1344 16961
1344 17526
1344 17691
1345 776
1345 978
1345 1692
1345 3006
1345 3028
1345 3654
1345 4361
1345 4408
1345 4541
1345 4915
1345 5166
1345 5365
1345 5379
1345 5645
1345 5823
1345 5840
1345 6371
1345 6636
1345 6781
1345 7150
1345 7315
1345 7601
1345 7766
1345 8002
1345 9493
1345 9819
1345 9880
1345 10019
1345 10443
1345 10657
1345 10858
1345 10984
1345 11387
1345 11562
1345 12857
1345 13075
1345 13250
1345 13545
1345 13569
1345 14392
1345 14723
1345 15151
1345 15299
1345 15984
1345 16090
1345 16270
1345 16576
1345 16850
1345 17738
1346 777
1346 979
1346 1693
1346 3007
1346 3029
1346 3655
1346 4362
1346 4409
1346 4542
1346 4916
1346 5167
1346 5366
1346 5380
1346 5646
1346 5824
1346 5841
1346 6372
1346 6637
1346 6782
1346 7151
1346 7316
1346 7602
1346 7767
1346 8003
1346 9494
1346 9820
1346 9881
1346 10020
1346 10444
1346 10658
1346 10859
1346 10985
1346 11388
1346 11563
1346 12858
1346 13076
1346 13251
1346 13546
1346 13570
1346 14393
1346 14724
1346 15152
1346 15300
1346 15985
1346 16091
1346 16271
1346 16465
1346 16851
1346 17739
1347 778
1347 980
1347 1694
1347 3008
1347 3030
1347 3656
1347 4363
1347 4410
1347 4543
1347 4917
1347 5168
1347 5367
1347 5381
1347 5647
1347 5713
1347 5842
1347 6373
1347 6638
1347 6783
1347 7152
1347 7317
1347 7603
1347 7768
1347 8004
1347 9495
1347 9821
1347 9882
1347 10021
1347 10445
1347 10659
1347 10860
1347 10986
1347 11389
1347 11564
1347 12859
1347 13077
1347 13252
1347 13547
1347 13571
1347 14394
1347 14725
1347 15153
1347 15301
1347 15986
1347 16092
1347 16272
1347 16466
1347 16852
1347 17740
1348 779
1348 981
1348 1695
1348 3009
1348 3031
1348 3657
1348 4364
1348 4411
1348 4544
1348 4918
1348 5169
1348 5368
1348 5382
1348 5648
1348 5714
1348 5843
1348 6374
1348 6639
1348 6784
1348 7153
1348 7318
1348 7604
1348 7769
1348 8005
1348 9496
1348 9822
1348 9883
1348 10022
1348 10446
1348 10660
1348 10861
1348 10987
1348 11390
1348 11565
1348 12860
1348 13078
1348 13253
1348 13548
1348 13572
1348 14395
1348 14726
1348 15154
1348 15302
1348 15987
1348 16093
1348 16273
1348 16467
1348 16853
1348 17741
1349 780
1349 982
1349 1696
1349 3010
1349 3032
1349 3658
1349 4365
1349 4412
1349 4545
1349 4919
1349 5170
1349 5369
1349 5383
1349 5649
1349 5715
1349 5844
1349 6375
1349 6640
1349 6785
1349 7154
1349 7319
1349 7605
1349 7770
1349 8006
1349 9497
1349 9823
1349 9884
1349 10023
1349 10447
1349 10661
1349 10862
1349 10988
1349 11391
1349 11566
1349 12861
1349 13079
1349 13254
1349 13549
1349 13573
1349 14396
1349 14727
1349 15155
1349 15303
1349 15988
1349 16094
1349 16274
1349 16468
1349 16854
1349 17742
1350 781
1350 983
1350 1697
1350 3011
1350 3033
1350 3659
1350 4366
1350 4413
1350 4546
1350 4920
1350 5171
1350 5370
1350 5384
1350 5650
1350 5716
1350 5845
1350 6376
1350 6641
1350 6786
1350 7155
1350 7320
1350 7606
1350 7771
1350 8007
1350 9498
1350 9824
1350 9885
1350 10024
1350 10448
1350 10662
1350 10863
1350 10989
1350 11392
1350 11567
1350 12862
1350 13080
1350 13255
1350 13550
1350 13574
1350 14397
1350 14728
1350 15156
1350 15304
1350 15989
1350 16095
1350 16275
1350 16469
1350 16855
1350 17743
1351 782
1351 984
1351 1698
1351 3012
1351 3034
1351 3660
1351 4367
1351 4414
1351 4547
1351 4921
1351 5172
1351 5371
1351 5385
1351 5651
1351 5717
1351 5846
1351 6377
1351 6642
1351 6787
1351 7156
1351 7321
1351 7607
1351 7772
1351 8008
1351 9499
1351 9825
1351 9886
1351 10025
1351 10449
1351 10663
1351 10864
1351 10990
1351 11393
1351 11568
1351 12863
1351 13081
1351 13256
1351 13551
1351 13575
1351 14398
1351 14729
1351 15157
1351 15305
1351 15990
1351 16096
1351 16276
1351 16470
1351 16856
1351 17744
1352 783
1352 985
1352 1699
1352 3013
1352 3035
1352 3661
1352 4368
1352 4415
1352 4548
1352 4922
1352 5173
1352 5372
1352 5386
1352 5652
1352 5718
1352 5847
1352 6378
1352 6643
1352 6788
1352 7157
1352 7322
1352 7608
1352 7773
1352 8009
1352 9500
1352 9826
1352 9887
1352 10026
1352 10450
1352 10664
1352 10753
1352 10991
1352 11394
1352 11569
1352 12864
1352 13082
1352 13257
1352 13552
1352 13576
1352 14399
1352 14730
1352 15158
1352 15306
1352 15991
1352 16097
1352 16277
1352 16471
1352 16857
1352 17745
1353 784
1353 986
1353 1700
1353 3014
1353 3036
1353 3662
1353 4257
1353 4416
1353 4549
1353 4923
1353 5174
1353 5373
1353 5387
1353 5653
1353 5719
1353 5848
1353 6379
1353 6644
1353 6789
1353 7158
1353 7323
1353 7609
1353 7774
1353 8010
1353 9501
1353 9827
1353 9888
1353 10027
1353 10451
1353 10665
1353 10754
1353 10992
1353 11395
1353 11570
1353 12865
1353 13083
1353 13258
1353 13441
1353 13577
1353 14400
1353 14731
1353 15159
1353 15307
1353 15992
1353 16098
1353 16278
1353 16472
1353 16858
1353 17746
1354 673
1354 987
1354 1701
1354 3015
1354 3037
1354 3663
1354 4258
1354 4417
1354 4550
1354 4924
1354 5175
1354 5374
1354 5388
1354 5654
1354 5720
1354 5849
1354 6380
1354 6645
1354 6790
1354 7159
1354 7324
1354 7610
1354 7775
1354 8011
1354 9502
1354 9828
1354 9889
1354 10028
1354 10452
1354 10666
1354 10755
1354 10993
1354 11396
1354 11571
1354 12866
1354 13084
1354 13259
1354 13442
1354 13578
1354 14401
1354 14732
1354 15160
1354 15308
1354 15993
1354 16099
1354 16279
1354 16473
1354 16859
1354 17747
1355 674
1355 988
1355 1702
1355 3016
1355 3038
1355 3664
1355 4259
1355 4418
1355 4551
1355 4925
1355 5176
1355 5375
1355 5389
1355 5655
1355 5721
1355 5850
1355 6381
1355 6646
1355 6791
1355 7160
1355 7325
1355 7611
1355 7776
1355 8012
1355 9503
1355 9829
1355 9890
1355 10029
1355 10453
1355 10667
1355 10756
1355 10994
1355 11397
1355 11572
1355 12867
1355 13085
1355 13260
1355 13443
1355 13579
1355 14402
1355 14733
1355 15161
1355 15309
1355 15994
1355 16100
1355 16280
1355 16474
1355 16860
1355 17748
1356 675
1356 989
1356 1703
1356 3017
1356 3039
1356 3665
1356 4260
1356 4419
1356 4552
1356 4926
1356 5177
1356 5376
1356 5390
1356 5656
1356 5722
1356 5851
1356 6382
1356 6647
1356 6792
1356 7161
1356 7326
1356 7612
1356 7777
1356 8013
1356 9504
1356 9830
1356 9891
1356 10030
1356 10454
1356 10668
1356 10757
1356 10995
1356 11398
1356 11573
1356 12868
1356 13086
1356 13261
1356 13444
1356 13580
1356 14403
1356 14734
1356 15162
1356 15310
1356 15995
1356 16101
1356 16281
1356 16475
1356 16861
1356 17749
1357 676
1357 990
1357 1704
1357 3018
1357 3040
1357 3666
1357 4261
1357 4420
1357 4553
1357 4927
1357 5178
1357 5265
1357 5391
1357 5657
1357 5723
1357 5852
1357 6383
1357 6648
1357 6793
1357 7162
1357 7327
1357 7613
1357 7778
1357 8014
1357 9505
1357 9831
1357 9892
1357 10031
1357 10455
1357 10669
1357 10758
1357 10996
1357 11399
1357 11574
1357 12869
1357 13087
1357 13262
1357 13445
1357 13581
1357 14404
1357 14735
1357 15163
1357 15311
1357 15996
1357 16102
1357 16282
1357 16476
1357 16862
1357 17750
1358 677
1358 991
1358 1705
1358 3019
1358 3041
1358 3667
1358 4262
1358 4421
1358 4554
1358 4928
1358 5179
1358 5266
1358 5392
1358 5658
1358 5724
1358 5853
1358 6384
1358 6649
1358 6794
1358 7163
1358 7328
1358 7614
1358 7779
1358 8015
1358 9506
1358 9832
1358 9893
1358 10032
1358 10456
1358 10670
1358 10759
1358 10997
1358 11400
1358 11575
1358 12870
1358 13088
1358 13263
1358 13446
1358 13582
1358 14405
1358 14736
1358 15164
1358 15312
1358 15997
1358 16103
1358 16283
1358 16477
1358 16863
1358 17751
1359 678
1359 992
1359 1706
1359 3020
1359 3042
1359 3668
1359 4263
1359 4422
1359 4555
1359 4817
1359 5180
1359 5267
1359 5393
1359 5659
1359 5725
1359 5854
1359 6273
1359 6650
1359 6795
1359 7164
1359 7329
1359 7615
1359 7780
1359 8016
1359 9507
1359 9833
1359 9894
1359 10033
1359 10457
1359 10671
1359 10760
1359 10998
1359 11401
1359 11576
1359 12871
1359 13089
1359 13264
1359 13447
1359 13583
1359 14406
1359 14737
1359 15165
1359 15313
1359 15998
1359 16104
1359 16284
1359 16478
1359 16864
1359 17752
1360 679
1360 993
1360 1707
1360 3021
1360 3043
1360 3669
1360 4264
1360 4423
1360 4556
1360 4818
1360 5181
1360 5268
1360 5394
1360 5660
1360 5726
1360 5855
1360 6274
1360 6651
1360 6796
1360 7165
1360 7330
1360 7616
1360 7781
1360 8017
1360 9508
1360 9834
1360 9895
1360 10034
1360 10458
1360 10672
1360 10761
1360 10999
1360 11402
1360 11577
1360 12872
1360 13090
1360 13265
1360 13448
1360 13584
1360 14407
1360 14738
1360 15166
1360 15314
1360 15999
1360 16105
1360 16285
1360 16479
1360 16865
1360 17753
1361 680
1361 994
1361 1708
1361 3022
1361 3044
1361 3670
1361 4265
1361 4424
1361 4557
1361 4819
1361 5182
1361 5269
1361 5395
1361 5661
1361 5727
1361 5856
1361 6275
1361 6652
1361 6797
1361 7166
1361 7331
1361 7505
1361 7782
1361 8018
1361 9509
1361 9835
1361 9896
1361 10035
1361 10459
1361 10673
1361 10762
1361 11000
1361 11403
1361 11578
1361 12873
1361 13091
1361 13266
1361 13449
1361 13585
1361 14408
1361 14739
1361 15167
1361 15315
1361 16000
1361 16106
1361 16286
1361 16480
1361 16866
1361 17754
1362 681
1362 995
1362 1709
1362 3023
1362 3045
1362 3671
1362 4266
1362 4425
1362 4558
1362 4820
1362 5183
1362 5270
1362 5396
1362 5662
1362 5728
1362 5857
1362 6276
1362 6653
1362 6798
1362 7167
1362 7332
1362 7506
1362 7783
1362 8019
1362 9510
1362 9836
1362 9897
1362 10036
1362 10460
1362 10674
1362 10763
1362 11001
1362 11404
1362 11579
1362 12874
1362 13092
1362 13267
1362 13450
1362 13586
1362 14409
1362 14740
1362 15168
1362 15316
1362 16001
1362 16107
1362 16287
1362 16481
1362 16867
1362 17755
1363 682
1363 996
1363 1710
1363 3024
1363 3046
1363 3672
1363 4267
1363 4426
1363 4559
1363 4821
1363 5184
1363 5271
1363 5397
1363 5663
1363 5729
1363 5858
1363 6277
1363 6654
1363 6799
1363 7168
1363 7333
1363 7507
1363 7784
1363 8020
1363 9511
1363 9837
1363 9898
1363 10037
1363 10461
1363 10675
1363 10764
1363 11002
1363 11405
1363 11580
1363 12875
1363 13093
1363 13268
1363 13451
1363 13587
1363 14410
1363 14741
1363 15169
1363 15317
1363 16002
1363 16108
1363 16288
1363 16482
1363 16868
1363 17756
1364 683
1364 997
1364 1711
1364 2913
1364 3047
1364 3673
1364 4268
1364 4427
1364 4560
1364 4822
1364 5185
1364 5272
1364 5398
1364 5664
1364 5730
1364 5859
1364 6278
1364 6655
1364 6800
1364 7057
1364 7334
1364 7508
1364 7785
1364 8021
1364 9512
1364 9838
1364 9899
1364 10038
1364 10462
1364 10676
1364 10765
1364 11003
1364 11406
1364 11581
1364 12876
1364 13094
1364 13269
1364 13452
1364 13588
1364 14411
1364 14742
1364 15170
1364 15318
1364 16003
1364 16109
1364 16289
1364 16483
1364 16869
1364 17757
1365 684
1365 998
1365 1712
1365 2914
1365 3048
1365 3674
1365 4269
1365 4428
1365 4561
1365 4823
1365 5186
1365 5273
1365 5399
1365 5665
1365 5731
1365 5860
1365 6279
1365 6656
1365 6801
1365 7058
1365 7335
1365 7509
1365 7786
1365 8022
1365 9513
1365 9839
1365 9900
1365 10039
1365 10463
1365 10677
1365 10766
1365 11004
1365 11407
1365 11582
1365 12877
1365 13095
1365 13270
1365 13453
1365 13589
1365 14412
1365 14743
1365 15171
1365 15319
1365 16004
1365 16110
1365 16290
1365 16484
1365 16870
1365 17758
1366 685
1366 999
1366 1713
1366 2915
1366 3049
1366 3675
1366 4270
1366 4429
1366 4562
1366 4824
1366 5187
1366 5274
1366 5400
1366 5666
1366 5732
1366 5861
1366 6280
1366 6657
1366 6802
1366 7059
1366 7336
1366 7510
1366 7787
1366 8023
1366 9514
1366 9840
1366 9901
1366 10040
1366 10464
1366 10678
1366 10767
1366 11005
1366 11408
1366 11583
1366 12878
1366 13096
1366 13271
1366 13454
1366 13590
1366 14413
1366 14744
1366 15172
1366 15320
1366 16005
1366 16111
1366 16291
1366 16485
1366 16871
1366 17759
1367 686
1367 1000
1367 1714
1367 2916
1367 3050
1367 3676
1367 4271
1367 4430
1367 4563
1367 4825
1367 5188
1367 5275
1367 5401
1367 5667
1367 5733
1367 5862
1367 6281
1367 6658
1367 6803
1367 7060
1367 7337
1367 7511
1367 7788
1367 8024
1367 9515
1367 9841
1367 9902
1367 10041
1367 10465
1367 10679
1367 10768
1367 11006
1367 11409
1367 11584
1367 12879
1367 13097
1367 13272
1367 13455
1367 13591
1367 14414
1367 14745
1367 15173
1367 15321
1367 16006
1367 16112
1367 16292
1367 16486
1367 16872
1367 17760
1368 687
1368 1001
1368 1715
1368 2917
1368 3051
1368 3677
1368 4272
1368 4431
1368 4564
1368 4826
1368 5189
1368 5276
1368 5402
1368 5668
1368 5734
1368 5863
1368 6282
1368 6659
1368 6804
1368 7061
1368 7338
1368 7512
1368 7789
1368 8025
1368 9516
1368 9842
1368 9903
1368 10042
1368 10466
1368 10680
1368 10769
1368 11007
1368 11410
1368 11585
1368 12880
1368 13098
1368 13273
1368 13456
1368 13592
1368 14415
1368 14746
1368 15174
1368 15322
1368 16007
1368 16113
1368 16293
1368 16487
1368 16873
1368 17761
1369 688
1369 1002
1369 1716
1369 2918
1369 3052
1369 3678
1369 4273
1369 4432
1369 4565
1369 4827
1369 5190
1369 5277
1369 5403
1369 5669
1369 5735
1369 5864
1369 6283
1369 6660
1369 6805
1369 7062
1369 7339
1369 7513
1369 7790
1369 8026
1369 9517
1369 9843
1369 9904
1369 10043
1369 10467
1369 10681
1369 10770
1369 11008
1369 11411
1369 11586
1369 12769
1369 13099
1369 13274
1369 13457
1369 13593
1369 14416
1369 14747
1369 15175
1369 15323
1369 16008
1369 16114
1369 16294
1369 16488
1369 16874
1369 17762
1370 689
1370 1003
1370 1717
1370 2919
1370 3053
1370 3679
1370 4274
1370 4433
1370 4566
1370 4828
1370 5191
1370 5278
1370 5404
1370 5670
1370 5736
1370 5865
1370 6284
1370 6661
1370 6806
1370 7063
1370 7340
1370 7514
1370 7791
1370 8027
1370 9518
1370 9844
1370 9905
1370 10044
1370 10468
1370 10682
1370 10771
1370 11009
1370 11412
1370 11587
1370 12770
1370 13100
1370 13275
1370 13458
1370 13594
1370 14417
1370 14748
1370 15176
1370 15324
1370 16009
1370 16115
1370 16295
1370 16489
1370 16875
1370 17763
1371 690
1371 1004
1371 1718
1371 2920
1371 3054
1371 3680
1371 4275
1371 4434
1371 4567
1371 4829
1371 5192
1371 5279
1371 5405
1371 5671
1371 5737
1371 5866
1371 6285
1371 6662
1371 6807
1371 7064
1371 7341
1371 7515
1371 7792
1371 8028
1371 9519
1371 9845
1371 9906
1371 10045
1371 10469
1371 10683
1371 10772
1371 11010
1371 11413
1371 11588
1371 12771
1371 13101
1371 13276
1371 13459
1371 13595
1371 14418
1371 14749
1371 15177
1371 15325
1371 16010
1371 16116
1371 16296
1371 16490
1371 16876
1371 17764
1372 691
1372 1005
1372 1719
1372 2921
1372 3055
1372 3681
1372 4276
1372 4435
1372 4568
1372 4830
1372 5193
1372 5280
1372 5406
1372 5672
1372 5738
1372 5867
1372 6286
1372 6663
1372 6808
1372 7065
1372 7342
1372 7516
1372 7793
1372 8029
1372 9520
1372 9846
1372 9907
1372 10046
1372 10470
1372 10684
1372 10773
1372 11011
1372 11414
1372 11589
1372 12772
1372 13102
1372 13277
1372 13460
1372 13596
1372 14419
1372 14750
1372 15178
1372 15326
1372 16011
1372 16117
1372 16297
1372 16491
1372 16877
1372 17765
1373 692
1373 1006
1373 1720
1373 2922
1373 3056
1373 3682
1373 4277
1373 4436
1373 4569
1373 4831
1373 5194
1373 5281
1373 5407
1373 5673
1373 5739
1373 5868
1373 6287
1373 6664
1373 6809
1373 7066
1373 7343
1373 7517
1373 7794
1373 8030
1373 9409
1373 9847
1373 9908
1373 10047
1373 10471
1373 10685
1373 10774
1373 11012
1373 11415
1373 11590
1373 12773
1373 13103
1373 13278
1373 13461
1373 13597
1373 14420
1373 14751
1373 15179
1373 15327
1373 16012
1373 16118
1373 16298
1373 16492
1373 16878
1373 17766
1374 693
1374 1007
1374 1721
1374 2923
1374 3057
1374 3683
1374 4278
1374 4437
1374 4570
1374 4832
1374 5195
1374 5282
1374 5408
1374 5674
1374 5740
1374 5869
1374 6288
1374 6665
1374 6810
1374 7067
1374 7344
1374 7518
1374 7795
1374 8031
1374 9410
1374 9848
1374 9909
1374 10048
1374 10472
1374 10686
1374 10775
1374 11013
1374 11416
1374 11591
1374 12774
1374 13104
1374 13279
1374 13462
1374 13598
1374 14421
1374 14752
1374 15180
1374 15328
1374 16013
1374 16119
1374 16299
1374 16493
1374 16879
1374 17767
1375 694
1375 1008
1375 1722
1375 2924
1375 3058
1375 3684
1375 4279
1375 4438
1375 4571
1375 4833
1375 5196
1375 5283
1375 5409
1375 5675
1375 5741
1375 5870
1375 6289
1375 6666
1375 6811
1375 7068
1375 7345
1375 7519
1375 7796
1375 8032
1375 9411
1375 9849
1375 9910
1375 10049
1375 10473
1375 10687
1375 10776
1375 11014
1375 11417
1375 11592
1375 12775
1375 12993
1375 13280
1375 13463
1375 13599
1375 14422
1375 14753
1375 15181
1375 15329
1375 16014
1375 16120
1375 16300
1375 16494
1375 16880
1375 17768
1376 695
1376 897
1376 1723
1376 2925
1376 3059
1376 3685
1376 4280
1376 4439
1376 4572
1376 4834
1376 5197
1376 5284
1376 5410
1376 5676
1376 5742
1376 5871
1376 6290
1376 6667
1376 6812
1376 7069
1376 7346
1376 7520
1376 7797
1376 8033
1376 9412
1376 9850
1376 9911
1376 10050
1376 10474
1376 10688
1376 10777
1376 11015
1376 11418
1376 11593
1376 12776
1376 12994
1376 13281
1376 13464
1376 13600
1376 14423
1376 14754
1376 15182
1376 15330
1376 16015
1376 16121
1376 16301
1376 16495
1376 16881
1376 17769
1377 696
1377 898
1377 1724
1377 2926
1377 3060
1377 3686
1377 4281
1377 4440
1377 4573
1377 4835
1377 5198
1377 5285
1377 5411
1377 5677
1377 5743
1377 5872
1377 6291
1377 6668
1377 6813
1377 7070
1377 7347
1377 7521
1377 7798
1377 8034
1377 9413
1377 9851
1377 9912
1377 10051
1377 10475
1377 10689
1377 10778
1377 11016
1377 11419
1377 11594
1377 12777
1377 12995
1377 13282
1377 13465
1377 13601
1377 14424
1377 14755
1377 15183
1377 15331
1377 16016
1377 16122
1377 16302
1377 16496
1377 16882
1377 17770
1378 697
1378 899
1378 1725
1378 2927
1378 3061
1378 3687
1378 4282
1378 4441
1378 4574
1378 4836
1378 5199
1378 5286
1378 5412
1378 5678
1378 5744
1378 5873
1378 6292
1378 6669
1378 6814
1378 7071
1378 7348
1378 7522
1378 7799
1378 8035
1378 9414
1378 9852
1378 9913
1378 10052
1378 10476
1378 10690
1378 10779
1378 11017
1378 11420
1378 11595
1378 12778
1378 12996
1378 13283
1378 13466
1378 13602
1378 14425
1378 14756
1378 15184
1378 15332
1378 15905
1378 16123
1378 16303
1378 16497
1378 16883
1378 17771
1379 698
1379 900
1379 1726
1379 2928
1379 3062
1379 3688
1379 4283
1379 4442
1379 4575
1379 4837
1379 5200
1379 5287
1379 5413
1379 5679
1379 5745
1379 5874
1379 6293
1379 6670
1379 6815
1379 7072
1379 7349
1379 7523
1379 7800
1379 8036
1379 9415
1379 9853
1379 9914
1379 10053
1379 10477
1379 10691
1379 10780
1379 11018
1379 11421
1379 11596
1379 12779
1379 12997
1379 13284
1379 13467
1379 13603
1379 14426
1379 14757
1379 15185
1379 15333
1379 15906
1379 16124
1379 16304
1379 16498
1379 16884
1379 17772
1380 699
1380 901
1380 1727
1380 2929
1380 3063
1380 3689
1380 4284
1380 4443
1380 4576
1380 4838
1380 5201
1380 5288
1380 5414
1380 5680
1380 5746
1380 5875
1380 6294
1380 6671
1380 6816
1380 7073
1380 7350
1380 7524
1380 7801
1380 8037
1380 9416
1380 9854
1380 9915
1380 10054
1380 10478
1380 10692
1380 10781
1380 11019
1380 11422
1380 11597
1380 12780
1380 12998
1380 13285
1380 13468
1380 13604
1380 14427
1380 14758
1380 15186
1380 15334
1380 15907
1380 16125
1380 16305
1380 16499
1380 16885
1380 17773
1381 700
1381 902
1381 1728
1381 2930
1381 3064
1381 3690
1381 4285
1381 4444
1381 4577
1381 4839
1381 5202
1381 5289
1381 5415
1381 5681
1381 5747
1381 5876
1381 6295
1381 6672
1381 6817
1381 7074
1381 7351
1381 7525
1381 7802
1381 8038
1381 9417
1381 9855
1381 9916
1381 10055
1381 10479
1381 10693
1381 10782
1381 11020
1381 11423
1381 11598
1381 12781
1381 12999
1381 13286
1381 13469
1381 13605
1381 14428
1381 14759
1381 15187
1381 15335
1381 15908
1381 16126
1381 16306
1381 16500
1381 16886
1381 17774
1382 701
1382 903
1382 1729
1382 2931
1382 3065
1382 3691
1382 4286
1382 4445
1382 4578
1382 4840
1382 5203
1382 5290
1382 5416
1382 5682
1382 5748
1382 5877
1382 6296
1382 6673
1382 6818
1382 7075
1382 7352
1382 7526
1382 7803
1382 8039
1382 9418
1382 9856
1382 9917
1382 10056
1382 10480
1382 10694
1382 10783
1382 11021
1382 11424
1382 11599
1382 12782
1382 13000
1382 13287
1382 13470
1382 13606
1382 14429
1382 14760
1382 15188
1382 15336
1382 15909
1382 16127
1382 16307
1382 16501
1382 16887
1382 17775
1383 702
1383 904
1383 1730
1383 2932
1383 3066
1383 3692
1383 4287
1383 4446
1383 4579
1383 4841
1383 5204
1383 5291
1383 5417
1383 5683
1383 5749
1383 5878
1383 6297
1383 6674
1383 6819
1383 7076
1383 7353
1383 7527
1383 7804
1383 8040
1383 9419
1383 9745
1383 9918
1383 10057
1383 10481
1383 10695
1383 10784
1383 11022
1383 11313
1383 11600
1383 12783
1383 13001
1383 13288
1383 13471
1383 13607
1383 14430
1383 14761
1383 15189
1383 15337
1383 15910
1383 16128
1383 16308
1383 16502
1383 16888
1383 17776
1384 703
1384 905
1384 1731
1384 2933
1384 3067
1384 3693
1384 4288
1384 4447
1384 4580
1384 4842
1384 5205
1384 5292
1384 5418
1384 5684
1384 5750
1384 5879
1384 6298
1384 6675
1384 6820
1384 7077
1384 7354
1384 7528
1384 7805
1384 8041
1384 9420
1384 9746
1384 9919
1384 10058
1384 10482
1384 10696
1384 10785
1384 11023
1384 11314
1384 11601
1384 12784
1384 13002
1384 13289
1384 13472
1384 13608
1384 14431
1384 14762
1384 15190
1384 15338
1384 15911
1384 16017
1384 16309
1384 16503
1384 16889
1384 17777
1385 704
1385 906
1385 1732
1385 2934
1385 3068
1385 3694
1385 4289
1385 4448
1385 4581
1385 4843
1385 5206
1385 5293
1385 5419
1385 5685
1385 5751
1385 5880
1385 6299
1385 6676
1385 6821
1385 7078
1385 7355
1385 7529
1385 7806
1385 8042
1385 9421
1385 9747
1385 9920
1385 10059
1385 10483
1385 10697
1385 10786
1385 11024
1385 11315
1385 11602
1385 12785
1385 13003
1385 13290
1385 13473
1385 13609
1385 14432
1385 14763
1385 15191
1385 15339
1385 15912
1385 16018
1385 16310
1385 16504
1385 16890
1385 17778
1386 705
1386 907
1386 1733
1386 2935
1386 3069
1386 3695
1386 4290
1386 4449
1386 4582
1386 4844
1386 5207
1386 5294
1386 5420
1386 5686
1386 5752
1386 5881
1386 6300
1386 6677
1386 6822
1386 7079
1386 7356
1386 7530
1386 7807
1386 8043
1386 9422
1386 9748
1386 9921
1386 10060
1386 10484
1386 10698
1386 10787
1386 11025
1386 11316
1386 11603
1386 12786
1386 13004
1386 13291
1386 13474
1386 13610
1386 14433
1386 14764
1386 15192
1386 15340
1386 15913
1386 16019
1386 16311
1386 16505
1386 16891
1386 17779
1387 706
1387 908
1387 1734
1387 2936
1387 3070
1387 3696
1387 4291
1387 4450
1387 4583
1387 4845
1387 5208
1387 5295
1387 5421
1387 5687
1387 5753
1387 5882
1387 6301
1387 6678
1387 6823
1387 7080
1387 7357
1387 7531
1387 7808
1387 8044
1387 9423
1387 9749
1387 9922
1387 10061
1387 10485
1387 10699
1387 10788
1387 11026
1387 11317
1387 11604
1387 12787
1387 13005
1387 13292
1387 13475
1387 13611
1387 14434
1387 14765
1387 15193
1387 15341
1387 15914
1387 16020
1387 16312
1387 16506
1387 16892
1387 17780
1388 707
1388 909
1388 1735
1388 2937
1388 3071
1388 3585
1388 4292
1388 4451
1388 4584
1388 4846
1388 5209
1388 5296
1388 5422
1388 5688
1388 5754
1388 5883
1388 6302
1388 6679
1388 6824
1388 7081
1388 7358
1388 7532
1388 7809
1388 8045
1388 9424
1388 9750
1388 9923
1388 10062
1388 10486
1388 10700
1388 10789
1388 11027
1388 11318
1388 11605
1388 12788
1388 13006
1388 13293
1388 13476
1388 13612
1388 14435
1388 14766
1388 15194
1388 15342
1388 15915
1388 16021
1388 16313
1388 16507
1388 16893
1388 17781
1389 708
1389 910
1389 1736
1389 2938
1389 3072
1389 3586
1389 4293
1389 4452
1389 4585
1389 4847
1389 5210
1389 5297
1389 5423
1389 5689
1389 5755
1389 5884
1389 6303
1389 6680
1389 6825
1389 7082
1389 7359
1389 7533
1389 7810
1389 8046
1389 9425
1389 9751
1389 9924
1389 10063
1389 10487
1389 10701
1389 10790
1389 11028
1389 11319
1389 11606
1389 12789
1389 13007
1389 13294
1389 13477
1389 13613
1389 14436
1389 14767
1389 15195
1389 15343
1389 15916
1389 16022
1389 16314
1389 16508
1389 16894
1389 17782
1390 709
1390 911
1390 1737
1390 2939
1390 3073
1390 3587
1390 4294
1390 4453
1390 4586
1390 4848
1390 5211
1390 5298
1390 5424
1390 5690
1390 5756
1390 5885
1390 6304
1390 6681
1390 6826
1390 7083
1390 7360
1390 7534
1390 7811
1390 8047
1390 9426
1390 9752
1390 9925
1390 10064
1390 10488
1390 10702
1390 10791
1390 11029
1390 11320
1390 11607
1390 12790
1390 13008
1390 13295
1390 13478
1390 13614
1390 14437
1390 14768
1390 15196
1390 15344
1390 15917
1390 16023
1390 16315
1390 16509
1390 16895
1390 17783
1391 710
1391 912
1391 1738
1391 2940
1391 3074
1391 3588
1391 4295
1391 4454
1391 4587
1391 4849
1391 5212
1391 5299
1391 5425
1391 5691
1391 5757
1391 5886
1391 6305
1391 6682
1391 6827
1391 7084
1391 7361
1391 7535
1391 7812
1391 8048
1391 9427
1391 9753
1391 9926
1391 10065
1391 10489
1391 10703
1391 10792
1391 11030
1391 11321
1391 11608
1391 12791
1391 13009
1391 13296
1391 13479
1391 13615
1391 14438
1391 14769
1391 15197
1391 15233
1391 15918
1391 16024
1391 16316
1391 16510
1391 16896
1391 17784
1392 711
1392 913
1392 1739
1392 2941
1392 3075
1392 3589
1392 4296
1392 4455
1392 4588
1392 4850
1392 5213
1392 5300
1392 5426
1392 5692
1392 5758
1392 5887
1392 6306
1392 6683
1392 6828
1392 7085
1392 7362
1392 7536
1392 7813
1392 8049
1392 9428
1392 9754
1392 9927
1392 10066
1392 10490
1392 10704
1392 10793
1392 11031
1392 11322
1392 11609
1392 12792
1392 13010
1392 13297
1392 13480
1392 13616
1392 14439
1392 14770
1392 15198
1392 15234
1392 15919
1392 16025
1392 16317
1392 16511
1392 16897
1392 17785
1393 712
1393 914
1393 1740
1393 2942
1393 3076
1393 3590
1393 4297
1393 4456
1393 4589
1393 4851
1393 5214
1393 5301
1393 5427
1393 5693
1393 5759
1393 5888
1393 6307
1393 6684
1393 6829
1393 7086
1393 7363
1393 7537
1393 7814
1393 8050
1393 9429
1393 9755
1393 9928
1393 10067
1393 10491
1393 10705
1393 10794
1393 11032
1393 11323
1393 11610
1393 12793
1393 13011
1393 13298
1393 13481
1393 13617
1393 14440
1393 14771
1393 15199
1393 15235
1393 15920
1393 16026
1393 16318
1393 16512
1393 16898
1393 17786
1394 713
1394 915
1394 1741
1394 2943
1394 3077
1394 3591
1394 4298
1394 4457
1394 4590
1394 4852
1394 5215
1394 5302
1394 5428
1394 5694
1394 5760
1394 5889
1394 6308
1394 6685
1394 6830
1394 7087
1394 7364
1394 7538
1394 7815
1394 8051
1394 9430
1394 9756
1394 9929
1394 10068
1394 10492
1394 10706
1394 10795
1394 11033
1394 11324
1394 11611
1394 12794
1394 13012
1394 13299
1394 13482
1394 13618
1394 14441
1394 14772
1394 15200
1394 15236
1394 15921
1394 16027
1394 16319
1394 16513
1394 16899
1394 17787
1395 714
1395 916
1395 1742
1395 2944
1395 3078
1395 3592
1395 4299
1395 4458
1395 4591
1395 4853
1395 5216
1395 5303
1395 5429
1395 5695
1395 5761
1395 5890
1395 6309
1395 6686
1395 6831
1395 7088
1395 7365
1395 7539
1395 7816
1395 8052
1395 9431
1395 9757
1395 9930
1395 10069
1395 10493
1395 10707
1395 10796
1395 11034
1395 11325
1395 11612
1395 12795
1395 13013
1395 13300
1395 13483
1395 13619
1395 14442
1395 14773
1395 15201
1395 15237
1395 15922
1395 16028
1395 16320
1395 16514
1395 16900
1395 17788
1396 715
1396 917
1396 1743
1396 2945
1396 3079
1396 3593
1396 4300
1396 4459
1396 4592
1396 4854
1396 5217
1396 5304
1396 5430
1396 5696
1396 5762
1396 5891
1396 6310
1396 6687
1396 6832
1396 7089
1396 7366
1396 7540
1396 7817
1396 8053
1396 9432
1396 9758
1396 9931
1396 10070
1396 10494
1396 10708
1396 10797
1396 11035
1396 11326
1396 11613
1396 12796
1396 13014
1396 13301
1396 13484
1396 13620
1396 14443
1396 14774
1396 15202
1396 15238
1396 15923
1396 16029
1396 16321
1396 16515
1396 16901
1396 17789
1397 716
1397 918
1397 1744
1397 2946
1397 3080
1397 3594
1397 4301
1397 4460
1397 4481
1397 4855
1397 5218
1397 5305
1397 5431
1397 5697
1397 5763
1397 5892
1397 6311
1397 6688
1397 6721
1397 7090
1397 7367
1397 7541
1397 7818
1397 8054
1397 9433
1397 9759
1397 9932
1397 10071
1397 10495
1397 10709
1397 10798
1397 11036
1397 11327
1397 11614
1397 12797
1397 13015
1397 13302
1397 13485
1397 13621
1397 14444
1397 14775
1397 15203
1397 15239
1397 15924
1397 16030
1397 16322
1397 16516
1397 16902
1397 17790
1398 717
1398 919
1398 1745
1398 2947
1398 3081
1398 3595
1398 4302
1398 4461
1398 4482
1398 4856
1398 5219
1398 5306
1398 5432
1398 5698
1398 5764
1398 5893
1398 6312
1398 6689
1398 6722
1398 7091
1398 7368
1398 7542
1398 7819
1398 8055
1398 9434
1398 9760
1398 9933
1398 10072
1398 10496
1398 10710
1398 10799
1398 11037
1398 11328
1398 11615
1398 12798
1398 13016
1398 13303
1398 13486
1398 13622
1398 14445
1398 14776
1398 15204
1398 15240
1398 15925
1398 16031
1398 16323
1398 16517
1398 16903
1398 17791
1399 718
1399 920
1399 1746
1399 2948
1399 3082
1399 3596
1399 4303
1399 4462
1399 4483
1399 4857
1399 5220
1399 5307
1399 5433
1399 5699
1399 5765
1399 5894
1399 6313
1399 6690
1399 6723
1399 7092
1399 7369
1399 7543
1399 7820
1399 8056
1399 9435
1399 9761
1399 9934
1399 10073
1399 10497
1399 10711
1399 10800
1399 11038
1399 11329
1399 11616
1399 12799
1399 13017
1399 13304
1399 13487
1399 13623
1399 14446
1399 14777
1399 15205
1399 15241
1399 15926
1399 16032
1399 16324
1399 16518
1399 16904
1399 17792
1400 719
1400 921
1400 1747
1400 2949
1400 3083
1400 3597
1400 4304
1400 4463
1400 4484
1400 4858
1400 5221
1400 5308
1400 5434
1400 5700
1400 5766
1400 5895
1400 6314
1400 6691
1400 6724
1400 7093
1400 7370
1400 7544
1400 7821
1400 8057
1400 9436
1400 9762
1400 9935
1400 10074
1400 10498
1400 10712
1400 10801
1400 11039
1400 11330
1400 11617
1400 12800
1400 13018
1400 13305
1400 13488
1400 13624
1400 14447
1400 14778
1400 15206
1400 15242
1400 15927
1400 16033
1400 16325
1400 16519
1400 16905
1400 17793
1401 720
1401 922
1401 1748
1401 2950
1401 3084
1401 3598
1401 4305
1401 4464
1401 4485
1401 4859
1401 5222
1401 5309
1401 5435
1401 5701
1401 5767
1401 5896
1401 6315
1401 6692
1401 6725
1401 7094
1401 7371
1401 7545
1401 7822
1401 8058
1401 9437
1401 9763
1401 9936
1401 10075
1401 10499
1401 10713
1401 10802
1401 11040
1401 11331
1401 11618
1401 12801
1401 13019
1401 13306
1401 13489
1401 13625
1401 14448
1401 14779
1401 15207
1401 15243
1401 15928
1401 16034
1401 16326
1401 16520
1401 16906
1401 17794
1402 721
1402 923
1402 1749
1402 2951
1402 3085
1402 3599
1402 4306
1402 4465
1402 4486
1402 4860
1402 5223
1402 5310
1402 5436
1402 5702
1402 5768
1402 5897
1402 6316
1402 6693
1402 6726
1402 7095
1402 7372
1402 7546
1402 7823
1402 8059
1402 9438
1402 9764
1402 9937
1402 10076
1402 10500
1402 10714
1402 10803
1402 11041
1402 11332
1402 11619
1402 12802
1402 13020
1402 13307
1402 13490
1402 13626
1402 14337
1402 14780
1402 15208
1402 15244
1402 15929
1402 16035
1402 16327
1402 16521
1402 16907
1402 17795
1403 722
1403 924
1403 1750
1403 2952
1403 3086
1403 3600
1403 4307
1403 4466
1403 4487
1403 4861
1403 5224
1403 5311
1403 5437
1403 5703
1403 5769
1403 5898
1403 6317
1403 6694
1403 6727
1403 7096
1403 7373
1403 7547
1403 7824
1403 8060
1403 9439
1403 9765
1403 9938
1403 10077
1403 10501
1403 10715
1403 10804
1403 11042
1403 11333
1403 11620
1403 12803
1403 13021
1403 13308
1403 13491
1403 13627
1403 14338
1403 14781
1403 15209
1403 15245
1403 15930
1403 16036
1403 16328
1403 16522
1403 16908
1403 17796
1404 723
1404 925
1404 1751
1404 2953
1404 3087
1404 3601
1404 4308
1404 4467
1404 4488
1404 4862
1404 5225
1404 5312
1404 5438
1404 5704
1404 5770
1404 5899
1404 6318
1404 6695
1404 6728
1404 7097
1404 7374
1404 7548
1404 7825
1404 8061
1404 9440
1404 9766
1404 9939
1404 10078
1404 10502
1404 10716
1404 10805
1404 11043
1404 11334
1404 11621
1404 12804
1404 13022
1404 13309
1404 13492
1404 13628
1404 14339
1404 14782
1404 15210
1404 15246
1404 15931
1404 16037
1404 16329
1404 16523
1404 16909
1404 17797
1405 724
1405 926
1405 1752
1405 2954
1405 3088
1405 3602
1405 4309
1405 4468
1405 4489
1405 4863
1405 5226
1405 5313
1405 5439
1405 5705
1405 5771
1405 5900
1405 6319
1405 6696
1405 6729
1405 7098
1405 7375
1405 7549
1405 7826
1405 8062
1405 9441
1405 9767
1405 9940
1405 10079
1405 10503
1405 10717
1405 10806
1405 11044
1405 11335
1405 11622
1405 12805
1405 13023
1405 13310
1405 13493
1405 13629
1405 14340
1405 14783
1405 15211
1405 15247
1405 15932
1405 16038
1405 16330
1405 16524
1405 16910
1405 17798
1406 725
1406 927
1406 1753
1406 2955
1406 3089
1406 3603
1406 4310
1406 4469
1406 4490
1406 4864
1406 5227
1406 5314
1406 5440
1406 5706
1406 5772
1406 5901
1406 6320
1406 6697
1406 6730
1406 7099
1406 7376
1406 7550
1406 7827
1406 8063
1406 9442
1406 9768
1406 9941
1406 10080
1406 10504
1406 10718
1406 10807
1406 11045
1406 11336
1406 11623
1406 12806
1406 13024
1406 13311
1406 13494
1406 13630
1406 14341
1406 14784
1406 15212
1406 15248
1406 15933
1406 16039
1406 16331
1406 16525
1406 16911
1406 17799
1407 726
1407 928
1407 1754
1407 2956
1407 3090
1407 3604
1407 4311
1407 4470
1407 4491
1407 4865
1407 5228
1407 5315
1407 5441
1407 5707
1407 5773
1407 5902
1407 6321
1407 6698
1407 6731
1407 7100
1407 7377
1407 7551
1407 7828
1407 8064
1407 9443
1407 9769
1407 9942
1407 9969
1407 10505
1407 10719
1407 10808
1407 11046
1407 11337
1407 11624
1407 12807
1407 13025
1407 13312
1407 13495
1407 13631
1407 14342
1407 14673
1407 15213
1407 15249
1407 15934
1407 16040
1407 16332
1407 16526
1407 16912
1407 17800
1408 727
1408 929
1408 1755
1408 2957
1408 3091
1408 3605
1408 4312
1408 4471
1408 4492
1408 4866
1408 5229
1408 5316
1408 5442
1408 5708
1408 5774
1408 5903
1408 6322
1408 6699
1408 6732
1408 7101
1408 7378
1408 7552
1408 7829
1408 7953
1408 9444
1408 9770
1408 9943
1408 9970
1408 10506
1408 10720
1408 10809
1408 11047
1408 11338
1408 11625
1408 12808
1408 13026
1408 13313
1408 13496
1408 13632
1408 14343
1408 14674
1408 15214
1408 15250
1408 15935
1408 16041
1408 16333
1408 16527
1408 16801
1408 17801
1409 728
1409 930
1409 1756
1409 2958
1409 3092
1409 3606
1409 4313
1409 4472
1409 4493
1409 4867
1409 5230
1409 5317
1409 5443
1409 5709
1409 5775
1409 5904
1409 6323
1409 6700
1409 6733
1409 7102
1409 7379
1409 7553
1409 7830
1409 7954
1409 9445
1409 9771
1409 9944
1409 9971
1409 10507
1409 10721
1409 10810
1409 11048
1409 11339
1409 11626
1409 12809
1409 13027
1409 13314
1409 13497
1409 13633
1409 14344
1409 14675
1409 15215
1409 15251
1409 15936
1409 16042
1409 16334
1409 16528
1409 16802
1409 17802
1410 729
1410 931
1410 1757
1410 2959
1410 3093
1410 3607
1410 4314
1410 4473
1410 4494
1410 4868
1410 5231
1410 5318
1410 5444
1410 5710
1410 5776
1410 5905
1410 6324
1410 6701
1410 6734
1410 7103
1410 7380
1410 7554
1410 7831
1410 7955
1410 9446
1410 9772
1410 9945
1410 9972
1410 10508
1410 10722
1410 10811
1410 11049
1410 11340
1410 11627
1410 12810
1410 13028
1410 13315
1410 13498
1410 13634
1410 14345
1410 14676
1410 15216
1410 15252
1410 15937
1410 16043
1410 16335
1410 16529
1410 16803
1410 17803
1411 730
1411 932
1411 1758
1411 2960
1411 3094
1411 3608
1411 4315
1411 4474
1411 4495
1411 4869
1411 5232
1411 5319
1411 5445
1411 5711
1411 5777
1411 5906
1411 6325
1411 6702
1411 6735
1411 7104
1411 7381
1411 7555
1411 7832
1411 7956
1411 9447
1411 9773
1411 9946
1411 9973
1411 10509
1411 10723
1411 10812
1411 11050
1411 11341
1411 11628
1411 12811
1411 13029
1411 13316
1411 13499
1411 13635
1411 14346
1411 14677
1411 15217
1411 15253
1411 15938
1411 16044
1411 16336
1411 16530
1411 16804
1411 17804
1412 731
1412 933
1412 1759
1412 2961
1412 3095
1412 3609
1412 4316
1412 4475
1412 4496
1412 4870
1412 5233
1412 5320
1412 5446
1412 5712
1412 5778
1412 5907
1412 6326
1412 6703
1412 6736
1412 7105
1412 7382
1412 7556
1412 7833
1412 7957
1412 9448
1412 9774
1412 9947
1412 9974
1412 10510
1412 10724
1412 10813
1412 11051
1412 11342
1412 11629
1412 12812
1412 13030
1412 13317
1412 13500
1412 13636
1412 14347
1412 14678
1412 15218
1412 15254
1412 15939
1412 16045
1412 16337
1412 16531
1412 16805
1412 17805
1413 732
1413 934
1413 1760
1413 2962
1413 3096
1413 3610
1413 4317
1413 4476
1413 4497
1413 4871
1413 5234
1413 5321
1413 5447
1413 5601
1413 5779
1413 5908
1413 6327
1413 6704
1413 6737
1413 7106
1413 7383
1413 7557
1413 7834
1413 7958
1413 9449
1413 9775
1413 9948
1413 9975
1413 10511
1413 10725
1413 10814
1413 11052
1413 11343
1413 11630
1413 12813
1413 13031
1413 13318
1413 13501
1413 13637
1413 14348
1413 14679
1413 15219
1413 15255
1413 15940
1413 16046
1413 16338
1413 16532
1413 16806
1413 17806
1414 733
1414 935
1414 1761
1414 2963
1414 3097
1414 3611
1414 4318
1414 4477
1414 4498
1414 4872
1414 5235
1414 5322
1414 5448
1414 5602
1414 5780
1414 5909
1414 6328
1414 6705
1414 6738
1414 7107
1414 7384
1414 7558
1414 7835
1414 7959
1414 9450
1414 9776
1414 9949
1414 9976
1414 10512
1414 10726
1414 10815
1414 11053
1414 11344
1414 11631
1414 12814
1414 13032
1414 13319
1414 13502
1414 13638
1414 14349
1414 14680
1414 15220
1414 15256
1414 15941
1414 16047
1414 16339
1414 16533
1414 16807
1414 17807
1415 734
1415 936
1415 1762
1415 2964
1415 3098
1415 3612
1415 4319
1415 4478
1415 4499
1415 4873
1415 5236
1415 5323
1415 5449
1415 5603
1415 5781
1415 5910
1415 6329
1415 6706
1415 6739
1415 7108
1415 7385
1415 7559
1415 7836
1415 7960
1415 9451
1415 9777
1415 9950
1415 9977
1415 10513
1415 10727
1415 10816
1415 11054
1415 11345
1415 11632
1415 12815
1415 13033
1415 13320
1415 13503
1415 13639
1415 14350
1415 14681
1415 15221
1415 15257
1415 15942
1415 16048
1415 16340
1415 16534
1415 16808
1415 17808
1416 735
1416 937
1416 1763
1416 2965
1416 3099
1416 3613
1416 4320
1416 4479
1416 4500
1416 4874
1416 5237
1416 5324
1416 5450
1416 5604
1416 5782
1416 5911
1416 6330
1416 6707
1416 6740
1416 7109
1416 7386
1416 7560
1416 7837
1416 7961
1416 9452
1416 9778
1416 9951
1416 9978
1416 10514
1416 10728
1416 10817
1416 11055
1416 11346
1416 11633
1416 12816
1416 13034
1416 13321
1416 13504
1416 13640
1416 14351
1416 14682
1416 15222
1416 15258
1416 15943
1416 16049
1416 16341
1416 16535
1416 16809
1416 17697
1417 736
1417 938
1417 1764
1417 2966
1417 3100
1417 3614
1417 4321
1417 4480
1417 4501
1417 4875
1417 5238
1417 5325
1417 5451
1417 5605
1417 5783
1417 5912
1417 6331
1417 6708
1417 6741
1417 7110
1417 7387
1417 7561
1417 7838
1417 7962
1417 9453
1417 9779
1417 9952
1417 9979
1417 10515
1417 10729
1417 10818
1417 11056
1417 11347
1417 11634
1417 12817
1417 13035
1417 13322
1417 13505
1417 13641
1417 14352
1417 14683
1417 15223
1417 15259
1417 15944
1417 16050
1417 16342
1417 16536
1417 16810
1417 17698
1418 737
1418 939
1418 1765
1418 2967
1418 3101
1418 3615
1418 4322
1418 4369
1418 4502
1418 4876
1418 5239
1418 5326
1418 5452
1418 5606
1418 5784
1418 5913
1418 6332
1418 6709
1418 6742
1418 7111
1418 7388
1418 7562
1418 7839
1418 7963
1418 9454
1418 9780
1418 9953
1418 9980
1418 10516
1418 10730
1418 10819
1418 11057
1418 11348
1418 11635
1418 12818
1418 13036
1418 13323
1418 13506
1418 13642
1418 14353
1418 14684
1418 15224
1418 15260
1418 15945
1418 16051
1418 16343
1418 16537
1418 16811
1418 17699
1419 738
1419 940
1419 1766
1419 2968
1419 3102
1419 3616
1419 4323
1419 4370
1419 4503
1419 4877
1419 5240
1419 5327
1419 5453
1419 5607
1419 5785
1419 5914
1419 6333
1419 6710
1419 6743
1419 7112
1419 7389
1419 7563
1419 7840
1419 7964
1419 9455
1419 9781
1419 9954
1419 9981
1419 10517
1419 10731
1419 10820
1419 11058
1419 11349
1419 11636
1419 12819
1419 13037
1419 13324
1419 13507
1419 13643
1419 14354
1419 14685
1419 15225
1419 15261
1419 15946
1419 16052
1419 16344
1419 16538
1419 16812
1419 17700
1420 739
1420 941
1420 1767
1420 2969
1420 3103
1420 3617
1420 4324
1420 4371
1420 4504
1420 4878
1420 5241
1420 5328
1420 5454
1420 5608
1420 5786
1420 5915
1420 6334
1420 6711
1420 6744
1420 7113
1420 7390
1420 7564
1420 7729
1420 7965
1420 9456
1420 9782
1420 9955
1420 9982
1420 10518
1420 10732
1420 10821
1420 11059
1420 11350
1420 11637
1420 12820
1420 13038
1420 13325
1420 13508
1420 13644
1420 14355
1420 14686
1420 15226
1420 15262
1420 15947
1420 16053
1420 16345
1420 16539
1420 16813
1420 17701
1421 740
1421 942
1421 1768
1421 2970
1421 3104
1421 3618
1421 4325
1421 4372
1421 4505
1421 4879
1421 5242
1421 5329
1421 5455
1421 5609
1421 5787
1421 5916
1421 6335
1421 6712
1421 6745
1421 7114
1421 7391
1421 7565
1421 7730
1421 7966
1421 9457
1421 9783
1421 9956
1421 9983
1421 10519
1421 10733
1421 10822
1421 11060
1421 11351
1421 11638
1421 12821
1421 13039
1421 13326
1421 13509
1421 13645
1421 14356
1421 14687
1421 15227
1421 15263
1421 15948
1421 16054
1421 16346
1421 16540
1421 16814
1421 17702
1422 741
1422 943
1422 1769
1422 2971
1422 3105
1422 3619
1422 4326
1422 4373
1422 4506
1422 4880
1422 5243
1422 5330
1422 5456
1422 5610
1422 5788
1422 5917
1422 6336
1422 6713
1422 6746
1422 7115
1422 7392
1422 7566
1422 7731
1422 7967
1422 9458
1422 9784
1422 9957
1422 9984
1422 10520
1422 10734
1422 10823
1422 11061
1422 11352
1422 11639
1422 12822
1422 13040
1422 13327
1422 13510
1422 13646
1422 14357
1422 14688
1422 15228
1422 15264
1422 15949
1422 16055
1422 16347
1422 16541
1422 16815
1422 17703
1423 742
1423 944
1423 1770
1423 2972
1423 3106
1423 3620
1423 4327
1423 4374
1423 4507
1423 4881
1423 5244
1423 5331
1423 5457
1423 5611
1423 5789
1423 5918
1423 6337
1423 6714
1423 6747
1423 7116
1423 7281
1423 7567
1423 7732
1423 7968
1423 9459
1423 9785
1423 9958
1423 9985
1423 10521
1423 10735
1423 10824
1423 11062
1423 11353
1423 11640
1423 12823
1423 13041
1423 13328
1423 13511
1423 13647
1423 14358
1423 14689
1423 15229
1423 15265
1423 15950
1423 16056
1423 16348
1423 16542
1423 16816
1423 17704
1424 743
1424 945
1424 1771
1424 2973
1424 3107
1424 3621
1424 4328
1424 4375
1424 4508
1424 4882
1424 5245
1424 5332
1424 5458
1424 5612
1424 5790
1424 5919
1424 6338
1424 6715
1424 6748
1424 7117
1424 7282
1424 7568
1424 7733
1424 7969
1424 9460
1424 9786
1424 9959
1424 9986
1424 10522
1424 10736
1424 10825
1424 11063
1424 11354
1424 11641
1424 12824
1424 13042
1424 13217
1424 13512
1424 13648
1424 14359
1424 14690
1424 15230
1424 15266
1424 15951
1424 16057
1424 16349
1424 16543
1424 16817
1424 17705
1425 744
1425 946
1425 1772
1425 2974
1425 3108
1425 3622
1425 4329
1425 4376
1425 4509
1425 4883
1425 5246
1425 5333
1425 5459
1425 5613
1425 5791
1425 5920
1425 6339
1425 6716
1425 6749
1425 7118
1425 7283
1425 7569
1425 7734
1425 7970
1425 9461
1425 9787
1425 9960
1425 9987
1425 10523
1425 10737
1425 10826
1425 11064
1425 11355
1425 11642
1425 12825
1425 13043
1425 13218
1425 13513
1425 13649
1425 14360
1425 14691
1425 15231
1425 15267
1425 15952
1425 16058
1425 16350
1425 16544
1425 16818
1425 17706
1426 745
1426 947
1426 1773
1426 2975
1426 3109
1426 3623
1426 4330
1426 4377
1426 4510
1426 4884
1426 5247
1426 5334
1426 5460
1426 5614
1426 5792
1426 5921
1426 6340
1426 6717
1426 6750
1426 7119
1426 7284
1426 7570
1426 7735
1426 7971
1426 9462
1426 9788
1426 9961
1426 9988
1426 10524
1426 10738
1426 10827
1426 11065
1426 11356
1426 11643
1426 12826
1426 13044
1426 13219
1426 13514
1426 13650
1426 14361
1426 14692
1426 15232
1426 15268
1426 15953
1426 16059
1426 16351
1426 16545
1426 16819
1426 17707
1427 746
1427 948
1427 1774
1427 2976
1427 3110
1427 3624
1427 4331
1427 4378
1427 4511
1427 4885
1427 5248
1427 5335
1427 5461
1427 5615
1427 5793
1427 5922
1427 6341
1427 6718
1427 6751
1427 7120
1427 7285
1427 7571
1427 7736
1427 7972
1427 9463
1427 9789
1427 9962
1427 9989
1427 10525
1427 10739
1427 10828
1427 11066
1427 11357
1427 11644
1427 12827
1427 13045
1427 13220
1427 13515
1427 13651
1427 14362
1427 14693
1427 15121
1427 15269
1427 15954
1427 16060
1427 16352
1427 16546
1427 16820
1427 17708
1428 747
1428 949
1428 1775
1428 2977
1428 3111
1428 3625
1428 4332
1428 4379
1428 4512
1428 4886
1428 5249
1428 5336
1428 5462
1428 5616
1428 5794
1428 5923
1428 6342
1428 6719
1428 6752
1428 7121
1428 7286
1428 7572
1428 7737
1428 7973
1428 9464
1428 9790
1428 9963
1428 9990
1428 10526
1428 10740
1428 10829
1428 11067
1428 11358
1428 11645
1428 12828
1428 13046
1428 13221
1428 13516
1428 13652
1428 14363
1428 14694
1428 15122
1428 15270
1428 15955
1428 16061
1428 16241
1428 16547
1428 16821
1428 17709
1429 748
1429 950
1429 1776
1429 2978
1429 3112
1429 3626
1429 4333
1429 4380
1429 4513
1429 4887
1429 5250
1429 5337
1429 5463
1429 5617
1429 5795
1429 5924
1429 6343
1429 6720
1429 6753
1429 7122
1429 7287
1429 7573
1429 7738
1429 7974
1429 9465
1429 9791
1429 9964
1429 9991
1429 10527
1429 10741
1429 10830
1429 11068
1429 11359
1429 11646
1429 12829
1429 13047
1429 13222
1429 13517
1429 13653
1429 14364
1429 14695
1429 15123
1429 15271
1429 15956
1429 16062
1429 16242
1429 16548
1429 16822
1429 17710
1430 749
1430 951
1430 1777
1430 2979
1430 3113
1430 3627
1430 4334
1430 4381
1430 4514
1430 4888
1430 5251
1430 5338
1430 5464
1430 5618
1430 5796
1430 5925
1430 6344
1430 6609
1430 6754
1430 7123
1430 7288
1430 7574
1430 7739
1430 7975
1430 9466
1430 9792
1430 9965
1430 9992
1430 10528
1430 10742
1430 10831
1430 11069
1430 11360
1430 11647
1430 12830
1430 13048
1430 13223
1430 13518
1430 13654
1430 14365
1430 14696
1430 15124
1430 15272
1430 15957
1430 16063
1430 16243
1430 16549
1430 16823
1430 17711
1431 750
1431 952
1431 1778
1431 2980
1431 3114
1431 3628
1431 4335
1431 4382
1431 4515
1431 4889
1431 5252
1431 5339
1431 5465
1431 5619
1431 5797
1431 5926
1431 6345
1431 6610
1431 6755
1431 7124
1431 7289
1431 7575
1431 7740
1431 7976
1431 9467
1431 9793
1431 9966
1431 9993
1431 10417
1431 10743
1431 10832
1431 11070
1431 11361
1431 11648
1431 12831
1431 13049
1431 13224
1431 13519
1431 13655
1431 14366
1431 14697
1431 15125
1431 15273
1431 15958
1431 16064
1431 16244
1431 16550
1431 16824
1431 17712
1432 751
1432 953
1432 1779
1432 2981
1432 3115
1432 3629
1432 4336
1432 4383
1432 4516
1432 4890
1432 5253
1432 5340
1432 5466
1432 5620
1432 5798
1432 5927
1432 6346
1432 6611
1432 6756
1432 7125
1432 7290
1432 7576
1432 7741
1432 7977
1432 9468
1432 9794
1432 9967
1432 9994
1432 10418
1432 10744
1432 10833
1432 11071
1432 11362
1432 11537
1432 12832
1432 13050
1432 13225
1432 13520
1432 13656
1432 14367
1432 14698
1432 15126
1432 15274
1432 15959
1432 16065
1432 16245
1432 16551
1432 16825
1432 17713
1433 752
1433 954
1433 1780
1433 2982
1433 3116
1433 3630
1433 4337
1433 4384
1433 4517
1433 4891
1433 5254
1433 5341
1433 5467
1433 5621
1433 5799
1433 5928
1433 6347
1433 6612
1433 6757
1433 7126
1433 7291
1433 7577
1433 7742
1433 7978
1433 9469
1433 9795
1433 9968
1433 9995
1433 10419
1433 10745
1433 10834
1433 11072
1433 11363
1433 11538
1433 12833
1433 13051
1433 13226
1433 13521
1433 13657
1433 14368
1433 14699
1433 15127
1433 15275
1433 15960
1433 16066
1433 16246
1433 16552
1433 16826
1433 17714
1434 753
1434 955
1434 1781
1434 2983
1434 3117
1434 3631
1434 4338
1434 4385
1434 4518
1434 4892
1434 5255
1434 5342
1434 5468
1434 5622
1434 5800
1434 5929
1434 6348
1434 6613
1434 6758
1434 7127
1434 7292
1434 7578
1434 7743
1434 7979
1434 9470
1434 9796
1434 9857
1434 9996
1434 10420
1434 10746
1434 10835
1434 11073
1434 11364
1434 11539
1434 12834
1434 13052
1434 13227
1434 13522
1434 13658
1434 14369
1434 14700
1434 15128
1434 15276
1434 15961
1434 16067
1434 16247
1434 16553
1434 16827
1434 17715
1435 754
1435 956
1435 1782
1435 2984
1435 3118
1435 3632
1435 4339
1435 4386
1435 4519
1435 4893
1435 5256
1435 5343
1435 5469
1435 5623
1435 5801
1435 5930
1435 6349
1435 6614
1435 6759
1435 7128
1435 7293
1435 7579
1435 7744
1435 7980
1435 9471
1435 9797
1435 9858
1435 9997
1435 10421
1435 10747
1435 10836
1435 11074
1435 11365
1435 11540
1435 12835
1435 13053
1435 13228
1435 13523
1435 13659
1435 14370
1435 14701
1435 15129
1435 15277
1435 15962
1435 16068
1435 16248
1435 16554
1435 16828
1435 17716
1436 755
1436 957
1436 1783
1436 2985
1436 3119
1436 3633
1436 4340
1436 4387
1436 4520
1436 4894
1436 5257
1436 5344
1436 5470
1436 5624
1436 5802
1436 5931
1436 6350
1436 6615
1436 6760
1436 7129
1436 7294
1436 7580
1436 7745
1436 7981
1436 9472
1436 9798
1436 9859
1436 9998
1436 10422
1436 10748
1436 10837
1436 11075
1436 11366
1436 11541
1436 12836
1436 13054
1436 13229
1436 13524
1436 13660
1436 14371
1436 14702
1436 15130
1436 15278
1436 15963
1436 16069
1436 16249
1436 16555
1436 16829
1436 17717
1437 756
1437 958
1437 1784
1437 2986
1437 3120
1437 3634
1437 4341
1437 4388
1437 4521
1437 4895
1437 5258
1437 5345
1437 5471
1437 5625
1437 5803
1437 5932
1437 6351
1437 6616
1437 6761
1437 7130
1437 7295
1437 7581
1437 7746
1437 7982
1437 9473
1437 9799
1437 9860
1437 9999
1437 10423
1437 10749
1437 10838
1437 11076
1437 11367
1437 11542
1437 12837
1437 13055
1437 13230
1437 13525
1437 13661
1437 14372
1437 14703
1437 15131
1437 15279
1437 15964
1437 16070
1437 16250
1437 16556
1437 16830
1437 17718
1438 757
1438 959
1438 1785
1438 2987
1438 3121
1438 3635
1438 4342
1438 4389
1438 4522
1438 4896
1438 5259
1438 5346
1438 5472
1438 5626
1438 5804
1438 5933
1438 6352
1438 6617
1438 6762
1438 7131
1438 7296
1438 7582
1438 7747
1438 7983
1438 9474
1438 9800
1438 9861
1438 10000
1438 10424
1438 10750
1438 10839
1438 11077
1438 11368
1438 11543
1438 12838
1438 13056
1438 13231
1438 13526
1438 13662
1438 14373
1438 14704
1438 15132
1438 15280
1438 15965
1438 16071
1438 16251
1438 16557
1438 16831
1438 17719
1439 758
1439 960
1439 1786
1439 2988
1439 3122
1439 3636
1439 4343
1439 4390
1439 4523
1439 4897
1439 5260
1439 5347
1439 5473
1439 5627
1439 5805
1439 5934
1439 6353
1439 6618
1439 6763
1439 7132
1439 7297
1439 7583
1439 7748
1439 7984
1439 9475
1439 9801
1439 9862
1439 10001
1439 10425
1439 10751
1439 10840
1439 11078
1439 11369
1439 11544
1439 12839
1439 13057
1439 13232
1439 13527
1439 13663
1439 14374
1439 14705
1439 15133
1439 15281
1439 15966
1439 16072
1439 16252
1439 16558
1439 16832
1439 17720
1440 759
1440 961
1440 1787
1440 2989
1440 3123
1440 3637
1440 4344
1440 4391
1440 4524
1440 4898
1440 5261
1440 5348
1440 5474
1440 5628
1440 5806
1440 5935
1440 6354
1440 6619
1440 6764
1440 7133
1440 7298
1440 7584
1440 7749
1440 7985
1440 9476
1440 9802
1440 9863
1440 10002
1440 10426
1440 10752
1440 10841
1440 11079
1440 11370
1440 11545
1440 12840
1440 13058
1440 13233
1440 13528
1440 13664
1440 14375
1440 14706
1440 15134
1440 15282
1440 15967
1440 16073
1440 16253
1440 16559
1440 16833
1440 17721
1441 760
1441 962
1441 1788
1441 2990
1441 3124
1441 3638
1441 4345
1441 4392
1441 4525
1441 4899
1441 5262
1441 5349
1441 5475
1441 5629
1441 5807
1441 5936
1441 6355
1441 6620
1441 6765
1441 7134
1441 7299
1441 7585
1441 7750
1441 7986
1441 9477
1441 9803
1441 9864
1441 10003
1441 10427
1441 10641
1441 10842
1441 11080
1441 11371
1441 11546
1441 12841
1441 13059
1441 13234
1441 13529
1441 13553
1441 14376
1441 14707
1441 15135
1441 15283
1441 15968
1441 16074
1441 16254
1441 16560
1441 16834
1441 17722
1442 761
1442 963
1442 1789
1442 2991
1442 3125
1442 3639
1442 4346
1442 4393
1442 4526
1442 4900
1442 5263
1442 5350
1442 5476
1442 5630
1442 5808
1442 5825
1442 6356
1442 6621
1442 6766
1442 7135
1442 7300
1442 7586
1442 7751
1442 7987
1442 9478
1442 9804
1442 9865
1442 10004
1442 10428
1442 10642
1442 10843
1442 11081
1442 11372
1442 11547
1442 12842
1442 13060
1442 13235
1442 13530
1442 13554
1442 14377
1442 14708
1442 15136
1442 15284
1442 15969
1442 16075
1442 16255
1442 16561
1442 16835
1442 17723
1443 762
1443 964
1443 1790
1443 2992
1443 3126
1443 3640
1443 4347
1443 4394
1443 4527
1443 4901
1443 5264
1443 5351
1443 5477
1443 5631
1443 5809
1443 5826
1443 6357
1443 6622
1443 6767
1443 7136
1443 7301
1443 7587
1443 7752
1443 7988
1443 9479
1443 9805
1443 9866
1443 10005
1443 10429
1443 10643
1443 10844
1443 11082
1443 11373
1443 11548
1443 12843
1443 13061
1443 13236
1443 13531
1443 13555
1443 14378
1443 14709
1443 15137
1443 15285
1443 15970
1443 16076
1443 16256
1443 16562
1443 16836
1443 17724
1444 763
1444 965
1444 1791
1444 2993
1444 3127
1444 3641
1444 4348
1444 4395
1444 4528
1444 4902
1444 5153
1444 5352
1444 5478
1444 5632
1444 5810
1444 5827
1444 6358
1444 6623
1444 6768
1444 7137
1444 7302
1444 7588
1444 7753
1444 7989
1444 9480
1444 9806
1444 9867
1444 10006
1444 10430
1444 10644
1444 10845
1444 11083
1444 11374
1444 11549
1444 12844
1444 13062
1444 13237
1444 13532
1444 13556
1444 14379
1444 14710
1444 15138
1444 15286
1444 15971
1444 16077
1444 16257
1444 16563
1444 16837
1444 17725
1445 764
1445 966
1445 1792
1445 2994
1445 3128
1445 3642
1445 4349
1445 4396
1445 4529
1445 4903
1445 5154
1445 5353
1445 5479
1445 5633
1445 5811
1445 5828
1445 6359
1445 6624
1445 6769
1445 7138
1445 7303
1445 7589
1445 7754
1445 7990
1445 9481
1445 9807
1445 9868
1445 10007
1445 10431
1445 10645
1445 10846
1445 11084
1445 11375
1445 11550
1445 12845
1445 13063
1445 13238
1445 13533
1445 13557
1445 14380
1445 14711
1445 15139
1445 15287
1445 15972
1445 16078
1445 16258
1445 16564
1445 16838
1445 17726
1446 765
1446 967
1446 1681
1446 2995
1446 3129
1446 3643
1446 4350
1446 4397
1446 4530
1446 4904
1446 5155
1446 5354
1446 5480
1446 5634
1446 5812
1446 5829
1446 6360
1446 6625
1446 6770
1446 7139
1446 7304
1446 7590
1446 7755
1446 7991
1446 9482
1446 9808
1446 9869
1446 10008
1446 10432
1446 10646
1446 10847
1446 11085
1446 11376
1446 11551
1446 12846
1446 13064
1446 13239
1446 13534
1446 13558
1446 14381
1446 14712
1446 15140
1446 15288
1446 15973
1446 16079
1446 16259
1446 16565
1446 16839
1446 17727
1447 766
1447 968
1447 1682
1447 2996
1447 3130
1447 3644
1447 4351
1447 4398
1447 4531
1447 4905
1447 5156
1447 5355
1447 5481
1447 5635
1447 5813
1447 5830
1447 6361
1447 6626
1447 6771
1447 7140
1447 7305
1447 7591
1447 7756
1447 7992
1447 9483
1447 9809
1447 9870
1447 10009
1447 10433
1447 10647
1447 10848
1447 11086
1447 11377
1447 11552
1447 12847
1447 13065
1447 13240
1447 13535
1447 13559
1447 14382
1447 14713
1447 15141
1447 15289
1447 15974
1447 16080
1447 16260
1447 16566
1447 16840
1447 17728
1448 767
1448 969
1448 1683
1448 2997
1448 3131
1448 3645
1448 4352
1448 4399
1448 4532
1448 4906
1448 5157
1448 5356
1448 5482
1448 5636
1448 5814
1448 5831
1448 6362
1448 6627
1448 6772
1448 7141
1448 7306
1448 7592
1448 7757
1448 7993
1448 9484
1448 9810
1448 9871
1448 10010
1448 10434
1448 10648
1448 10849
1448 11087
1448 11378
1448 11553
1448 12848
1448 13066
1448 13241
1448 13536
1448 13560
1448 14383
1448 14714
1448 15142
1448 15290
1448 15975
1448 16081
1448 16261
1448 16567
1448 16841
1448 17729
1449 768
1449 970
1449 1684
1449 2998
1449 3132
1449 3646
1449 4353
1449 4400
1449 4533
1449 4907
1449 5158
1449 5357
1449 5483
1449 5637
1449 5815
1449 5832
1449 6363
1449 6628
1449 6773
1449 7142
1449 7307
1449 7593
1449 7758
1449 7994
1449 9485
1449 9811
1449 9872
1449 10011
1449 10435
1449 10649
1449 10850
1449 11088
1449 11379
1449 11554
1449 12849
1449 13067
1449 13242
1449 13537
1449 13561
1449 14384
1449 14715
1449 15143
1449 15291
1449 15976
1449 16082
1449 16262
1449 16568
1449 16842
1449 17730
1450 769
1450 971
1450 1685
1450 2999
1450 3133
1450 3647
1450 4354
1450 4401
1450 4534
1450 4908
1450 5159
1450 5358
1450 5484
1450 5638
1450 5816
1450 5833
1450 6364
1450 6629
1450 6774
1450 7143
1450 7308
1450 7594
1450 7759
1450 7995
1450 9486
1450 9812
1450 9873
1450 10012
1450 10436
1450 10650
1450 10851
1450 10977
1450 11380
1450 11555
1450 12850
1450 13068
1450 13243
1450 13538
1450 13562
1450 14385
1450 14716
1450 15144
1450 15292
1450 15977
1450 16083
1450 16263
1450 16569
1450 16843
1450 17731
1451 770
1451 972
1451 1686
1451 3000
1451 3134
1451 3648
1451 4355
1451 4402
1451 4535
1451 4909
1451 5160
1451 5359
1451 5485
1451 5639
1451 5817
1451 5834
1451 6365
1451 6630
1451 6775
1451 7144
1451 7309
1451 7595
1451 7760
1451 7996
1451 9487
1451 9813
1451 9874
1451 10013
1451 10437
1451 10651
1451 10852
1451 10978
1451 11381
1451 11556
1451 12851
1451 13069
1451 13244
1451 13539
1451 13563
1451 14386
1451 14717
1451 15145
1451 15293
1451 15978
1451 16084
1451 16264
1451 16570
1451 16844
1451 17732
1452 771
1452 973
1452 1687
1452 3001
1452 3135
1452 3649
1452 4356
1452 4403
1452 4536
1452 4910
1452 5161
1452 5360
1452 5486
1452 5640
1452 5818
1452 5835
1452 6366
1452 6631
1452 6776
1452 7145
1452 7310
1452 7596
1452 7761
1452 7997
1452 9488
1452 9814
1452 9875
1452 10014
1452 10438
1452 10652
1452 10853
1452 10979
1452 11382
1452 11557
1452 12852
1452 13070
1452 13245
1452 13540
1452 13564
1452 14387
1452 14718
1452 15146
1452 15294
1452 15979
1452 16085
1452 16265
1452 16571
1452 16845
1452 17733
1453 772
1453 974
1453 1688
1453 3002
1453 3136
1453 3650
1453 4357
1453 4404
1453 4537
1453 4911
1453 5162
1453 5361
1453 5487
1453 5641
1453 5819
1453 5836
1453 6367
1453 6632
1453 6777
1453 7146
1453 7311
1453 7597
1453 7762
1453 7998
1453 9489
1453 9815
1453 9876
1453 10015
1453 10439
1453 10653
1453 10854
1453 10980
1453 11383
1453 11558
1453 12853
1453 13071
1453 13246
1453 13541
1453 13565
1453 14388
1453 14719
1453 15147
1453 15295
1453 15980
1453 16086
1453 16266
1453 16572
1453 16846
1453 17734
1454 773
1454 975
1454 1689
1454 3003
1454 3025
1454 3651
1454 4358
1454 4405
1454 4538
1454 4912
1454 5163
1454 5362
1454 5488
1454 5642
1454 5820
1454 5837
1454 6368
1454 6633
1454 6778
1454 7147
1454 7312
1454 7598
1454 7763
1454 7999
1454 9490
1454 9816
1454 9877
1454 10016
1454 10440
1454 10654
1454 10855
1454 10981
1454 11384
1454 11559
1454 12854
1454 13072
1454 13247
1454 13542
1454 13566
1454 14389
1454 14720
1454 15148
1454 15296
1454 15981
1454 16087
1454 16267
1454 16573
1454 16847
1454 17735
1455 774
1455 976
1455 1690
1455 3004
1455 3026
1455 3652
1455 4359
1455 4406
1455 4539
1455 4913
1455 5164
1455 5363
1455 5377
1455 5643
1455 5821
1455 5838
1455 6369
1455 6634
1455 6779
1455 7148
1455 7313
1455 7599
1455 7764
1455 8000
1455 9491
1455 9817
1455 9878
1455 10017
1455 10441
1455 10655
1455 10856
1455 10982
1455 11385
1455 11560
1455 12855
1455 13073
1455 13248
1455 13543
1455 13567
1455 14390
1455 14721
1455 15149
1455 15297
1455 15982
1455 16088
1455 16268
1455 16574
1455 16848
1455 17736
1456 775
1456 977
1456 1691
1456 3005
1456 3027
1456 3653
1456 4360
1456 4407
1456 4540
1456 4914
1456 5165
1456 5364
1456 5378
1456 5644
1456 5822
1456 5839
1456 6370
1456 6635
1456 6780
1456 7149
1456 7314
1456 7600
1456 7765
1456 8001
1456 9492
1456 9818
1456 9879
1456 10018
1456 10442
1456 10656
1456 10857
1456 10983
1456 11386
1456 11561
1456 12856
1456 13074
1456 13249
1456 13544
1456 13568
1456 14391
1456 14722
1456 15150
1456 15298
1456 15983
1456 16089
1456 16269
1456 16575
1456 16849
1456 17737
1457 789
1457 1084
1457 1357
1457 2773
1457 3064
1457 3706
1457 4069
1457 4451
1457 4556
1457 4599
1457 5010
1457 5335
1457 5427
1457 5533
1457 5810
1457 6012
1457 6355
1457 6459
1457 6781
1457 6878
1457 7177
1457 7403
1457 7728
1457 7848
1457 9419
1457 9579
1457 10061
1457 10095
1457 10312
1457 10543
1457 10906
1457 11091
1457 11309
1457 11489
1457 12960
1457 13116
1457 13350
1457 13596
1457 13679
1457 14343
1457 14511
1457 14814
1457 15428
1457 15769
1457 16124
1457 16193
1457 16374
1457 17014
1457 17861
1458 790
1458 1085
1458 1358
1458 2774
1458 3065
1458 3707
1458 4070
1458 4452
1458 4557
1458 4600
1458 5011
1458 5336
1458 5428
1458 5534
1458 5811
1458 6013
1458 6356
1458 6460
1458 6782
1458 6879
1458 7178
1458 7404
1458 7617
1458 7849
1458 9420
1458 9580
1458 10062
1458 10096
1458 10313
1458 10544
1458 10907
1458 11092
1458 11310
1458 11490
1458 12961
1458 13117
1458 13351
1458 13597
1458 13680
1458 14344
1458 14512
1458 14815
1458 15429
1458 15770
1458 16125
1458 16194
1458 16375
1458 17015
1458 17862
1459 791
1459 1086
1459 1359
1459 2775
1459 3066
1459 3708
1459 4071
1459 4453
1459 4558
1459 4601
1459 5012
1459 5337
1459 5429
1459 5535
1459 5812
1459 6014
1459 6357
1459 6461
1459 6783
1459 6880
1459 7179
1459 7405
1459 7618
1459 7850
1459 9421
1459 9581
1459 10063
1459 10097
1459 10314
1459 10545
1459 10908
1459 11093
1459 11311
1459 11491
1459 12962
1459 13118
1459 13352
1459 13598
1459 13681
1459 14345
1459 14513
1459 14816
1459 15430
1459 15771
1459 16126
1459 16195
1459 16376
1459 17016
1459 17863
1460 792
1460 1087
1460 1360
1460 2776
1460 3067
1460 3709
1460 4072
1460 4454
1460 4559
1460 4602
1460 5013
1460 5338
1460 5430
1460 5536
1460 5813
1460 6015
1460 6358
1460 6462
1460 6784
1460 6881
1460 7180
1460 7406
1460 7619
1460 7851
1460 9422
1460 9582
1460 10064
1460 10098
1460 10315
1460 10546
1460 10909
1460 11094
1460 11312
1460 11492
1460 12963
1460 13119
1460 13353
1460 13599
1460 13682
1460 14346
1460 14514
1460 14817
1460 15431
1460 15772
1460 16127
1460 16196
1460 16377
1460 17017
1460 17864
1461 793
1461 1088
1461 1361
1461 2777
1461 3068
1461 3710
1461 4073
1461 4455
1461 4560
1461 4603
1461 5014
1461 5339
1461 5431
1461 5537
1461 5814
1461 6016
1461 6359
1461 6463
1461 6785
1461 6882
1461 7181
1461 7407
1461 7620
1461 7852
1461 9423
1461 9583
1461 10065
1461 10099
1461 10316
1461 10547
1461 10910
1461 11095
1461 11201
1461 11493
1461 12964
1461 13120
1461 13354
1461 13600
1461 13683
1461 14347
1461 14515
1461 14818
1461 15432
1461 15773
1461 16128
1461 16197
1461 16378
1461 17018
1461 17865
1462 794
1462 1089
1462 1362
1462 2778
1462 3069
1462 3711
1462 4074
1462 4456
1462 4561
1462 4604
1462 5015
1462 5340
1462 5432
1462 5538
1462 5815
1462 6017
1462 6360
1462 6464
1462 6786
1462 6883
1462 7182
1462 7408
1462 7621
1462 7853
1462 9424
1462 9584
1462 10066
1462 10100
1462 10317
1462 10548
1462 10911
1462 11096
1462 11202
1462 11494
1462 12965
1462 13121
1462 13355
1462 13601
1462 13684
1462 14348
1462 14516
1462 14819
1462 15433
1462 15774
1462 16017
1462 16198
1462 16379
1462 17019
1462 17866
1463 795
1463 1090
1463 1363
1463 2779
1463 3070
1463 3712
1463 4075
1463 4457
1463 4562
1463 4605
1463 5016
1463 5341
1463 5433
1463 5539
1463 5816
1463 6018
1463 6361
1463 6465
1463 6787
1463 6884
1463 7183
1463 7409
1463 7622
1463 7854
1463 9425
1463 9585
1463 10067
1463 10101
1463 10318
1463 10549
1463 10912
1463 11097
1463 11203
1463 11495
1463 12966
1463 13122
1463 13356
1463 13602
1463 13685
1463 14349
1463 14517
1463 14820
1463 15434
1463 15775
1463 16018
1463 16199
1463 16380
1463 17020
1463 17867
1464 796
1464 1091
1464 1364
1464 2780
1464 3071
1464 3713
1464 4076
1464 4458
1464 4563
1464 4606
1464 5017
1464 5342
1464 5434
1464 5540
1464 5817
1464 6019
1464 6362
1464 6466
1464 6788
1464 6885
1464 7184
1464 7410
1464 7623
1464 7855
1464 9426
1464 9586
1464 10068
1464 10102
1464 10319
1464 10550
1464 10913
1464 11098
1464 11204
1464 11496
1464 12967
1464 13123
1464 13357
1464 13603
1464 13686
1464 14350
1464 14518
1464 14821
1464 15435
1464 15776
1464 16019
1464 16200
1464 16381
1464 17021
1464 17868
1465 797
1465 1092
1465 1365
1465 2781
1465 3072
1465 3714
1465 4077
1465 4459
1465 4564
1465 4607
1465 5018
1465 5343
1465 5435
1465 5541
1465 5818
1465 6020
1465 6363
1465 6467
1465 6789
1465 6886
1465 7185
1465 7411
1465 7624
1465 7856
1465 9427
1465 9587
1465 10069
1465 10103
1465 10320
1465 10551
1465 10914
1465 11099
1465 11205
1465 11497
1465 12968
1465 13124
1465 13358
1465 13604
1465 13687
1465 14351
1465 14519
1465 14822
1465 15436
1465 15777
1465 16020
1465 16201
1465 16382
1465 17022
1465 17869
1466 798
1466 1093
1466 1366
1466 2782
1466 3073
1466 3715
1466 4078
1466 4460
1466 4565
1466 4608
1466 5019
1466 5344
1466 5436
1466 5542
1466 5819
1466 6021
1466 6364
1466 6468
1466 6790
1466 6887
1466 7186
1466 7412
1466 7625
1466 7857
1466 9428
1466 9588
1466 10070
1466 10104
1466 10321
1466 10552
1466 10915
1466 11100
1466 11206
1466 11498
1466 12969
1466 13125
1466 13359
1466 13605
1466 13688
1466 14352
1466 14520
1466 14823
1466 15437
1466 15778
1466 16021
1466 16202
1466 16383
1466 17023
1466 17870
1467 799
1467 1094
1467 1367
1467 2783
1467 3074
1467 3716
1467 4079
1467 4461
1467 4566
1467 4609
1467 5020
1467 5345
1467 5437
1467 5543
1467 5820
1467 6022
1467 6365
1467 6469
1467 6791
1467 6888
1467 7187
1467 7413
1467 7626
1467 7858
1467 9429
1467 9589
1467 10071
1467 10105
1467 10322
1467 10553
1467 10916
1467 11101
1467 11207
1467 11499
1467 12970
1467 13126
1467 13360
1467 13606
1467 13689
1467 14353
1467 14521
1467 14824
1467 15438
1467 15779
1467 16022
1467 16203
1467 16384
1467 17024
1467 17871
1468 800
1468 1095
1468 1368
1468 2784
1468 3075
1468 3717
1468 4080
1468 4462
1468 4567
1468 4610
1468 5021
1468 5346
1468 5438
1468 5544
1468 5821
1468 6023
1468 6366
1468 6470
1468 6792
1468 6889
1468 7188
1468 7414
1468 7627
1468 7859
1468 9430
1468 9590
1468 10072
1468 10106
1468 10323
1468 10554
1468 10917
1468 11102
1468 11208
1468 11500
1468 12971
1468 13127
1468 13361
1468 13607
1468 13690
1468 14354
1468 14522
1468 14825
1468 15439
1468 15780
1468 16023
1468 16204
1468 16385
1468 16913
1468 17872
1469 801
1469 1096
1469 1369
1469 2785
1469 3076
1469 3718
1469 4081
1469 4463
1469 4568
1469 4611
1469 5022
1469 5347
1469 5439
1469 5545
1469 5822
1469 6024
1469 6367
1469 6471
1469 6793
1469 6890
1469 7189
1469 7415
1469 7628
1469 7860
1469 9431
1469 9591
1469 10073
1469 10107
1469 10324
1469 10555
1469 10918
1469 11103
1469 11209
1469 11501
1469 12972
1469 13128
1469 13362
1469 13608
1469 13691
1469 14355
1469 14523
1469 14826
1469 15440
1469 15781
1469 16024
1469 16205
1469 16386
1469 16914
1469 17873
1470 802
1470 1097
1470 1370
1470 2786
1470 3077
1470 3719
1470 4082
1470 4464
1470 4569
1470 4612
1470 5023
1470 5348
1470 5440
1470 5546
1470 5823
1470 6025
1470 6368
1470 6472
1470 6794
1470 6891
1470 7190
1470 7416
1470 7629
1470 7861
1470 9432
1470 9592
1470 10074
1470 10108
1470 10325
1470 10556
1470 10919
1470 11104
1470 11210
1470 11502
1470 12973
1470 13129
1470 13363
1470 13609
1470 13692
1470 14356
1470 14524
1470 14827
1470 15441
1470 15782
1470 16025
1470 16206
1470 16387
1470 16915
1470 17874
1471 803
1471 1098
1471 1371
1471 2787
1471 3078
1471 3720
1471 4083
1471 4465
1471 4570
1471 4613
1471 5024
1471 5349
1471 5441
1471 5547
1471 5824
1471 6026
1471 6369
1471 6473
1471 6795
1471 6892
1471 7191
1471 7417
1471 7630
1471 7862
1471 9433
1471 9593
1471 10075
1471 10109
1471 10326
1471 10557
1471 10920
1471 11105
1471 11211
1471 11503
1471 12974
1471 13130
1471 13364
1471 13610
1471 13693
1471 14357
1471 14525
1471 14828
1471 15442
1471 15783
1471 16026
1471 16207
1471 16388
1471 16916
1471 17875
1472 804
1472 1099
1472 1372
1472 2788
1472 3079
1472 3721
1472 4084
1472 4466
1472 4571
1472 4614
1472 5025
1472 5350
1472 5442
1472 5548
1472 5713
1472 6027
1472 6370
1472 6474
1472 6796
1472 6893
1472 7192
1472 7418
1472 7631
1472 7863
1472 9434
1472 9594
1472 10076
1472 10110
1472 10327
1472 10558
1472 10921
1472 11106
1472 11212
1472 11504
1472 12975
1472 13131
1472 13365
1472 13611
1472 13694
1472 14358
1472 14526
1472 14829
1472 15443
1472 15784
1472 16027
1472 16208
1472 16389
1472 16917
1472 17876
1473 805
1473 1100
1473 1373
1473 2789
1473 3080
1473 3722
1473 4085
1473 4467
1473 4572
1473 4615
1473 5026
1473 5351
1473 5443
1473 5549
1473 5714
1473 6028
1473 6371
1473 6475
1473 6797
1473 6894
1473 7193
1473 7419
1473 7632
1473 7864
1473 9435
1473 9595
1473 10077
1473 10111
1473 10328
1473 10559
1473 10922
1473 11107
1473 11213
1473 11505
1473 12976
1473 13132
1473 13366
1473 13612
1473 13695
1473 14359
1473 14527
1473 14830
1473 15444
1473 15785
1473 16028
1473 16209
1473 16390
1473 16918
1473 17877
1474 806
1474 1101
1474 1374
1474 2790
1474 3081
1474 3723
1474 4086
1474 4468
1474 4573
1474 4616
1474 5027
1474 5352
1474 5444
1474 5550
1474 5715
1474 6029
1474 6372
1474 6476
1474 6798
1474 6895
1474 7194
1474 7420
1474 7633
1474 7865
1474 9436
1474 9596
1474 10078
1474 10112
1474 10329
1474 10560
1474 10923
1474 11108
1474 11214
1474 11506
1474 12977
1474 13133
1474 13367
1474 13613
1474 13696
1474 14360
1474 14528
1474 14831
1474 15445
1474 15786
1474 16029
1474 16210
1474 16391
1474 16919
1474 17878
1475 807
1475 1102
1475 1375
1475 2791
1475 3082
1475 3724
1475 4087
1475 4469
1475 4574
1475 4617
1475 5028
1475 5353
1475 5445
1475 5551
1475 5716
1475 6030
1475 6373
1475 6477
1475 6799
1475 6896
1475 7195
1475 7421
1475 7634
1475 7866
1475 9437
1475 9597
1475 10079
1475 10113
1475 10330
1475 10561
1475 10924
1475 11109
1475 11215
1475 11507
1475 12978
1475 13134
1475 13368
1475 13614
1475 13697
1475 14361
1475 14529
1475 14832
1475 15446
1475 15787
1475 16030
1475 16211
1475 16392
1475 16920
1475 17879
1476 808
1476 1103
1476 1376
1476 2792
1476 3083
1476 3725
1476 4088
1476 4470
1476 4575
1476 4618
1476 5029
1476 5354
1476 5446
1476 5552
1476 5717
1476 6031
1476 6374
1476 6478
1476 6800
1476 6897
1476 7196
1476 7422
1476 7635
1476 7867
1476 9438
1476 9598
1476 10080
1476 10114
1476 10331
1476 10562
1476 10925
1476 11110
1476 11216
1476 11508
1476 12979
1476 13135
1476 13369
1476 13615
1476 13698
1476 14362
1476 14530
1476 14833
1476 15447
1476 15788
1476 16031
1476 16212
1476 16393
1476 16921
1476 17880
1477 809
1477 1104
1477 1377
1477 2793
1477 3084
1477 3726
1477 4089
1477 4471
1477 4576
1477 4619
1477 5030
1477 5355
1477 5447
1477 5553
1477 5718
1477 6032
1477 6375
1477 6479
1477 6801
1477 6898
1477 7197
1477 7423
1477 7636
1477 7868
1477 9439
1477 9599
1477 9969
1477 10115
1477 10332
1477 10563
1477 10926
1477 11111
1477 11217
1477 11509
1477 12980
1477 13136
1477 13370
1477 13616
1477 13699
1477 14363
1477 14531
1477 14834
1477 15448
1477 15789
1477 16032
1477 16213
1477 16394
1477 16922
1477 17881
1478 810
1478 1105
1478 1378
1478 2794
1478 3085
1478 3727
1478 4090
1478 4472
1478 4577
1478 4620
1478 5031
1478 5356
1478 5448
1478 5554
1478 5719
1478 6033
1478 6376
1478 6480
1478 6802
1478 6899
1478 7198
1478 7424
1478 7637
1478 7869
1478 9440
1478 9600
1478 9970
1478 10116
1478 10333
1478 10564
1478 10927
1478 11112
1478 11218
1478 11510
1478 12981
1478 13137
1478 13371
1478 13617
1478 13700
1478 14364
1478 14532
1478 14835
1478 15449
1478 15790
1478 16033
1478 16214
1478 16395
1478 16923
1478 17882
1479 811
1479 1106
1479 1379
1479 2795
1479 3086
1479 3728
1479 4091
1479 4473
1479 4578
1479 4621
1479 5032
1479 5357
1479 5449
1479 5555
1479 5720
1479 6034
1479 6377
1479 6481
1479 6803
1479 6900
1479 7199
1479 7425
1479 7638
1479 7870
1479 9441
1479 9601
1479 9971
1479 10117
1479 10334
1479 10565
1479 10928
1479 11113
1479 11219
1479 11511
1479 12982
1479 13138
1479 13372
1479 13618
1479 13701
1479 14365
1479 14533
1479 14836
1479 15450
1479 15791
1479 16034
1479 16215
1479 16396
1479 16924
1479 17883
1480 812
1480 1107
1480 1380
1480 2796
1480 3087
1480 3729
1480 4092
1480 4474
1480 4579
1480 4622
1480 5033
1480 5358
1480 5450
1480 5556
1480 5721
1480 6035
1480 6378
1480 6482
1480 6804
1480 6901
1480 7200
1480 7426
1480 7639
1480 7871
1480 9442
1480 9602
1480 9972
1480 10118
1480 10335
1480 10566
1480 10929
1480 11114
1480 11220
1480 11512
1480 12983
1480 13139
1480 13373
1480 13619
1480 13702
1480 14366
1480 14534
1480 14837
1480 15451
1480 15792
1480 16035
1480 16216
1480 16397
1480 16925
1480 17884
1481 813
1481 1108
1481 1381
1481 2797
1481 3088
1481 3730
1481 4093
1481 4475
1481 4580
1481 4623
1481 5034
1481 5359
1481 5451
1481 5557
1481 5722
1481 6036
1481 6379
1481 6483
1481 6805
1481 6902
1481 7201
1481 7427
1481 7640
1481 7872
1481 9443
1481 9603
1481 9973
1481 10119
1481 10336
1481 10567
1481 10930
1481 11115
1481 11221
1481 11513
1481 12984
1481 13140
1481 13374
1481 13620
1481 13703
1481 14367
1481 14535
1481 14838
1481 15452
1481 15681
1481 16036
1481 16217
1481 16398
1481 16926
1481 17885
1482 814
1482 1109
1482 1382
1482 2798
1482 3089
1482 3731
1482 4094
1482 4476
1482 4581
1482 4624
1482 5035
1482 5360
1482 5452
1482 5558
1482 5723
1482 6037
1482 6380
1482 6484
1482 6806
1482 6903
1482 7202
1482 7428
1482 7641
1482 7873
1482 9444
1482 9604
1482 9974
1482 10120
1482 10337
1482 10568
1482 10931
1482 11116
1482 11222
1482 11514
1482 12985
1482 13141
1482 13375
1482 13621
1482 13704
1482 14368
1482 14536
1482 14839
1482 15453
1482 15682
1482 16037
1482 16218
1482 16399
1482 16927
1482 17886
1483 815
1483 1110
1483 1383
1483 2799
1483 3090
1483 3732
1483 4095
1483 4477
1483 4582
1483 4625
1483 5036
1483 5361
1483 5453
1483 5559
1483 5724
1483 6038
1483 6381
1483 6485
1483 6807
1483 6904
1483 7203
1483 7429
1483 7642
1483 7874
1483 9445
1483 9605
1483 9975
1483 10121
1483 10338
1483 10569
1483 10932
1483 11117
1483 11223
1483 11515
1483 12986
1483 13142
1483 13376
1483 13622
1483 13705
1483 14369
1483 14537
1483 14840
1483 15454
1483 15683
1483 16038
1483 16219
1483 16400
1483 16928
1483 17887
1484 816
1484 1111
1484 1384
1484 2800
1484 3091
1484 3733
1484 4096
1484 4478
1484 4583
1484 4626
1484 5037
1484 5362
1484 5454
1484 5560
1484 5725
1484 6039
1484 6382
1484 6486
1484 6808
1484 6905
1484 7204
1484 7430
1484 7643
1484 7875
1484 9446
1484 9606
1484 9976
1484 10122
1484 10339
1484 10570
1484 10933
1484 11118
1484 11224
1484 11516
1484 12987
1484 13143
1484 13377
1484 13623
1484 13706
1484 14370
1484 14538
1484 14841
1484 15455
1484 15684
1484 16039
1484 16220
1484 16401
1484 16929
1484 17888
1485 817
1485 1112
1485 1385
1485 2689
1485 3092
1485 3734
1485 4097
1485 4479
1485 4584
1485 4627
1485 5038
1485 5363
1485 5455
1485 5561
1485 5726
1485 6040
1485 6383
1485 6487
1485 6809
1485 6906
1485 7205
1485 7431
1485 7644
1485 7876
1485 9447
1485 9607
1485 9977
1485 10123
1485 10340
1485 10571
1485 10934
1485 11119
1485 11225
1485 11517
1485 12988
1485 13144
1485 13378
1485 13624
1485 13707
1485 14371
1485 14539
1485 14842
1485 15456
1485 15685
1485 16040
1485 16221
1485 16402
1485 16930
1485 17889
1486 818
1486 1113
1486 1386
1486 2690
1486 3093
1486 3735
1486 4098
1486 4480
1486 4585
1486 4628
1486 5039
1486 5364
1486 5456
1486 5562
1486 5727
1486 6041
1486 6384
1486 6488
1486 6810
1486 6907
1486 7206
1486 7432
1486 7645
1486 7877
1486 9448
1486 9608
1486 9978
1486 10124
1486 10341
1486 10572
1486 10935
1486 11120
1486 11226
1486 11518
1486 12989
1486 13145
1486 13379
1486 13625
1486 13708
1486 14372
1486 14540
1486 14843
1486 15345
1486 15686
1486 16041
1486 16222
1486 16403
1486 16931
1486 17890
1487 819
1487 1114
1487 1387
1487 2691
1487 3094
1487 3736
1487 4099
1487 4369
1487 4586
1487 4629
1487 5040
1487 5365
1487 5457
1487 5563
1487 5728
1487 6042
1487 6273
1487 6489
1487 6811
1487 6908
1487 7207
1487 7433
1487 7646
1487 7878
1487 9449
1487 9609
1487 9979
1487 10125
1487 10342
1487 10573
1487 10936
1487 11121
1487 11227
1487 11519
1487 12990
1487 13146
1487 13380
1487 13626
1487 13709
1487 14373
1487 14541
1487 14844
1487 15346
1487 15687
1487 16042
1487 16223
1487 16404
1487 16932
1487 17891
1488 820
1488 1115
1488 1388
1488 2692
1488 3095
1488 3737
1488 4100
1488 4370
1488 4587
1488 4630
1488 4929
1488 5366
1488 5458
1488 5564
1488 5729
1488 6043
1488 6274
1488 6490
1488 6812
1488 6909
1488 7208
1488 7434
1488 7647
1488 7879
1488 9450
1488 9610
1488 9980
1488 10126
1488 10343
1488 10574
1488 10937
1488 11122
1488 11228
1488 11520
1488 12991
1488 13147
1488 13381
1488 13627
1488 13710
1488 14374
1488 14542
1488 14845
1488 15347
1488 15688
1488 16043
1488 16224
1488 16405
1488 16933
1488 17892
1489 821
1489 1116
1489 1389
1489 2693
1489 3096
1489 3738
1489 4101
1489 4371
1489 4588
1489 4631
1489 4930
1489 5367
1489 5459
1489 5565
1489 5730
1489 6044
1489 6275
1489 6491
1489 6813
1489 6910
1489 7209
1489 7435
1489 7648
1489 7880
1489 9451
1489 9611
1489 9981
1489 10127
1489 10344
1489 10575
1489 10938
1489 11123
1489 11229
1489 11521
1489 12992
1489 13148
1489 13382
1489 13628
1489 13711
1489 14375
1489 14543
1489 14846
1489 15348
1489 15689
1489 16044
1489 16225
1489 16406
1489 16934
1489 17893
1490 822
1490 1117
1490 1390
1490 2694
1490 3097
1490 3739
1490 4102
1490 4372
1490 4589
1490 4632
1490 4931
1490 5368
1490 5460
1490 5566
1490 5731
1490 6045
1490 6276
1490 6492
1490 6814
1490 6911
1490 7210
1490 7436
1490 7649
1490 7881
1490 9452
1490 9612
1490 9982
1490 10128
1490 10345
1490 10576
1490 10939
1490 11124
1490 11230
1490 11522
1490 12881
1490 13149
1490 13383
1490 13629
1490 13712
1490 14376
1490 14544
1490 14847
1490 15349
1490 15690
1490 16045
1490 16226
1490 16407
1490 16935
1490 17894
1491 823
1491 1118
1491 1391
1491 2695
1491 3098
1491 3740
1491 4103
1491 4373
1491 4590
1491 4633
1491 4932
1491 5369
1491 5461
1491 5567
1491 5732
1491 6046
1491 6277
1491 6493
1491 6815
1491 6912
1491 7211
1491 7437
1491 7650
1491 7882
1491 9453
1491 9613
1491 9983
1491 10129
1491 10346
1491 10577
1491 10940
1491 11125
1491 11231
1491 11523
1491 12882
1491 13150
1491 13384
1491 13630
1491 13713
1491 14377
1491 14545
1491 14848
1491 15350
1491 15691
1491 16046
1491 16227
1491 16408
1491 16936
1491 17895
1492 824
1492 1119
1492 1392
1492 2696
1492 3099
1492 3741
1492 4104
1492 4374
1492 4591
1492 4634
1492 4933
1492 5370
1492 5462
1492 5568
1492 5733
1492 6047
1492 6278
1492 6494
1492 6816
1492 6913
1492 7212
1492 7438
1492 7651
1492 7883
1492 9454
1492 9614
1492 9984
1492 10130
1492 10347
1492 10578
1492 10941
1492 11126
1492 11232
1492 11524
1492 12883
1492 13151
1492 13385
1492 13631
1492 13714
1492 14378
1492 14546
1492 14849
1492 15351
1492 15692
1492 16047
1492 16228
1492 16409
1492 16937
1492 17896
1493 825
1493 1120
1493 1393
1493 2697
1493 3100
1493 3742
1493 4105
1493 4375
1493 4592
1493 4635
1493 4934
1493 5371
1493 5463
1493 5569
1493 5734
1493 6048
1493 6279
1493 6495
1493 6817
1493 6914
1493 7213
1493 7439
1493 7652
1493 7884
1493 9455
1493 9615
1493 9985
1493 10131
1493 10348
1493 10579
1493 10942
1493 11127
1493 11233
1493 11525
1493 12884
1493 13152
1493 13386
1493 13632
1493 13715
1493 14379
1493 14547
1493 14850
1493 15352
1493 15693
1493 16048
1493 16229
1493 16410
1493 16938
1493 17897
1494 826
1494 1009
1494 1394
1494 2698
1494 3101
1494 3743
1494 4106
1494 4376
1494 4481
1494 4636
1494 4935
1494 5372
1494 5464
1494 5570
1494 5735
1494 5937
1494 6280
1494 6496
1494 6818
1494 6915
1494 7214
1494 7440
1494 7653
1494 7885
1494 9456
1494 9616
1494 9986
1494 10132
1494 10349
1494 10580
1494 10943
1494 11128
1494 11234
1494 11526
1494 12885
1494 13153
1494 13387
1494 13633
1494 13716
1494 14380
1494 14548
1494 14851
1494 15353
1494 15694
1494 16049
1494 16230
1494 16411
1494 16939
1494 17898
1495 827
1495 1010
1495 1395
1495 2699
1495 3102
1495 3744
1495 4107
1495 4377
1495 4482
1495 4637
1495 4936
1495 5373
1495 5465
1495 5571
1495 5736
1495 5938
1495 6281
1495 6385
1495 6819
1495 6916
1495 7215
1495 7441
1495 7654
1495 7886
1495 9457
1495 9617
1495 9987
1495 10133
1495 10350
1495 10581
1495 10944
1495 11129
1495 11235
1495 11527
1495 12886
1495 13154
1495 13388
1495 13634
1495 13717
1495 14381
1495 14549
1495 14852
1495 15354
1495 15695
1495 16050
1495 16231
1495 16412
1495 16940
1495 17899
1496 828
1496 1011
1496 1396
1496 2700
1496 3103
1496 3745
1496 4108
1496 4378
1496 4483
1496 4638
1496 4937
1496 5374
1496 5466
1496 5572
1496 5737
1496 5939
1496 6282
1496 6386
1496 6820
1496 6917
1496 7216
1496 7442
1496 7655
1496 7887
1496 9458
1496 9618
1496 9988
1496 10134
1496 10351
1496 10582
1496 10945
1496 11130
1496 11236
1496 11528
1496 12887
1496 13155
1496 13389
1496 13635
1496 13718
1496 14382
1496 14550
1496 14853
1496 15355
1496 15696
1496 16051
1496 16232
1496 16413
1496 16941
1496 17900
1497 829
1497 1012
1497 1397
1497 2701
1497 3104
1497 3746
1497 4109
1497 4379
1497 4484
1497 4639
1497 4938
1497 5375
1497 5467
1497 5573
1497 5738
1497 5940
1497 6283
1497 6387
1497 6821
1497 6918
1497 7217
1497 7443
1497 7656
1497 7888
1497 9459
1497 9619
1497 9989
1497 10135
1497 10352
1497 10583
1497 10946
1497 11131
1497 11237
1497 11529
1497 12888
1497 13156
1497 13390
1497 13636
1497 13719
1497 14383
1497 14551
1497 14854
1497 15356
1497 15697
1497 16052
1497 16233
1497 16414
1497 16942
1497 17901
1498 830
1498 1013
1498 1398
1498 2702
1498 3105
1498 3747
1498 4110
1498 4380
1498 4485
1498 4640
1498 4939
1498 5376
1498 5468
1498 5574
1498 5739
1498 5941
1498 6284
1498 6388
1498 6822
1498 6919
1498 7218
1498 7444
1498 7657
1498 7889
1498 9460
1498 9620
1498 9990
1498 10136
1498 10353
1498 10584
1498 10947
1498 11132
1498 11238
1498 11530
1498 12889
1498 13157
1498 13391
1498 13637
1498 13720
1498 14384
1498 14552
1498 14855
1498 15357
1498 15698
1498 16053
1498 16234
1498 16415
1498 16943
1498 17902
1499 831
1499 1014
1499 1399
1499 2703
1499 3106
1499 3748
1499 4111
1499 4381
1499 4486
1499 4641
1499 4940
1499 5265
1499 5469
1499 5575
1499 5740
1499 5942
1499 6285
1499 6389
1499 6823
1499 6920
1499 7219
1499 7445
1499 7658
1499 7890
1499 9461
1499 9621
1499 9991
1499 10137
1499 10354
1499 10585
1499 10948
1499 11133
1499 11239
1499 11531
1499 12890
1499 13158
1499 13392
1499 13638
1499 13721
1499 14385
1499 14553
1499 14856
1499 15358
1499 15699
1499 16054
1499 16235
1499 16416
1499 16944
1499 17903
1500 832
1500 1015
1500 1400
1500 2704
1500 3107
1500 3749
1500 4112
1500 4382
1500 4487
1500 4642
1500 4941
1500 5266
1500 5470
1500 5576
1500 5741
1500 5943
1500 6286
1500 6390
1500 6824
1500 6921
1500 7220
1500 7446
1500 7659
1500 7891
1500 9462
1500 9622
1500 9992
1500 10138
1500 10355
1500 10586
1500 10949
1500 11134
1500 11240
1500 11532
1500 12891
1500 13159
1500 13393
1500 13639
1500 13722
1500 14386
1500 14554
1500 14857
1500 15359
1500 15700
1500 16055
1500 16236
1500 16417
1500 16945
1500 17904
1501 833
1501 1016
1501 1401
1501 2705
1501 3108
1501 3750
1501 4113
1501 4383
1501 4488
1501 4643
1501 4942
1501 5267
1501 5471
1501 5577
1501 5742
1501 5944
1501 6287
1501 6391
1501 6825
1501 6922
1501 7221
1501 7447
1501 7660
1501 7892
1501 9463
1501 9623
1501 9993
1501 10139
1501 10356
1501 10587
1501 10950
1501 11135
1501 11241
1501 11533
1501 12892
1501 13160
1501 13394
1501 13640
1501 13723
1501 14387
1501 14555
1501 14858
1501 15360
1501 15701
1501 16056
1501 16237
1501 16418
1501 16946
1501 17905
1502 834
1502 1017
1502 1402
1502 2706
1502 3109
1502 3751
1502 4114
1502 4384
1502 4489
1502 4644
1502 4943
1502 5268
1502 5472
1502 5578
1502 5743
1502 5945
1502 6288
1502 6392
1502 6826
1502 6923
1502 7222
1502 7448
1502 7661
1502 7893
1502 9464
1502 9624
1502 9994
1502 10140
1502 10357
1502 10588
1502 10951
1502 11136
1502 11242
1502 11534
1502 12893
1502 13161
1502 13395
1502 13641
1502 13724
1502 14388
1502 14556
1502 14859
1502 15361
1502 15702
1502 16057
1502 16238
1502 16419
1502 16947
1502 17906
1503 835
1503 1018
1503 1403
1503 2707
1503 3110
1503 3752
1503 4115
1503 4385
1503 4490
1503 4645
1503 4944
1503 5269
1503 5473
1503 5579
1503 5744
1503 5946
1503 6289
1503 6393
1503 6827
1503 6924
1503 7223
1503 7449
1503 7662
1503 7894
1503 9465
1503 9625
1503 9995
1503 10141
1503 10358
1503 10589
1503 10952
1503 11137
1503 11243
1503 11535
1503 12894
1503 13162
1503 13396
1503 13642
1503 13725
1503 14389
1503 14557
1503 14860
1503 15362
1503 15703
1503 16058
1503 16239
1503 16420
1503 16948
1503 17907
1504 836
1504 1019
1504 1404
1504 2708
1504 3111
1504 3753
1504 4116
1504 4386
1504 4491
1504 4646
1504 4945
1504 5270
1504 5474
1504 5580
1504 5745
1504 5947
1504 6290
1504 6394
1504 6828
1504 6925
1504 7224
1504 7450
1504 7663
1504 7895
1504 9466
1504 9626
1504 9996
1504 10142
1504 10359
1504 10590
1504 10953
1504 11138
1504 11244
1504 11536
1504 12895
1504 13163
1504 13397
1504 13643
1504 13726
1504 14390
1504 14558
1504 14861
1504 15363
1504 15704
1504 16059
1504 16240
1504 16421
1504 16949
1504 17908
1505 837
1505 1020
1505 1405
1505 2709
1505 3112
1505 3754
1505 4117
1505 4387
1505 4492
1505 4647
1505 4946
1505 5271
1505 5475
1505 5581
1505 5746
1505 5948
1505 6291
1505 6395
1505 6829
1505 6926
1505 7225
1505 7451
1505 7664
1505 7896
1505 9467
1505 9627
1505 9997
1505 10143
1505 10360
1505 10591
1505 10954
1505 11139
1505 11245
1505 11425
1505 12896
1505 13164
1505 13398
1505 13644
1505 13727
1505 14391
1505 14559
1505 14862
1505 15364
1505 15705
1505 16060
1505 16129
1505 16422
1505 16950
1505 17909
1506 838
1506 1021
1506 1406
1506 2710
1506 3113
1506 3755
1506 4118
1506 4388
1506 4493
1506 4648
1506 4947
1506 5272
1506 5476
1506 5582
1506 5747
1506 5949
1506 6292
1506 6396
1506 6830
1506 6927
1506 7226
1506 7452
1506 7665
1506 7897
1506 9468
1506 9628
1506 9998
1506 10144
1506 10361
1506 10592
1506 10955
1506 11140
1506 11246
1506 11426
1506 12897
1506 13165
1506 13399
1506 13645
1506 13728
1506 14392
1506 14560
1506 14863
1506 15365
1506 15706
1506 16061
1506 16130
1506 16423
1506 16951
1506 17910
1507 839
1507 1022
1507 1407
1507 2711
1507 3114
1507 3756
1507 4119
1507 4389
1507 4494
1507 4649
1507 4948
1507 5273
1507 5477
1507 5583
1507 5748
1507 5950
1507 6293
1507 6397
1507 6831
1507 6928
1507 7227
1507 7453
1507 7666
1507 7898
1507 9469
1507 9629
1507 9999
1507 10145
1507 10362
1507 10593
1507 10956
1507 11141
1507 11247
1507 11427
1507 12898
1507 13166
1507 13400
1507 13646
1507 13729
1507 14393
1507 14449
1507 14864
1507 15366
1507 15707
1507 16062
1507 16131
1507 16424
1507 16952
1507 17911
1508 840
1508 1023
1508 1408
1508 2712
1508 3115
1508 3757
1508 4120
1508 4390
1508 4495
1508 4650
1508 4949
1508 5274
1508 5478
1508 5584
1508 5749
1508 5951
1508 6294
1508 6398
1508 6832
1508 6929
1508 7228
1508 7454
1508 7667
1508 7899
1508 9470
1508 9630
1508 10000
1508 10146
1508 10363
1508 10594
1508 10957
1508 11142
1508 11248
1508 11428
1508 12899
1508 13167
1508 13401
1508 13647
1508 13730
1508 14394
1508 14450
1508 14865
1508 15367
1508 15708
1508 16063
1508 16132
1508 16425
1508 16953
1508 17912
1509 841
1509 1024
1509 1409
1509 2713
1509 3116
1509 3758
1509 4121
1509 4391
1509 4496
1509 4651
1509 4950
1509 5275
1509 5479
1509 5585
1509 5750
1509 5952
1509 6295
1509 6399
1509 6721
1509 6930
1509 7229
1509 7455
1509 7668
1509 7900
1509 9471
1509 9631
1509 10001
1509 10147
1509 10364
1509 10595
1509 10958
1509 11143
1509 11249
1509 11429
1509 12900
1509 13168
1509 13402
1509 13648
1509 13731
1509 14395
1509 14451
1509 14866
1509 15368
1509 15709
1509 16064
1509 16133
1509 16426
1509 16954
1509 17913
1510 842
1510 1025
1510 1410
1510 2714
1510 3117
1510 3759
1510 4122
1510 4392
1510 4497
1510 4652
1510 4951
1510 5276
1510 5480
1510 5586
1510 5751
1510 5953
1510 6296
1510 6400
1510 6722
1510 6931
1510 7230
1510 7456
1510 7669
1510 7901
1510 9472
1510 9632
1510 10002
1510 10148
1510 10365
1510 10596
1510 10959
1510 11144
1510 11250
1510 11430
1510 12901
1510 13169
1510 13403
1510 13649
1510 13732
1510 14396
1510 14452
1510 14867
1510 15369
1510 15710
1510 16065
1510 16134
1510 16427
1510 16955
1510 17914
1511 843
1511 1026
1511 1411
1511 2715
1511 3118
1511 3760
1511 4123
1511 4393
1511 4498
1511 4653
1511 4952
1511 5277
1511 5481
1511 5587
1511 5752
1511 5954
1511 6297
1511 6401
1511 6723
1511 6932
1511 7231
1511 7457
1511 7670
1511 7902
1511 9473
1511 9521
1511 10003
1511 10149
1511 10366
1511 10597
1511 10960
1511 11145
1511 11251
1511 11431
1511 12902
1511 13170
1511 13404
1511 13650
1511 13733
1511 14397
1511 14453
1511 14868
1511 15370
1511 15711
1511 16066
1511 16135
1511 16428
1511 16956
1511 17915
1512 844
1512 1027
1512 1412
1512 2716
1512 3119
1512 3761
1512 4124
1512 4394
1512 4499
1512 4654
1512 4953
1512 5278
1512 5482
1512 5588
1512 5753
1512 5955
1512 6298
1512 6402
1512 6724
1512 6933
1512 7232
1512 7458
1512 7671
1512 7903
1512 9474
1512 9522
1512 10004
1512 10150
1512 10367
1512 10598
1512 10961
1512 11146
1512 11252
1512 11432
1512 12903
1512 13171
1512 13405
1512 13651
1512 13734
1512 14398
1512 14454
1512 14869
1512 15371
1512 15712
1512 16067
1512 16136
1512 16429
1512 16957
1512 17916
1513 845
1513 1028
1513 1413
1513 2717
1513 3120
1513 3762
1513 4125
1513 4395
1513 4500
1513 4655
1513 4954
1513 5279
1513 5483
1513 5589
1513 5754
1513 5956
1513 6299
1513 6403
1513 6725
1513 6934
1513 7233
1513 7459
1513 7672
1513 7904
1513 9475
1513 9523
1513 10005
1513 10151
1513 10368
1513 10599
1513 10962
1513 11147
1513 11253
1513 11433
1513 12904
1513 13172
1513 13406
1513 13652
1513 13735
1513 14399
1513 14455
1513 14870
1513 15372
1513 15713
1513 16068
1513 16137
1513 16430
1513 16958
1513 17917
1514 846
1514 1029
1514 1414
1514 2718
1514 3121
1514 3763
1514 4126
1514 4396
1514 4501
1514 4656
1514 4955
1514 5280
1514 5484
1514 5590
1514 5755
1514 5957
1514 6300
1514 6404
1514 6726
1514 6935
1514 7234
1514 7460
1514 7673
1514 7905
1514 9476
1514 9524
1514 10006
1514 10152
1514 10369
1514 10600
1514 10963
1514 11148
1514 11254
1514 11434
1514 12905
1514 13173
1514 13407
1514 13653
1514 13736
1514 14400
1514 14456
1514 14871
1514 15373
1514 15714
1514 16069
1514 16138
1514 16431
1514 16959
1514 17918
1515 847
1515 1030
1515 1415
1515 2719
1515 3122
1515 3764
1515 4127
1515 4397
1515 4502
1515 4657
1515 4956
1515 5281
1515 5485
1515 5591
1515 5756
1515 5958
1515 6301
1515 6405
1515 6727
1515 6936
1515 7235
1515 7461
1515 7674
1515 7906
1515 9477
1515 9525
1515 10007
1515 10153
1515 10370
1515 10601
1515 10964
1515 11149
1515 11255
1515 11435
1515 12906
1515 13174
1515 13408
1515 13654
1515 13737
1515 14401
1515 14457
1515 14872
1515 15374
1515 15715
1515 16070
1515 16139
1515 16432
1515 16960
1515 17919
1516 848
1516 1031
1516 1416
1516 2720
1516 3123
1516 3765
1516 4128
1516 4398
1516 4503
1516 4658
1516 4957
1516 5282
1516 5486
1516 5592
1516 5757
1516 5959
1516 6302
1516 6406
1516 6728
1516 6937
1516 7236
1516 7462
1516 7675
1516 7907
1516 9478
1516 9526
1516 10008
1516 10154
1516 10371
1516 10602
1516 10965
1516 11150
1516 11256
1516 11436
1516 12907
1516 13175
1516 13409
1516 13655
1516 13738
1516 14402
1516 14458
1516 14873
1516 15375
1516 15716
1516 16071
1516 16140
1516 16433
1516 16961
1516 17920
1517 849
1517 1032
1517 1417
1517 2721
1517 3124
1517 3766
1517 4129
1517 4399
1517 4504
1517 4659
1517 4958
1517 5283
1517 5487
1517 5593
1517 5758
1517 5960
1517 6303
1517 6407
1517 6729
1517 6938
1517 7237
1517 7463
1517 7676
1517 7908
1517 9479
1517 9527
1517 10009
1517 10155
1517 10372
1517 10603
1517 10966
1517 11151
1517 11257
1517 11437
1517 12908
1517 13176
1517 13410
1517 13656
1517 13739
1517 14403
1517 14459
1517 14874
1517 15376
1517 15717
1517 16072
1517 16141
1517 16434
1517 16962
1517 17809
1518 850
1518 1033
1518 1418
1518 2722
1518 3125
1518 3767
1518 4130
1518 4400
1518 4505
1518 4660
1518 4959
1518 5284
1518 5488
1518 5594
1518 5759
1518 5961
1518 6304
1518 6408
1518 6730
1518 6939
1518 7238
1518 7464
1518 7677
1518 7909
1518 9480
1518 9528
1518 10010
1518 10156
1518 10373
1518 10604
1518 10967
1518 11152
1518 11258
1518 11438
1518 12909
1518 13177
1518 13411
1518 13657
1518 13740
1518 14404
1518 14460
1518 14875
1518 15377
1518 15718
1518 16073
1518 16142
1518 16435
1518 16963
1518 17810
1519 851
1519 1034
1519 1419
1519 2723
1519 3126
1519 3768
1519 4131
1519 4401
1519 4506
1519 4661
1519 4960
1519 5285
1519 5377
1519 5595
1519 5760
1519 5962
1519 6305
1519 6409
1519 6731
1519 6940
1519 7239
1519 7465
1519 7678
1519 7910
1519 9481
1519 9529
1519 10011
1519 10157
1519 10374
1519 10605
1519 10968
1519 11153
1519 11259
1519 11439
1519 12910
1519 13178
1519 13412
1519 13658
1519 13741
1519 14405
1519 14461
1519 14876
1519 15378
1519 15719
1519 16074
1519 16143
1519 16436
1519 16964
1519 17811
1520 852
1520 1035
1520 1420
1520 2724
1520 3127
1520 3769
1520 4132
1520 4402
1520 4507
1520 4662
1520 4961
1520 5286
1520 5378
1520 5596
1520 5761
1520 5963
1520 6306
1520 6410
1520 6732
1520 6941
1520 7240
1520 7466
1520 7679
1520 7911
1520 9482
1520 9530
1520 10012
1520 10158
1520 10375
1520 10606
1520 10969
1520 11154
1520 11260
1520 11440
1520 12911
1520 13179
1520 13413
1520 13659
1520 13742
1520 14406
1520 14462
1520 14877
1520 15379
1520 15720
1520 16075
1520 16144
1520 16437
1520 16965
1520 17812
1521 853
1521 1036
1521 1421
1521 2725
1521 3128
1521 3770
1521 4133
1521 4403
1521 4508
1521 4663
1521 4962
1521 5287
1521 5379
1521 5597
1521 5762
1521 5964
1521 6307
1521 6411
1521 6733
1521 6942
1521 7241
1521 7467
1521 7680
1521 7912
1521 9483
1521 9531
1521 10013
1521 10159
1521 10376
1521 10607
1521 10970
1521 11155
1521 11261
1521 11441
1521 12912
1521 13180
1521 13414
1521 13660
1521 13743
1521 14407
1521 14463
1521 14878
1521 15380
1521 15721
1521 16076
1521 16145
1521 16438
1521 16966
1521 17813
1522 854
1522 1037
1522 1422
1522 2726
1522 3129
1522 3771
1522 4134
1522 4404
1522 4509
1522 4664
1522 4963
1522 5288
1522 5380
1522 5598
1522 5763
1522 5965
1522 6308
1522 6412
1522 6734
1522 6943
1522 7242
1522 7468
1522 7681
1522 7913
1522 9484
1522 9532
1522 10014
1522 10160
1522 10377
1522 10608
1522 10971
1522 11156
1522 11262
1522 11442
1522 12913
1522 13181
1522 13415
1522 13661
1522 13744
1522 14408
1522 14464
1522 14879
1522 15381
1522 15722
1522 16077
1522 16146
1522 16439
1522 16967
1522 17814
1523 855
1523 1038
1523 1423
1523 2727
1523 3130
1523 3772
1523 4135
1523 4405
1523 4510
1523 4665
1523 4964
1523 5289
1523 5381
1523 5599
1523 5764
1523 5966
1523 6309
1523 6413
1523 6735
1523 6944
1523 7243
1523 7469
1523 7682
1523 7914
1523 9485
1523 9533
1523 10015
1523 10161
1523 10378
1523 10609
1523 10972
1523 11157
1523 11263
1523 11443
1523 12914
1523 13182
1523 13416
1523 13662
1523 13745
1523 14409
1523 14465
1523 14880
1523 15382
1523 15723
1523 16078
1523 16147
1523 16440
1523 16968
1523 17815
1524 856
1524 1039
1524 1424
1524 2728
1524 3131
1524 3773
1524 4136
1524 4406
1524 4511
1524 4666
1524 4965
1524 5290
1524 5382
1524 5600
1524 5765
1524 5967
1524 6310
1524 6414
1524 6736
1524 6833
1524 7244
1524 7470
1524 7683
1524 7915
1524 9486
1524 9534
1524 10016
1524 10162
1524 10379
1524 10610
1524 10973
1524 11158
1524 11264
1524 11444
1524 12915
1524 13183
1524 13417
1524 13663
1524 13746
1524 14410
1524 14466
1524 14881
1524 15383
1524 15724
1524 16079
1524 16148
1524 16441
1524 16969
1524 17816
1525 857
1525 1040
1525 1425
1525 2729
1525 3132
1525 3774
1525 4137
1525 4407
1525 4512
1525 4667
1525 4966
1525 5291
1525 5383
1525 5489
1525 5766
1525 5968
1525 6311
1525 6415
1525 6737
1525 6834
1525 7245
1525 7471
1525 7684
1525 7916
1525 9487
1525 9535
1525 10017
1525 10163
1525 10380
1525 10611
1525 10974
1525 11159
1525 11265
1525 11445
1525 12916
1525 13184
1525 13418
1525 13664
1525 13747
1525 14411
1525 14467
1525 14882
1525 15384
1525 15725
1525 16080
1525 16149
1525 16442
1525 16970
1525 17817
1526 858
1526 1041
1526 1426
1526 2730
1526 3133
1526 3775
1526 4138
1526 4408
1526 4513
1526 4668
1526 4967
1526 5292
1526 5384
1526 5490
1526 5767
1526 5969
1526 6312
1526 6416
1526 6738
1526 6835
1526 7246
1526 7472
1526 7685
1526 7917
1526 9488
1526 9536
1526 10018
1526 10164
1526 10381
1526 10612
1526 10975
1526 11160
1526 11266
1526 11446
1526 12917
1526 13185
1526 13419
1526 13553
1526 13748
1526 14412
1526 14468
1526 14883
1526 15385
1526 15726
1526 16081
1526 16150
1526 16443
1526 16971
1526 17818
1527 859
1527 1042
1527 1427
1527 2731
1527 3134
1527 3776
1527 4139
1527 4409
1527 4514
1527 4669
1527 4968
1527 5293
1527 5385
1527 5491
1527 5768
1527 5970
1527 6313
1527 6417
1527 6739
1527 6836
1527 7247
1527 7473
1527 7686
1527 7918
1527 9489
1527 9537
1527 10019
1527 10165
1527 10382
1527 10613
1527 10976
1527 11161
1527 11267
1527 11447
1527 12918
1527 13186
1527 13420
1527 13554
1527 13749
1527 14413
1527 14469
1527 14884
1527 15386
1527 15727
1527 16082
1527 16151
1527 16444
1527 16972
1527 17819
1528 860
1528 1043
1528 1428
1528 2732
1528 3135
1528 3777
1528 4140
1528 4410
1528 4515
1528 4670
1528 4969
1528 5294
1528 5386
1528 5492
1528 5769
1528 5971
1528 6314
1528 6418
1528 6740
1528 6837
1528 7248
1528 7474
1528 7687
1528 7919
1528 9490
1528 9538
1528 10020
1528 10166
1528 10383
1528 10614
1528 10865
1528 11162
1528 11268
1528 11448
1528 12919
1528 13187
1528 13421
1528 13555
1528 13750
1528 14414
1528 14470
1528 14885
1528 15387
1528 15728
1528 16083
1528 16152
1528 16445
1528 16973
1528 17820
1529 861
1529 1044
1529 1429
1529 2733
1529 3136
1529 3778
1529 4141
1529 4411
1529 4516
1529 4671
1529 4970
1529 5295
1529 5387
1529 5493
1529 5770
1529 5972
1529 6315
1529 6419
1529 6741
1529 6838
1529 7249
1529 7475
1529 7688
1529 7920
1529 9491
1529 9539
1529 10021
1529 10167
1529 10384
1529 10615
1529 10866
1529 11163
1529 11269
1529 11449
1529 12920
1529 13188
1529 13422
1529 13556
1529 13751
1529 14415
1529 14471
1529 14886
1529 15388
1529 15729
1529 16084
1529 16153
1529 16446
1529 16974
1529 17821
1530 862
1530 1045
1530 1430
1530 2734
1530 3025
1530 3779
1530 4142
1530 4412
1530 4517
1530 4672
1530 4971
1530 5296
1530 5388
1530 5494
1530 5771
1530 5973
1530 6316
1530 6420
1530 6742
1530 6839
1530 7250
1530 7476
1530 7689
1530 7921
1530 9492
1530 9540
1530 10022
1530 10168
1530 10385
1530 10616
1530 10867
1530 11164
1530 11270
1530 11450
1530 12921
1530 13189
1530 13423
1530 13557
1530 13752
1530 14416
1530 14472
1530 14887
1530 15389
1530 15730
1530 16085
1530 16154
1530 16447
1530 16975
1530 17822
1531 863
1531 1046
1531 1431
1531 2735
1531 3026
1531 3780
1531 4143
1531 4413
1531 4518
1531 4673
1531 4972
1531 5297
1531 5389
1531 5495
1531 5772
1531 5974
1531 6317
1531 6421
1531 6743
1531 6840
1531 7251
1531 7477
1531 7690
1531 7922
1531 9493
1531 9541
1531 10023
1531 10169
1531 10386
1531 10617
1531 10868
1531 11165
1531 11271
1531 11451
1531 12922
1531 13190
1531 13424
1531 13558
1531 13753
1531 14417
1531 14473
1531 14888
1531 15390
1531 15731
1531 16086
1531 16155
1531 16448
1531 16976
1531 17823
1532 864
1532 1047
1532 1432
1532 2736
1532 3027
1532 3781
1532 4144
1532 4414
1532 4519
1532 4674
1532 4973
1532 5298
1532 5390
1532 5496
1532 5773
1532 5975
1532 6318
1532 6422
1532 6744
1532 6841
1532 7252
1532 7478
1532 7691
1532 7923
1532 9494
1532 9542
1532 10024
1532 10170
1532 10387
1532 10618
1532 10869
1532 11166
1532 11272
1532 11452
1532 12923
1532 13191
1532 13425
1532 13559
1532 13754
1532 14418
1532 14474
1532 14889
1532 15391
1532 15732
1532 16087
1532 16156
1532 16449
1532 16977
1532 17824
1533 865
1533 1048
1533 1433
1533 2737
1533 3028
1533 3782
1533 4033
1533 4415
1533 4520
1533 4675
1533 4974
1533 5299
1533 5391
1533 5497
1533 5774
1533 5976
1533 6319
1533 6423
1533 6745
1533 6842
1533 7253
1533 7479
1533 7692
1533 7924
1533 9495
1533 9543
1533 10025
1533 10171
1533 10388
1533 10619
1533 10870
1533 11167
1533 11273
1533 11453
1533 12924
1533 13192
1533 13426
1533 13560
1533 13755
1533 14419
1533 14475
1533 14890
1533 15392
1533 15733
1533 16088
1533 16157
1533 16450
1533 16978
1533 17825
1534 866
1534 1049
1534 1434
1534 2738
1534 3029
1534 3783
1534 4034
1534 4416
1534 4521
1534 4676
1534 4975
1534 5300
1534 5392
1534 5498
1534 5775
1534 5977
1534 6320
1534 6424
1534 6746
1534 6843
1534 7254
1534 7480
1534 7693
1534 7925
1534 9496
1534 9544
1534 10026
1534 10172
1534 10389
1534 10620
1534 10871
1534 11168
1534 11274
1534 11454
1534 12925
1534 13193
1534 13427
1534 13561
1534 13756
1534 14420
1534 14476
1534 14891
1534 15393
1534 15734
1534 16089
1534 16158
1534 16451
1534 16979
1534 17826
1535 867
1535 1050
1535 1435
1535 2739
1535 3030
1535 3784
1535 4035
1535 4417
1535 4522
1535 4677
1535 4976
1535 5301
1535 5393
1535 5499
1535 5776
1535 5978
1535 6321
1535 6425
1535 6747
1535 6844
1535 7255
1535 7481
1535 7694
1535 7926
1535 9497
1535 9545
1535 10027
1535 10173
1535 10390
1535 10621
1535 10872
1535 11169
1535 11275
1535 11455
1535 12926
1535 13194
1535 13428
1535 13562
1535 13757
1535 14421
1535 14477
1535 14892
1535 15394
1535 15735
1535 16090
1535 16159
1535 16452
1535 16980
1535 17827
1536 868
1536 1051
1536 1436
1536 2740
1536 3031
1536 3785
1536 4036
1536 4418
1536 4523
1536 4678
1536 4977
1536 5302
1536 5394
1536 5500
1536 5777
1536 5979
1536 6322
1536 6426
1536 6748
1536 6845
1536 7256
1536 7482
1536 7695
1536 7927
1536 9498
1536 9546
1536 10028
1536 10174
1536 10391
1536 10622
1536 10873
1536 11170
1536 11276
1536 11456
1536 12927
1536 13195
1536 13429
1536 13563
1536 13758
1536 14422
1536 14478
1536 14893
1536 15395
1536 15736
1536 16091
1536 16160
1536 16453
1536 16981
1536 17828
1537 869
1537 1052
1537 1437
1537 2741
1537 3032
1537 3786
1537 4037
1537 4419
1537 4524
1537 4679
1537 4978
1537 5303
1537 5395
1537 5501
1537 5778
1537 5980
1537 6323
1537 6427
1537 6749
1537 6846
1537 7257
1537 7483
1537 7696
1537 7928
1537 9499
1537 9547
1537 10029
1537 10175
1537 10392
1537 10623
1537 10874
1537 11171
1537 11277
1537 11457
1537 12928
1537 13196
1537 13430
1537 13564
1537 13759
1537 14423
1537 14479
1537 14894
1537 15396
1537 15737
1537 16092
1537 16161
1537 16454
1537 16982
1537 17829
1538 870
1538 1053
1538 1438
1538 2742
1538 3033
1538 3787
1538 4038
1538 4420
1538 4525
1538 4680
1538 4979
1538 5304
1538 5396
1538 5502
1538 5779
1538 5981
1538 6324
1538 6428
1538 6750
1538 6847
1538 7258
1538 7484
1538 7697
1538 7929
1538 9500
1538 9548
1538 10030
1538 10176
1538 10393
1538 10624
1538 10875
1538 11172
1538 11278
1538 11458
1538 12929
1538 13197
1538 13431
1538 13565
1538 13760
1538 14424
1538 14480
1538 14895
1538 15397
1538 15738
1538 16093
1538 16162
1538 16455
1538 16983
1538 17830
1539 871
1539 1054
1539 1439
1539 2743
1539 3034
1539 3788
1539 4039
1539 4421
1539 4526
1539 4681
1539 4980
1539 5305
1539 5397
1539 5503
1539 5780
1539 5982
1539 6325
1539 6429
1539 6751
1539 6848
1539 7259
1539 7485
1539 7698
1539 7930
1539 9501
1539 9549
1539 10031
1539 10177
1539 10394
1539 10625
1539 10876
1539 11173
1539 11279
1539 11459
1539 12930
1539 13198
1539 13432
1539 13566
1539 13761
1539 14425
1539 14481
1539 14896
1539 15398
1539 15739
1539 16094
1539 16163
1539 16456
1539 16984
1539 17831
1540 872
1540 1055
1540 1440
1540 2744
1540 3035
1540 3789
1540 4040
1540 4422
1540 4527
1540 4682
1540 4981
1540 5306
1540 5398
1540 5504
1540 5781
1540 5983
1540 6326
1540 6430
1540 6752
1540 6849
1540 7260
1540 7486
1540 7699
1540 7931
1540 9502
1540 9550
1540 10032
1540 10178
1540 10395
1540 10626
1540 10877
1540 11174
1540 11280
1540 11460
1540 12931
1540 13199
1540 13433
1540 13567
1540 13762
1540 14426
1540 14482
1540 14785
1540 15399
1540 15740
1540 16095
1540 16164
1540 16457
1540 16985
1540 17832
1541 873
1541 1056
1541 1441
1541 2745
1541 3036
1541 3790
1541 4041
1541 4423
1541 4528
1541 4683
1541 4982
1541 5307
1541 5399
1541 5505
1541 5782
1541 5984
1541 6327
1541 6431
1541 6753
1541 6850
1541 7261
1541 7487
1541 7700
1541 7932
1541 9503
1541 9551
1541 10033
1541 10179
1541 10396
1541 10627
1541 10878
1541 11175
1541 11281
1541 11461
1541 12932
1541 13200
1541 13434
1541 13568
1541 13763
1541 14427
1541 14483
1541 14786
1541 15400
1541 15741
1541 16096
1541 16165
1541 16458
1541 16986
1541 17833
1542 874
1542 1057
1542 1442
1542 2746
1542 3037
1542 3791
1542 4042
1542 4424
1542 4529
1542 4684
1542 4983
1542 5308
1542 5400
1542 5506
1542 5783
1542 5985
1542 6328
1542 6432
1542 6754
1542 6851
1542 7262
1542 7488
1542 7701
1542 7933
1542 9504
1542 9552
1542 10034
1542 10180
1542 10397
1542 10628
1542 10879
1542 11176
1542 11282
1542 11462
1542 12933
1542 13201
1542 13435
1542 13569
1542 13764
1542 14428
1542 14484
1542 14787
1542 15401
1542 15742
1542 16097
1542 16166
1542 16459
1542 16987
1542 17834
1543 875
1543 1058
1543 1443
1543 2747
1543 3038
1543 3792
1543 4043
1543 4425
1543 4530
1543 4685
1543 4984
1543 5309
1543 5401
1543 5507
1543 5784
1543 5986
1543 6329
1543 6433
1543 6755
1543 6852
1543 7263
1543 7489
1543 7702
1543 7934
1543 9505
1543 9553
1543 10035
1543 10181
1543 10398
1543 10629
1543 10880
1543 11177
1543 11283
1543 11463
1543 12934
1543 13202
1543 13436
1543 13570
1543 13765
1543 14429
1543 14485
1543 14788
1543 15402
1543 15743
1543 16098
1543 16167
1543 16460
1543 16988
1543 17835
1544 876
1544 1059
1544 1444
1544 2748
1544 3039
1544 3793
1544 4044
1544 4426
1544 4531
1544 4686
1544 4985
1544 5310
1544 5402
1544 5508
1544 5785
1544 5987
1544 6330
1544 6434
1544 6756
1544 6853
1544 7264
1544 7490
1544 7703
1544 7935
1544 9506
1544 9554
1544 10036
1544 10182
1544 10399
1544 10630
1544 10881
1544 11178
1544 11284
1544 11464
1544 12935
1544 13203
1544 13437
1544 13571
1544 13766
1544 14430
1544 14486
1544 14789
1544 15403
1544 15744
1544 16099
1544 16168
1544 16461
1544 16989
1544 17836
1545 877
1545 1060
1545 1445
1545 2749
1545 3040
1545 3794
1545 4045
1545 4427
1545 4532
1545 4687
1545 4986
1545 5311
1545 5403
1545 5509
1545 5786
1545 5988
1545 6331
1545 6435
1545 6757
1545 6854
1545 7265
1545 7491
1545 7704
1545 7936
1545 9507
1545 9555
1545 10037
1545 10183
1545 10400
1545 10631
1545 10882
1545 11179
1545 11285
1545 11465
1545 12936
1545 13204
1545 13438
1545 13572
1545 13767
1545 14431
1545 14487
1545 14790
1545 15404
1545 15745
1545 16100
1545 16169
1545 16462
1545 16990
1545 17837
1546 878
1546 1061
1546 1446
1546 2750
1546 3041
1546 3795
1546 4046
1546 4428
1546 4533
1546 4688
1546 4987
1546 5312
1546 5404
1546 5510
1546 5787
1546 5989
1546 6332
1546 6436
1546 6758
1546 6855
1546 7266
1546 7492
1546 7705
1546 7937
1546 9508
1546 9556
1546 10038
1546 10184
1546 10401
1546 10632
1546 10883
1546 11180
1546 11286
1546 11466
1546 12937
1546 13205
1546 13439
1546 13573
1546 13768
1546 14432
1546 14488
1546 14791
1546 15405
1546 15746
1546 16101
1546 16170
1546 16463
1546 16991
1546 17838
1547 879
1547 1062
1547 1447
1547 2751
1547 3042
1547 3796
1547 4047
1547 4429
1547 4534
1547 4689
1547 4988
1547 5313
1547 5405
1547 5511
1547 5788
1547 5990
1547 6333
1547 6437
1547 6759
1547 6856
1547 7267
1547 7493
1547 7706
1547 7938
1547 9509
1547 9557
1547 10039
1547 10185
1547 10402
1547 10633
1547 10884
1547 11181
1547 11287
1547 11467
1547 12938
1547 13206
1547 13440
1547 13574
1547 13769
1547 14433
1547 14489
1547 14792
1547 15406
1547 15747
1547 16102
1547 16171
1547 16464
1547 16992
1547 17839
1548 880
1548 1063
1548 1448
1548 2752
1548 3043
1548 3797
1548 4048
1548 4430
1548 4535
1548 4690
1548 4989
1548 5314
1548 5406
1548 5512
1548 5789
1548 5991
1548 6334
1548 6438
1548 6760
1548 6857
1548 7268
1548 7494
1548 7707
1548 7939
1548 9510
1548 9558
1548 10040
1548 10186
1548 10403
1548 10634
1548 10885
1548 11182
1548 11288
1548 11468
1548 12939
1548 13207
1548 13329
1548 13575
1548 13770
1548 14434
1548 14490
1548 14793
1548 15407
1548 15748
1548 16103
1548 16172
1548 16353
1548 16993
1548 17840
1549 881
1549 1064
1549 1449
1549 2753
1549 3044
1549 3798
1549 4049
1549 4431
1549 4536
1549 4691
1549 4990
1549 5315
1549 5407
1549 5513
1549 5790
1549 5992
1549 6335
1549 6439
1549 6761
1549 6858
1549 7269
1549 7495
1549 7708
1549 7940
1549 9511
1549 9559
1549 10041
1549 10187
1549 10404
1549 10635
1549 10886
1549 11183
1549 11289
1549 11469
1549 12940
1549 13208
1549 13330
1549 13576
1549 13771
1549 14435
1549 14491
1549 14794
1549 15408
1549 15749
1549 16104
1549 16173
1549 16354
1549 16994
1549 17841
1550 882
1550 1065
1550 1450
1550 2754
1550 3045
1550 3799
1550 4050
1550 4432
1550 4537
1550 4692
1550 4991
1550 5316
1550 5408
1550 5514
1550 5791
1550 5993
1550 6336
1550 6440
1550 6762
1550 6859
1550 7270
1550 7496
1550 7709
1550 7941
1550 9512
1550 9560
1550 10042
1550 10188
1550 10405
1550 10636
1550 10887
1550 11184
1550 11290
1550 11470
1550 12941
1550 13209
1550 13331
1550 13577
1550 13772
1550 14436
1550 14492
1550 14795
1550 15409
1550 15750
1550 16105
1550 16174
1550 16355
1550 16995
1550 17842
1551 883
1551 1066
1551 1451
1551 2755
1551 3046
1551 3800
1551 4051
1551 4433
1551 4538
1551 4693
1551 4992
1551 5317
1551 5409
1551 5515
1551 5792
1551 5994
1551 6337
1551 6441
1551 6763
1551 6860
1551 7271
1551 7497
1551 7710
1551 7942
1551 9513
1551 9561
1551 10043
1551 10189
1551 10406
1551 10637
1551 10888
1551 11185
1551 11291
1551 11471
1551 12942
1551 13210
1551 13332
1551 13578
1551 13773
1551 14437
1551 14493
1551 14796
1551 15410
1551 15751
1551 16106
1551 16175
1551 16356
1551 16996
1551 17843
1552 884
1552 1067
1552 1452
1552 2756
1552 3047
1552 3801
1552 4052
1552 4434
1552 4539
1552 4694
1552 4993
1552 5318
1552 5410
1552 5516
1552 5793
1552 5995
1552 6338
1552 6442
1552 6764
1552 6861
1552 7272
1552 7498
1552 7711
1552 7943
1552 9514
1552 9562
1552 10044
1552 10190
1552 10407
1552 10638
1552 10889
1552 11186
1552 11292
1552 11472
1552 12943
1552 13211
1552 13333
1552 13579
1552 13774
1552 14438
1552 14494
1552 14797
1552 15411
1552 15752
1552 16107
1552 16176
1552 16357
1552 16997
1552 17844
1553 885
1553 1068
1553 1453
1553 2757
1553 3048
1553 3802
1553 4053
1553 4435
1553 4540
1553 4695
1553 4994
1553 5319
1553 5411
1553 5517
1553 5794
1553 5996
1553 6339
1553 6443
1553 6765
1553 6862
1553 7273
1553 7499
1553 7712
1553 7944
1553 9515
1553 9563
1553 10045
1553 10191
1553 10408
1553 10639
1553 10890
1553 11187
1553 11293
1553 11473
1553 12944
1553 13212
1553 13334
1553 13580
1553 13775
1553 14439
1553 14495
1553 14798
1553 15412
1553 15753
1553 16108
1553 16177
1553 16358
1553 16998
1553 17845
1554 886
1554 1069
1554 1454
1554 2758
1554 3049
1554 3803
1554 4054
1554 4436
1554 4541
1554 4696
1554 4995
1554 5320
1554 5412
1554 5518
1554 5795
1554 5997
1554 6340
1554 6444
1554 6766
1554 6863
1554 7274
1554 7500
1554 7713
1554 7945
1554 9516
1554 9564
1554 10046
1554 10192
1554 10409
1554 10640
1554 10891
1554 11188
1554 11294
1554 11474
1554 12945
1554 13213
1554 13335
1554 13581
1554 13776
1554 14440
1554 14496
1554 14799
1554 15413
1554 15754
1554 16109
1554 16178
1554 16359
1554 16999
1554 17846
1555 887
1555 1070
1555 1455
1555 2759
1555 3050
1555 3804
1555 4055
1555 4437
1555 4542
1555 4697
1555 4996
1555 5321
1555 5413
1555 5519
1555 5796
1555 5998
1555 6341
1555 6445
1555 6767
1555 6864
1555 7275
1555 7501
1555 7714
1555 7946
1555 9517
1555 9565
1555 10047
1555 10081
1555 10410
1555 10529
1555 10892
1555 11189
1555 11295
1555 11475
1555 12946
1555 13214
1555 13336
1555 13582
1555 13665
1555 14441
1555 14497
1555 14800
1555 15414
1555 15755
1555 16110
1555 16179
1555 16360
1555 17000
1555 17847
1556 888
1556 1071
1556 1456
1556 2760
1556 3051
1556 3805
1556 4056
1556 4438
1556 4543
1556 4698
1556 4997
1556 5322
1556 5414
1556 5520
1556 5797
1556 5999
1556 6342
1556 6446
1556 6768
1556 6865
1556 7276
1556 7502
1556 7715
1556 7947
1556 9518
1556 9566
1556 10048
1556 10082
1556 10411
1556 10530
1556 10893
1556 11190
1556 11296
1556 11476
1556 12947
1556 13215
1556 13337
1556 13583
1556 13666
1556 14442
1556 14498
1556 14801
1556 15415
1556 15756
1556 16111
1556 16180
1556 16361
1556 17001
1556 17848
1557 889
1557 1072
1557 1345
1557 2761
1557 3052
1557 3806
1557 4057
1557 4439
1557 4544
1557 4699
1557 4998
1557 5323
1557 5415
1557 5521
1557 5798
1557 6000
1557 6343
1557 6447
1557 6769
1557 6866
1557 7277
1557 7503
1557 7716
1557 7948
1557 9519
1557 9567
1557 10049
1557 10083
1557 10412
1557 10531
1557 10894
1557 11191
1557 11297
1557 11477
1557 12948
1557 13216
1557 13338
1557 13584
1557 13667
1557 14443
1557 14499
1557 14802
1557 15416
1557 15757
1557 16112
1557 16181
1557 16362
1557 17002
1557 17849
1558 890
1558 1073
1558 1346
1558 2762
1558 3053
1558 3807
1558 4058
1558 4440
1558 4545
1558 4700
1558 4999
1558 5324
1558 5416
1558 5522
1558 5799
1558 6001
1558 6344
1558 6448
1558 6770
1558 6867
1558 7278
1558 7504
1558 7717
1558 7949
1558 9520
1558 9568
1558 10050
1558 10084
1558 10413
1558 10532
1558 10895
1558 11192
1558 11298
1558 11478
1558 12949
1558 13105
1558 13339
1558 13585
1558 13668
1558 14444
1558 14500
1558 14803
1558 15417
1558 15758
1558 16113
1558 16182
1558 16363
1558 17003
1558 17850
1559 891
1559 1074
1559 1347
1559 2763
1559 3054
1559 3808
1559 4059
1559 4441
1559 4546
1559 4701
1559 5000
1559 5325
1559 5417
1559 5523
1559 5800
1559 6002
1559 6345
1559 6449
1559 6771
1559 6868
1559 7279
1559 7393
1559 7718
1559 7950
1559 9409
1559 9569
1559 10051
1559 10085
1559 10414
1559 10533
1559 10896
1559 11193
1559 11299
1559 11479
1559 12950
1559 13106
1559 13340
1559 13586
1559 13669
1559 14445
1559 14501
1559 14804
1559 15418
1559 15759
1559 16114
1559 16183
1559 16364
1559 17004
1559 17851
1560 892
1560 1075
1560 1348
1560 2764
1560 3055
1560 3697
1560 4060
1560 4442
1560 4547
1560 4702
1560 5001
1560 5326
1560 5418
1560 5524
1560 5801
1560 6003
1560 6346
1560 6450
1560 6772
1560 6869
1560 7280
1560 7394
1560 7719
1560 7951
1560 9410
1560 9570
1560 10052
1560 10086
1560 10415
1560 10534
1560 10897
1560 11194
1560 11300
1560 11480
1560 12951
1560 13107
1560 13341
1560 13587
1560 13670
1560 14446
1560 14502
1560 14805
1560 15419
1560 15760
1560 16115
1560 16184
1560 16365
1560 17005
1560 17852
1561 893
1561 1076
1561 1349
1561 2765
1561 3056
1561 3698
1561 4061
1561 4443
1561 4548
1561 4703
1561 5002
1561 5327
1561 5419
1561 5525
1561 5802
1561 6004
1561 6347
1561 6451
1561 6773
1561 6870
1561 7169
1561 7395
1561 7720
1561 7952
1561 9411
1561 9571
1561 10053
1561 10087
1561 10416
1561 10535
1561 10898
1561 11195
1561 11301
1561 11481
1561 12952
1561 13108
1561 13342
1561 13588
1561 13671
1561 14447
1561 14503
1561 14806
1561 15420
1561 15761
1561 16116
1561 16185
1561 16366
1561 17006
1561 17853
1562 894
1562 1077
1562 1350
1562 2766
1562 3057
1562 3699
1562 4062
1562 4444
1562 4549
1562 4704
1562 5003
1562 5328
1562 5420
1562 5526
1562 5803
1562 6005
1562 6348
1562 6452
1562 6774
1562 6871
1562 7170
1562 7396
1562 7721
1562 7841
1562 9412
1562 9572
1562 10054
1562 10088
1562 10305
1562 10536
1562 10899
1562 11196
1562 11302
1562 11482
1562 12953
1562 13109
1562 13343
1562 13589
1562 13672
1562 14448
1562 14504
1562 14807
1562 15421
1562 15762
1562 16117
1562 16186
1562 16367
1562 17007
1562 17854
1563 895
1563 1078
1563 1351
1563 2767
1563 3058
1563 3700
1563 4063
1563 4445
1563 4550
1563 4593
1563 5004
1563 5329
1563 5421
1563 5527
1563 5804
1563 6006
1563 6349
1563 6453
1563 6775
1563 6872
1563 7171
1563 7397
1563 7722
1563 7842
1563 9413
1563 9573
1563 10055
1563 10089
1563 10306
1563 10537
1563 10900
1563 11197
1563 11303
1563 11483
1563 12954
1563 13110
1563 13344
1563 13590
1563 13673
1563 14337
1563 14505
1563 14808
1563 15422
1563 15763
1563 16118
1563 16187
1563 16368
1563 17008
1563 17855
1564 896
1564 1079
1564 1352
1564 2768
1564 3059
1564 3701
1564 4064
1564 4446
1564 4551
1564 4594
1564 5005
1564 5330
1564 5422
1564 5528
1564 5805
1564 6007
1564 6350
1564 6454
1564 6776
1564 6873
1564 7172
1564 7398
1564 7723
1564 7843
1564 9414
1564 9574
1564 10056
1564 10090
1564 10307
1564 10538
1564 10901
1564 11198
1564 11304
1564 11484
1564 12955
1564 13111
1564 13345
1564 13591
1564 13674
1564 14338
1564 14506
1564 14809
1564 15423
1564 15764
1564 16119
1564 16188
1564 16369
1564 17009
1564 17856
1565 785
1565 1080
1565 1353
1565 2769
1565 3060
1565 3702
1565 4065
1565 4447
1565 4552
1565 4595
1565 5006
1565 5331
1565 5423
1565 5529
1565 5806
1565 6008
1565 6351
1565 6455
1565 6777
1565 6874
1565 7173
1565 7399
1565 7724
1565 7844
1565 9415
1565 9575
1565 10057
1565 10091
1565 10308
1565 10539
1565 10902
1565 11199
1565 11305
1565 11485
1565 12956
1565 13112
1565 13346
1565 13592
1565 13675
1565 14339
1565 14507
1565 14810
1565 15424
1565 15765
1565 16120
1565 16189
1565 16370
1565 17010
1565 17857
1566 786
1566 1081
1566 1354
1566 2770
1566 3061
1566 3703
1566 4066
1566 4448
1566 4553
1566 4596
1566 5007
1566 5332
1566 5424
1566 5530
1566 5807
1566 6009
1566 6352
1566 6456
1566 6778
1566 6875
1566 7174
1566 7400
1566 7725
1566 7845
1566 9416
1566 9576
1566 10058
1566 10092
1566 10309
1566 10540
1566 10903
1566 11200
1566 11306
1566 11486
1566 12957
1566 13113
1566 13347
1566 13593
1566 13676
1566 14340
1566 14508
1566 14811
1566 15425
1566 15766
1566 16121
1566 16190
1566 16371
1566 17011
1566 17858
1567 787
1567 1082
1567 1355
1567 2771
1567 3062
1567 3704
1567 4067
1567 4449
1567 4554
1567 4597
1567 5008
1567 5333
1567 5425
1567 5531
1567 5808
1567 6010
1567 6353
1567 6457
1567 6779
1567 6876
1567 7175
1567 7401
1567 7726
1567 7846
1567 9417
1567 9577
1567 10059
1567 10093
1567 10310
1567 10541
1567 10904
1567 11089
1567 11307
1567 11487
1567 12958
1567 13114
1567 13348
1567 13594
1567 13677
1567 14341
1567 14509
1567 14812
1567 15426
1567 15767
1567 16122
1567 16191
1567 16372
1567 17012
1567 17859
1568 788
1568 1083
1568 1356
1568 2772
1568 3063
1568 3705
1568 4068
1568 4450
1568 4555
1568 4598
1568 5009
1568 5334
1568 5426
1568 5532
1568 5809
1568 6011
1568 6354
1568 6458
1568 6780
1568 6877
1568 7176
1568 7402
1568 7727
1568 7847
1568 9418
1568 9578
1568 10060
1568 10094
1568 10311
1568 10542
1568 10905
1568 11090
1568 11308
1568 11488
1568 12959
1568 13115
1568 13349
1568 13595
1568 13678
1568 14342
1568 14510
1568 14813
1568 15427
1568 15768
1568 16123
1568 16192
1568 16373
1568 17013
1568 17860
1569 536
1569 1147
1569 1468
1569 2735
1569 2878
1569 3834
1569 4049
1569 4158
1569 4625
1569 4726
1569 5021
1569 5114
1569 5448
1569 5555
1569 5672
1569 6140
1569 6434
1569 6510
1569 6891
1569 7051
1569 7282
1569 7614
1569 7775
1569 8046
1569 9538
1569 9698
1569 10131
1569 10270
1569 10417
1569 10709
1569 10778
1569 11026
1569 11388
1569 11577
1569 12620
1569 13034
1569 13287
1569 13714
1569 13845
1569 14509
1569 14654
1569 14976
1569 15515
1569 15730
1569 15881
1569 16326
1569 16557
1569 16582
1569 17516
1570 537
1570 1148
1570 1469
1570 2736
1570 2879
1570 3835
1570 4050
1570 4159
1570 4626
1570 4727
1570 5022
1570 5115
1570 5449
1570 5556
1570 5673
1570 6141
1570 6435
1570 6511
1570 6892
1570 7052
1570 7283
1570 7615
1570 7776
1570 8047
1570 9539
1570 9699
1570 10132
1570 10271
1570 10418
1570 10710
1570 10779
1570 11027
1570 11389
1570 11578
1570 12621
1570 13035
1570 13288
1570 13715
1570 13846
1570 14510
1570 14655
1570 14977
1570 15516
1570 15731
1570 15882
1570 16327
1570 16558
1570 16583
1570 17517
1571 538
1571 1149
1571 1470
1571 2737
1571 2880
1571 3836
1571 4051
1571 4160
1571 4627
1571 4728
1571 5023
1571 5116
1571 5450
1571 5557
1571 5674
1571 6142
1571 6436
1571 6512
1571 6893
1571 7053
1571 7284
1571 7616
1571 7777
1571 8048
1571 9540
1571 9700
1571 10133
1571 10272
1571 10419
1571 10711
1571 10780
1571 11028
1571 11390
1571 11579
1571 12622
1571 13036
1571 13289
1571 13716
1571 13847
1571 14511
1571 14656
1571 14978
1571 15517
1571 15732
1571 15883
1571 16328
1571 16559
1571 16584
1571 17518
1572 539
1572 1150
1572 1471
1572 2738
1572 2881
1572 3837
1572 4052
1572 4161
1572 4628
1572 4729
1572 5024
1572 5117
1572 5451
1572 5558
1572 5675
1572 6143
1572 6437
1572 6513
1572 6894
1572 7054
1572 7285
1572 7505
1572 7778
1572 8049
1572 9541
1572 9701
1572 10134
1572 10273
1572 10420
1572 10712
1572 10781
1572 11029
1572 11391
1572 11580
1572 12623
1572 13037
1572 13290
1572 13717
1572 13848
1572 14512
1572 14657
1572 14979
1572 15518
1572 15733
1572 15884
1572 16329
1572 16560
1572 16585
1572 17519
1573 540
1573 1151
1573 1472
1573 2739
1573 2882
1573 3838
1573 4053
1573 4162
1573 4629
1573 4730
1573 5025
1573 5118
1573 5452
1573 5559
1573 5676
1573 6144
1573 6438
1573 6514
1573 6895
1573 7055
1573 7286
1573 7506
1573 7779
1573 8050
1573 9542
1573 9702
1573 10135
1573 10274
1573 10421
1573 10713
1573 10782
1573 11030
1573 11392
1573 11581
1573 12624
1573 13038
1573 13291
1573 13718
1573 13849
1573 14513
1573 14658
1573 14980
1573 15519
1573 15734
1573 15885
1573 16330
1573 16561
1573 16586
1573 17520
1574 541
1574 1152
1574 1473
1574 2740
1574 2883
1574 3839
1574 4054
1574 4163
1574 4630
1574 4731
1574 5026
1574 5119
1574 5453
1574 5560
1574 5677
1574 6145
1574 6439
1574 6515
1574 6896
1574 7056
1574 7287
1574 7507
1574 7780
1574 8051
1574 9543
1574 9703
1574 10136
1574 10275
1574 10422
1574 10714
1574 10783
1574 11031
1574 11393
1574 11582
1574 12625
1574 13039
1574 13292
1574 13719
1574 13850
1574 14514
1574 14659
1574 14981
1574 15520
1574 15735
1574 15886
1574 16331
1574 16562
1574 16587
1574 17521
1575 542
1575 1153
1575 1474
1575 2741
1575 2884
1575 3840
1575 4055
1575 4164
1575 4631
1575 4732
1575 5027
1575 5120
1575 5454
1575 5561
1575 5678
1575 6146
1575 6440
1575 6516
1575 6897
1575 6945
1575 7288
1575 7508
1575 7781
1575 8052
1575 9544
1575 9704
1575 10137
1575 10276
1575 10423
1575 10715
1575 10784
1575 11032
1575 11394
1575 11583
1575 12626
1575 13040
1575 13293
1575 13720
1575 13851
1575 14515
1575 14660
1575 14982
1575 15521
1575 15736
1575 15887
1575 16332
1575 16563
1575 16588
1575 17522
1576 543
1576 1154
1576 1475
1576 2742
1576 2885
1576 3841
1576 4056
1576 4165
1576 4632
1576 4733
1576 5028
1576 5121
1576 5455
1576 5562
1576 5679
1576 6147
1576 6441
1576 6517
1576 6898
1576 6946
1576 7289
1576 7509
1576 7782
1576 8053
1576 9545
1576 9705
1576 10138
1576 10277
1576 10424
1576 10716
1576 10785
1576 11033
1576 11395
1576 11584
1576 12627
1576 13041
1576 13294
1576 13721
1576 13852
1576 14516
1576 14661
1576 14983
1576 15522
1576 15737
1576 15888
1576 16333
1576 16564
1576 16589
1576 17523
1577 544
1577 1155
1577 1476
1577 2743
1577 2886
1577 3842
1577 4057
1577 4166
1577 4633
1577 4734
1577 5029
1577 5122
1577 5456
1577 5563
1577 5680
1577 6148
1577 6442
1577 6518
1577 6899
1577 6947
1577 7290
1577 7510
1577 7783
1577 8054
1577 9546
1577 9706
1577 10139
1577 10278
1577 10425
1577 10717
1577 10786
1577 11034
1577 11396
1577 11585
1577 12628
1577 13042
1577 13295
1577 13722
1577 13853
1577 14517
1577 14662
1577 14984
1577 15523
1577 15738
1577 15889
1577 16334
1577 16565
1577 16590
1577 17524
1578 545
1578 1156
1578 1477
1578 2744
1578 2887
1578 3843
1578 4058
1578 4167
1578 4634
1578 4735
1578 5030
1578 5123
1578 5457
1578 5564
1578 5681
1578 6149
1578 6443
1578 6519
1578 6900
1578 6948
1578 7291
1578 7511
1578 7784
1578 8055
1578 9547
1578 9707
1578 10140
1578 10279
1578 10426
1578 10718
1578 10787
1578 11035
1578 11397
1578 11586
1578 12629
1578 13043
1578 13296
1578 13723
1578 13854
1578 14518
1578 14663
1578 14985
1578 15524
1578 15739
1578 15890
1578 16335
1578 16566
1578 16591
1578 17525
1579 546
1579 1157
1579 1478
1579 2745
1579 2888
1579 3844
1579 4059
1579 4168
1579 4635
1579 4736
1579 5031
1579 5124
1579 5458
1579 5565
1579 5682
1579 6150
1579 6444
1579 6520
1579 6901
1579 6949
1579 7292
1579 7512
1579 7785
1579 8056
1579 9548
1579 9708
1579 10141
1579 10280
1579 10427
1579 10719
1579 10788
1579 11036
1579 11398
1579 11587
1579 12630
1579 13044
1579 13297
1579 13724
1579 13855
1579 14519
1579 14664
1579 14986
1579 15525
1579 15740
1579 15891
1579 16336
1579 16567
1579 16592
1579 17526
1580 547
1580 1158
1580 1479
1580 2746
1580 2889
1580 3845
1580 4060
1580 4169
1580 4636
1580 4737
1580 5032
1580 5125
1580 5459
1580 5566
1580 5683
1580 6151
1580 6445
1580 6521
1580 6902
1580 6950
1580 7293
1580 7513
1580 7786
1580 8057
1580 9549
1580 9709
1580 10142
1580 10281
1580 10428
1580 10720
1580 10789
1580 11037
1580 11399
1580 11588
1580 12631
1580 13045
1580 13298
1580 13725
1580 13856
1580 14520
1580 14665
1580 14987
1580 15526
1580 15741
1580 15892
1580 16337
1580 16568
1580 16593
1580 17527
1581 548
1581 1159
1581 1480
1581 2747
1581 2890
1581 3846
1581 4061
1581 4170
1581 4637
1581 4738
1581 5033
1581 5126
1581 5460
1581 5567
1581 5684
1581 6152
1581 6446
1581 6522
1581 6903
1581 6951
1581 7294
1581 7514
1581 7787
1581 8058
1581 9550
1581 9710
1581 10143
1581 10282
1581 10429
1581 10721
1581 10790
1581 11038
1581 11400
1581 11589
1581 12632
1581 13046
1581 13299
1581 13726
1581 13857
1581 14521
1581 14666
1581 14988
1581 15527
1581 15742
1581 15893
1581 16338
1581 16569
1581 16594
1581 17528
1582 549
1582 1160
1582 1481
1582 2748
1582 2891
1582 3847
1582 4062
1582 4171
1582 4638
1582 4739
1582 5034
1582 5127
1582 5461
1582 5568
1582 5685
1582 6153
1582 6447
1582 6523
1582 6904
1582 6952
1582 7295
1582 7515
1582 7788
1582 8059
1582 9551
1582 9711
1582 10144
1582 10283
1582 10430
1582 10722
1582 10791
1582 11039
1582 11401
1582 11590
1582 12633
1582 13047
1582 13300
1582 13727
1582 13858
1582 14522
1582 14667
1582 14989
1582 15528
1582 15743
1582 15894
1582 16339
1582 16570
1582 16595
1582 17529
1583 550
1583 1161
1583 1482
1583 2749
1583 2892
1583 3848
1583 4063
1583 4172
1583 4639
1583 4740
1583 5035
1583 5128
1583 5462
1583 5569
1583 5686
1583 6154
1583 6448
1583 6524
1583 6905
1583 6953
1583 7296
1583 7516
1583 7789
1583 8060
1583 9552
1583 9712
1583 10145
1583 10284
1583 10431
1583 10723
1583 10792
1583 11040
1583 11402
1583 11591
1583 12634
1583 13048
1583 13301
1583 13728
1583 13859
1583 14523
1583 14668
1583 14990
1583 15529
1583 15744
1583 15895
1583 16340
1583 16571
1583 16596
1583 17530
1584 551
1584 1162
1584 1483
1584 2750
1584 2893
1584 3849
1584 4064
1584 4173
1584 4640
1584 4741
1584 5036
1584 5129
1584 5463
1584 5570
1584 5687
1584 6155
1584 6449
1584 6525
1584 6906
1584 6954
1584 7297
1584 7517
1584 7790
1584 8061
1584 9553
1584 9713
1584 10146
1584 10285
1584 10432
1584 10724
1584 10793
1584 11041
1584 11403
1584 11592
1584 12635
1584 13049
1584 13302
1584 13729
1584 13860
1584 14524
1584 14669
1584 14991
1584 15530
1584 15745
1584 15896
1584 16341
1584 16572
1584 16597
1584 17531
1585 552
1585 1163
1585 1484
1585 2751
1585 2894
1585 3850
1585 4065
1585 4174
1585 4641
1585 4742
1585 5037
1585 5130
1585 5464
1585 5571
1585 5688
1585 6156
1585 6450
1585 6526
1585 6907
1585 6955
1585 7298
1585 7518
1585 7791
1585 8062
1585 9554
1585 9714
1585 10147
1585 10286
1585 10433
1585 10725
1585 10794
1585 11042
1585 11404
1585 11593
1585 12636
1585 13050
1585 13303
1585 13730
1585 13861
1585 14525
1585 14670
1585 14992
1585 15531
1585 15746
1585 15897
1585 16342
1585 16573
1585 16598
1585 17532
1586 553
1586 1164
1586 1485
1586 2752
1586 2895
1586 3851
1586 4066
1586 4175
1586 4642
1586 4743
1586 5038
1586 5131
1586 5465
1586 5572
1586 5689
1586 6157
1586 6451
1586 6527
1586 6908
1586 6956
1586 7299
1586 7519
1586 7792
1586 8063
1586 9555
1586 9715
1586 10148
1586 10287
1586 10434
1586 10726
1586 10795
1586 11043
1586 11405
1586 11594
1586 12637
1586 13051
1586 13304
1586 13731
1586 13862
1586 14526
1586 14671
1586 14993
1586 15532
1586 15747
1586 15898
1586 16343
1586 16574
1586 16599
1586 17533
1587 554
1587 1165
1587 1486
1587 2753
1587 2896
1587 3852
1587 4067
1587 4176
1587 4643
1587 4744
1587 5039
1587 5132
1587 5466
1587 5573
1587 5690
1587 6158
1587 6452
1587 6528
1587 6909
1587 6957
1587 7300
1587 7520
1587 7793
1587 8064
1587 9556
1587 9716
1587 10149
1587 10288
1587 10435
1587 10727
1587 10796
1587 11044
1587 11406
1587 11595
1587 12638
1587 13052
1587 13305
1587 13732
1587 13863
1587 14527
1587 14672
1587 14994
1587 15533
1587 15748
1587 15899
1587 16344
1587 16575
1587 16600
1587 17534
1588 555
1588 1166
1588 1487
1588 2754
1588 2897
1588 3853
1588 4068
1588 4177
1588 4644
1588 4745
1588 5040
1588 5133
1588 5467
1588 5574
1588 5691
1588 6159
1588 6453
1588 6529
1588 6910
1588 6958
1588 7301
1588 7521
1588 7794
1588 7953
1588 9557
1588 9717
1588 10150
1588 10289
1588 10436
1588 10728
1588 10797
1588 11045
1588 11407
1588 11596
1588 12639
1588 13053
1588 13306
1588 13733
1588 13864
1588 14528
1588 14561
1588 14995
1588 15534
1588 15749
1588 15900
1588 16345
1588 16576
1588 16601
1588 17535
1589 556
1589 1167
1589 1488
1589 2755
1589 2898
1589 3854
1589 4069
1589 4178
1589 4645
1589 4746
1589 4929
1589 5134
1589 5468
1589 5575
1589 5692
1589 6160
1589 6454
1589 6530
1589 6911
1589 6959
1589 7302
1589 7522
1589 7795
1589 7954
1589 9558
1589 9718
1589 10151
1589 10290
1589 10437
1589 10729
1589 10798
1589 11046
1589 11408
1589 11597
1589 12640
1589 13054
1589 13307
1589 13734
1589 13865
1589 14529
1589 14562
1589 14996
1589 15535
1589 15750
1589 15901
1589 16346
1589 16465
1589 16602
1589 17536
1590 557
1590 1168
1590 1489
1590 2756
1590 2899
1590 3855
1590 4070
1590 4179
1590 4646
1590 4747
1590 4930
1590 5135
1590 5469
1590 5576
1590 5693
1590 6049
1590 6455
1590 6531
1590 6912
1590 6960
1590 7303
1590 7523
1590 7796
1590 7955
1590 9559
1590 9719
1590 10152
1590 10291
1590 10438
1590 10730
1590 10799
1590 11047
1590 11409
1590 11598
1590 12641
1590 13055
1590 13308
1590 13735
1590 13866
1590 14530
1590 14563
1590 14997
1590 15536
1590 15751
1590 15902
1590 16347
1590 16466
1590 16603
1590 17537
1591 558
1591 1169
1591 1490
1591 2757
1591 2900
1591 3856
1591 4071
1591 4180
1591 4647
1591 4748
1591 4931
1591 5136
1591 5470
1591 5577
1591 5694
1591 6050
1591 6456
1591 6532
1591 6913
1591 6961
1591 7304
1591 7524
1591 7797
1591 7956
1591 9560
1591 9720
1591 10153
1591 10292
1591 10439
1591 10731
1591 10800
1591 11048
1591 11410
1591 11599
1591 12642
1591 13056
1591 13309
1591 13736
1591 13867
1591 14531
1591 14564
1591 14998
1591 15537
1591 15752
1591 15903
1591 16348
1591 16467
1591 16604
1591 17538
1592 559
1592 1170
1592 1491
1592 2758
1592 2901
1592 3857
1592 4072
1592 4181
1592 4648
1592 4749
1592 4932
1592 5137
1592 5471
1592 5578
1592 5695
1592 6051
1592 6457
1592 6533
1592 6914
1592 6962
1592 7305
1592 7525
1592 7798
1592 7957
1592 9561
1592 9721
1592 10154
1592 10293
1592 10440
1592 10732
1592 10801
1592 11049
1592 11411
1592 11600
1592 12643
1592 13057
1592 13310
1592 13737
1592 13868
1592 14532
1592 14565
1592 14999
1592 15538
1592 15753
1592 15904
1592 16349
1592 16468
1592 16605
1592 17539
1593 560
1593 1171
1593 1492
1593 2759
1593 2902
1593 3858
1593 4073
1593 4182
1593 4649
1593 4750
1593 4933
1593 5138
1593 5472
1593 5579
1593 5696
1593 6052
1593 6458
1593 6534
1593 6915
1593 6963
1593 7306
1593 7526
1593 7799
1593 7958
1593 9562
1593 9722
1593 10155
1593 10294
1593 10441
1593 10733
1593 10802
1593 11050
1593 11412
1593 11601
1593 12644
1593 13058
1593 13311
1593 13738
1593 13869
1593 14533
1593 14566
1593 15000
1593 15539
1593 15754
1593 15793
1593 16350
1593 16469
1593 16606
1593 17540
1594 449
1594 1172
1594 1493
1594 2760
1594 2903
1594 3859
1594 4074
1594 4183
1594 4650
1594 4751
1594 4934
1594 5139
1594 5473
1594 5580
1594 5697
1594 6053
1594 6459
1594 6535
1594 6916
1594 6964
1594 7307
1594 7527
1594 7800
1594 7959
1594 9563
1594 9723
1594 10156
1594 10295
1594 10442
1594 10734
1594 10803
1594 11051
1594 11413
1594 11602
1594 12645
1594 13059
1594 13312
1594 13739
1594 13870
1594 14534
1594 14567
1594 15001
1594 15540
1594 15755
1594 15794
1594 16351
1594 16470
1594 16607
1594 17541
1595 450
1595 1173
1595 1494
1595 2761
1595 2904
1595 3860
1595 4075
1595 4184
1595 4651
1595 4752
1595 4935
1595 5140
1595 5474
1595 5581
1595 5698
1595 6054
1595 6460
1595 6536
1595 6917
1595 6965
1595 7308
1595 7528
1595 7801
1595 7960
1595 9564
1595 9724
1595 10157
1595 10296
1595 10443
1595 10735
1595 10804
1595 11052
1595 11414
1595 11603
1595 12646
1595 13060
1595 13313
1595 13740
1595 13871
1595 14535
1595 14568
1595 15002
1595 15541
1595 15756
1595 15795
1595 16352
1595 16471
1595 16608
1595 17542
1596 451
1596 1174
1596 1495
1596 2762
1596 2905
1596 3861
1596 4076
1596 4185
1596 4652
1596 4753
1596 4936
1596 5141
1596 5475
1596 5582
1596 5699
1596 6055
1596 6461
1596 6537
1596 6918
1596 6966
1596 7309
1596 7529
1596 7802
1596 7961
1596 9565
1596 9725
1596 10158
1596 10297
1596 10444
1596 10736
1596 10805
1596 11053
1596 11415
1596 11604
1596 12647
1596 13061
1596 13314
1596 13741
1596 13872
1596 14536
1596 14569
1596 15003
1596 15542
1596 15757
1596 15796
1596 16241
1596 16472
1596 16609
1596 17543
1597 452
1597 1175
1597 1496
1597 2763
1597 2906
1597 3862
1597 4077
1597 4186
1597 4653
1597 4754
1597 4937
1597 5142
1597 5476
1597 5583
1597 5700
1597 6056
1597 6462
1597 6538
1597 6919
1597 6967
1597 7310
1597 7530
1597 7803
1597 7962
1597 9566
1597 9726
1597 10159
1597 10298
1597 10445
1597 10737
1597 10806
1597 11054
1597 11416
1597 11605
1597 12648
1597 13062
1597 13315
1597 13742
1597 13873
1597 14537
1597 14570
1597 15004
1597 15543
1597 15758
1597 15797
1597 16242
1597 16473
1597 16610
1597 17544
1598 453
1598 1176
1598 1497
1598 2764
1598 2907
1598 3863
1598 4078
1598 4187
1598 4654
1598 4755
1598 4938
1598 5143
1598 5477
1598 5584
1598 5701
1598 6057
1598 6463
1598 6539
1598 6920
1598 6968
1598 7311
1598 7531
1598 7804
1598 7963
1598 9567
1598 9727
1598 10160
1598 10299
1598 10446
1598 10738
1598 10807
1598 11055
1598 11417
1598 11606
1598 12649
1598 13063
1598 13316
1598 13743
1598 13874
1598 14538
1598 14571
1598 15005
1598 15544
1598 15759
1598 15798
1598 16243
1598 16474
1598 16611
1598 17545
1599 454
1599 1177
1599 1498
1599 2765
1599 2908
1599 3864
1599 4079
1599 4188
1599 4655
1599 4756
1599 4939
1599 5144
1599 5478
1599 5585
1599 5702
1599 6058
1599 6464
1599 6540
1599 6921
1599 6969
1599 7312
1599 7532
1599 7805
1599 7964
1599 9568
1599 9728
1599 10161
1599 10300
1599 10447
1599 10739
1599 10808
1599 11056
1599 11418
1599 11607
1599 12650
1599 13064
1599 13317
1599 13744
1599 13875
1599 14539
1599 14572
1599 15006
1599 15545
1599 15760
1599 15799
1599 16244
1599 16475
1599 16612
1599 17546
1600 455
1600 1178
1600 1499
1600 2766
1600 2909
1600 3865
1600 4080
1600 4189
1600 4656
1600 4757
1600 4940
1600 5145
1600 5479
1600 5586
1600 5703
1600 6059
1600 6465
1600 6541
1600 6922
1600 6970
1600 7313
1600 7533
1600 7806
1600 7965
1600 9569
1600 9729
1600 10162
1600 10301
1600 10448
1600 10740
1600 10809
1600 11057
1600 11419
1600 11608
1600 12651
1600 13065
1600 13318
1600 13745
1600 13876
1600 14540
1600 14573
1600 15007
1600 15546
1600 15761
1600 15800
1600 16245
1600 16476
1600 16613
1600 17547
1601 456
1601 1179
1601 1500
1601 2767
1601 2910
1601 3866
1601 4081
1601 4190
1601 4657
1601 4758
1601 4941
1601 5146
1601 5480
1601 5587
1601 5704
1601 6060
1601 6466
1601 6542
1601 6923
1601 6971
1601 7314
1601 7534
1601 7807
1601 7966
1601 9570
1601 9730
1601 10163
1601 10302
1601 10449
1601 10741
1601 10810
1601 11058
1601 11420
1601 11609
1601 12652
1601 13066
1601 13319
1601 13746
1601 13877
1601 14541
1601 14574
1601 15008
1601 15547
1601 15762
1601 15801
1601 16246
1601 16477
1601 16614
1601 17548
1602 457
1602 1180
1602 1501
1602 2768
1602 2911
1602 3867
1602 4082
1602 4191
1602 4658
1602 4759
1602 4942
1602 5147
1602 5481
1602 5588
1602 5705
1602 6061
1602 6467
1602 6543
1602 6924
1602 6972
1602 7315
1602 7535
1602 7808
1602 7967
1602 9571
1602 9731
1602 10164
1602 10303
1602 10450
1602 10742
1602 10811
1602 11059
1602 11421
1602 11610
1602 12653
1602 13067
1602 13320
1602 13747
1602 13878
1602 14542
1602 14575
1602 14897
1602 15548
1602 15763
1602 15802
1602 16247
1602 16478
1602 16615
1602 17549
1603 458
1603 1181
1603 1502
1603 2769
1603 2912
1603 3868
1603 4083
1603 4192
1603 4659
1603 4760
1603 4943
1603 5148
1603 5482
1603 5589
1603 5706
1603 6062
1603 6468
1603 6544
1603 6925
1603 6973
1603 7316
1603 7536
1603 7809
1603 7968
1603 9572
1603 9732
1603 10165
1603 10304
1603 10451
1603 10743
1603 10812
1603 11060
1603 11422
1603 11611
1603 12654
1603 13068
1603 13321
1603 13748
1603 13879
1603 14543
1603 14576
1603 14898
1603 15549
1603 15764
1603 15803
1603 16248
1603 16479
1603 16616
1603 17550
1604 459
1604 1182
1604 1503
1604 2770
1604 2801
1604 3869
1604 4084
1604 4193
1604 4660
1604 4761
1604 4944
1604 5149
1604 5483
1604 5590
1604 5707
1604 6063
1604 6469
1604 6545
1604 6926
1604 6974
1604 7317
1604 7537
1604 7810
1604 7969
1604 9573
1604 9733
1604 10166
1604 10193
1604 10452
1604 10744
1604 10813
1604 11061
1604 11423
1604 11612
1604 12655
1604 13069
1604 13322
1604 13749
1604 13880
1604 14544
1604 14577
1604 14899
1604 15550
1604 15765
1604 15804
1604 16249
1604 16480
1604 16617
1604 17551
1605 460
1605 1183
1605 1504
1605 2771
1605 2802
1605 3870
1605 4085
1605 4194
1605 4661
1605 4762
1605 4945
1605 5150
1605 5484
1605 5591
1605 5708
1605 6064
1605 6470
1605 6546
1605 6927
1605 6975
1605 7318
1605 7538
1605 7811
1605 7970
1605 9574
1605 9734
1605 10167
1605 10194
1605 10453
1605 10745
1605 10814
1605 11062
1605 11424
1605 11613
1605 12656
1605 13070
1605 13323
1605 13750
1605 13881
1605 14545
1605 14578
1605 14900
1605 15551
1605 15766
1605 15805
1605 16250
1605 16481
1605 16618
1605 17552
1606 461
1606 1184
1606 1505
1606 2772
1606 2803
1606 3871
1606 4086
1606 4195
1606 4662
1606 4763
1606 4946
1606 5151
1606 5485
1606 5592
1606 5709
1606 6065
1606 6471
1606 6547
1606 6928
1606 6976
1606 7319
1606 7539
1606 7812
1606 7971
1606 9575
1606 9735
1606 10168
1606 10195
1606 10454
1606 10746
1606 10815
1606 11063
1606 11313
1606 11614
1606 12545
1606 13071
1606 13324
1606 13751
1606 13882
1606 14546
1606 14579
1606 14901
1606 15552
1606 15767
1606 15806
1606 16251
1606 16482
1606 16619
1606 17553
1607 462
1607 1185
1607 1506
1607 2773
1607 2804
1607 3872
1607 4087
1607 4196
1607 4663
1607 4764
1607 4947
1607 5152
1607 5486
1607 5593
1607 5710
1607 6066
1607 6472
1607 6548
1607 6929
1607 6977
1607 7320
1607 7540
1607 7813
1607 7972
1607 9576
1607 9736
1607 10169
1607 10196
1607 10455
1607 10747
1607 10816
1607 11064
1607 11314
1607 11615
1607 12546
1607 13072
1607 13325
1607 13752
1607 13883
1607 14547
1607 14580
1607 14902
1607 15553
1607 15768
1607 15807
1607 16252
1607 16483
1607 16620
1607 17554
1608 463
1608 1186
1608 1507
1608 2774
1608 2805
1608 3873
1608 4088
1608 4197
1608 4664
1608 4765
1608 4948
1608 5041
1608 5487
1608 5594
1608 5711
1608 6067
1608 6473
1608 6549
1608 6930
1608 6978
1608 7321
1608 7541
1608 7814
1608 7973
1608 9577
1608 9737
1608 10170
1608 10197
1608 10456
1608 10748
1608 10817
1608 11065
1608 11315
1608 11616
1608 12547
1608 13073
1608 13326
1608 13753
1608 13884
1608 14548
1608 14581
1608 14903
1608 15554
1608 15769
1608 15808
1608 16253
1608 16484
1608 16621
1608 17555
1609 464
1609 1187
1609 1508
1609 2775
1609 2806
1609 3874
1609 4089
1609 4198
1609 4665
1609 4766
1609 4949
1609 5042
1609 5488
1609 5595
1609 5712
1609 6068
1609 6474
1609 6550
1609 6931
1609 6979
1609 7322
1609 7542
1609 7815
1609 7974
1609 9578
1609 9738
1609 10171
1609 10198
1609 10457
1609 10749
1609 10818
1609 11066
1609 11316
1609 11617
1609 12548
1609 13074
1609 13327
1609 13754
1609 13885
1609 14549
1609 14582
1609 14904
1609 15555
1609 15770
1609 15809
1609 16254
1609 16485
1609 16622
1609 17556
1610 465
1610 1188
1610 1509
1610 2776
1610 2807
1610 3875
1610 4090
1610 4199
1610 4666
1610 4767
1610 4950
1610 5043
1610 5377
1610 5596
1610 5601
1610 6069
1610 6475
1610 6551
1610 6932
1610 6980
1610 7323
1610 7543
1610 7816
1610 7975
1610 9579
1610 9739
1610 10172
1610 10199
1610 10458
1610 10750
1610 10819
1610 11067
1610 11317
1610 11618
1610 12549
1610 13075
1610 13328
1610 13755
1610 13886
1610 14550
1610 14583
1610 14905
1610 15556
1610 15771
1610 15810
1610 16255
1610 16486
1610 16623
1610 17557
1611 466
1611 1189
1611 1510
1611 2777
1611 2808
1611 3876
1611 4091
1611 4200
1611 4667
1611 4768
1611 4951
1611 5044
1611 5378
1611 5597
1611 5602
1611 6070
1611 6476
1611 6552
1611 6933
1611 6981
1611 7324
1611 7544
1611 7817
1611 7976
1611 9580
1611 9740
1611 10173
1611 10200
1611 10459
1611 10751
1611 10820
1611 11068
1611 11318
1611 11619
1611 12550
1611 13076
1611 13217
1611 13756
1611 13887
1611 14551
1611 14584
1611 14906
1611 15557
1611 15772
1611 15811
1611 16256
1611 16487
1611 16624
1611 17558
1612 467
1612 1190
1612 1511
1612 2778
1612 2809
1612 3877
1612 4092
1612 4201
1612 4668
1612 4769
1612 4952
1612 5045
1612 5379
1612 5598
1612 5603
1612 6071
1612 6477
1612 6553
1612 6934
1612 6982
1612 7325
1612 7545
1612 7818
1612 7977
1612 9581
1612 9741
1612 10174
1612 10201
1612 10460
1612 10752
1612 10821
1612 11069
1612 11319
1612 11620
1612 12551
1612 13077
1612 13218
1612 13757
1612 13888
1612 14552
1612 14585
1612 14907
1612 15558
1612 15773
1612 15812
1612 16257
1612 16488
1612 16625
1612 17559
1613 468
1613 1191
1613 1512
1613 2779
1613 2810
1613 3878
1613 4093
1613 4202
1613 4669
1613 4770
1613 4953
1613 5046
1613 5380
1613 5599
1613 5604
1613 6072
1613 6478
1613 6554
1613 6935
1613 6983
1613 7326
1613 7546
1613 7819
1613 7978
1613 9582
1613 9742
1613 10175
1613 10202
1613 10461
1613 10641
1613 10822
1613 11070
1613 11320
1613 11621
1613 12552
1613 13078
1613 13219
1613 13758
1613 13777
1613 14553
1613 14586
1613 14908
1613 15559
1613 15774
1613 15813
1613 16258
1613 16489
1613 16626
1613 17560
1614 469
1614 1192
1614 1513
1614 2780
1614 2811
1614 3879
1614 4094
1614 4203
1614 4670
1614 4771
1614 4954
1614 5047
1614 5381
1614 5600
1614 5605
1614 6073
1614 6479
1614 6555
1614 6936
1614 6984
1614 7327
1614 7547
1614 7820
1614 7979
1614 9583
1614 9743
1614 10176
1614 10203
1614 10462
1614 10642
1614 10823
1614 11071
1614 11321
1614 11622
1614 12553
1614 13079
1614 13220
1614 13759
1614 13778
1614 14554
1614 14587
1614 14909
1614 15560
1614 15775
1614 15814
1614 16259
1614 16490
1614 16627
1614 17561
1615 470
1615 1193
1615 1514
1615 2781
1615 2812
1615 3880
1615 4095
1615 4204
1615 4671
1615 4772
1615 4955
1615 5048
1615 5382
1615 5489
1615 5606
1615 6074
1615 6480
1615 6556
1615 6937
1615 6985
1615 7328
1615 7548
1615 7821
1615 7980
1615 9584
1615 9744
1615 10177
1615 10204
1615 10463
1615 10643
1615 10824
1615 11072
1615 11322
1615 11623
1615 12554
1615 13080
1615 13221
1615 13760
1615 13779
1615 14555
1615 14588
1615 14910
1615 15561
1615 15776
1615 15815
1615 16260
1615 16491
1615 16628
1615 17562
1616 471
1616 1194
1616 1515
1616 2782
1616 2813
1616 3881
1616 4096
1616 4205
1616 4672
1616 4773
1616 4956
1616 5049
1616 5383
1616 5490
1616 5607
1616 6075
1616 6481
1616 6557
1616 6938
1616 6986
1616 7329
1616 7549
1616 7822
1616 7981
1616 9585
1616 9633
1616 10178
1616 10205
1616 10464
1616 10644
1616 10825
1616 11073
1616 11323
1616 11624
1616 12555
1616 13081
1616 13222
1616 13761
1616 13780
1616 14556
1616 14589
1616 14911
1616 15562
1616 15777
1616 15816
1616 16261
1616 16492
1616 16629
1616 17563
1617 472
1617 1195
1617 1516
1617 2783
1617 2814
1617 3882
1617 4097
1617 4206
1617 4673
1617 4774
1617 4957
1617 5050
1617 5384
1617 5491
1617 5608
1617 6076
1617 6482
1617 6558
1617 6939
1617 6987
1617 7330
1617 7550
1617 7823
1617 7982
1617 9586
1617 9634
1617 10179
1617 10206
1617 10465
1617 10645
1617 10826
1617 11074
1617 11324
1617 11625
1617 12556
1617 13082
1617 13223
1617 13762
1617 13781
1617 14557
1617 14590
1617 14912
1617 15563
1617 15778
1617 15817
1617 16262
1617 16493
1617 16630
1617 17564
1618 473
1618 1196
1618 1517
1618 2784
1618 2815
1618 3883
1618 4098
1618 4207
1618 4674
1618 4775
1618 4958
1618 5051
1618 5385
1618 5492
1618 5609
1618 6077
1618 6483
1618 6559
1618 6940
1618 6988
1618 7331
1618 7551
1618 7824
1618 7983
1618 9587
1618 9635
1618 10180
1618 10207
1618 10466
1618 10646
1618 10827
1618 11075
1618 11325
1618 11626
1618 12557
1618 13083
1618 13224
1618 13763
1618 13782
1618 14558
1618 14591
1618 14913
1618 15564
1618 15779
1618 15818
1618 16263
1618 16494
1618 16631
1618 17565
1619 474
1619 1197
1619 1518
1619 2785
1619 2816
1619 3884
1619 4099
1619 4208
1619 4675
1619 4776
1619 4959
1619 5052
1619 5386
1619 5493
1619 5610
1619 6078
1619 6484
1619 6560
1619 6941
1619 6989
1619 7332
1619 7552
1619 7825
1619 7984
1619 9588
1619 9636
1619 10181
1619 10208
1619 10467
1619 10647
1619 10828
1619 11076
1619 11326
1619 11627
1619 12558
1619 13084
1619 13225
1619 13764
1619 13783
1619 14559
1619 14592
1619 14914
1619 15565
1619 15780
1619 15819
1619 16264
1619 16495
1619 16632
1619 17566
1620 475
1620 1198
1620 1519
1620 2786
1620 2817
1620 3885
1620 4100
1620 4209
1620 4676
1620 4777
1620 4960
1620 5053
1620 5387
1620 5494
1620 5611
1620 6079
1620 6485
1620 6561
1620 6942
1620 6990
1620 7333
1620 7553
1620 7826
1620 7985
1620 9589
1620 9637
1620 10182
1620 10209
1620 10468
1620 10648
1620 10829
1620 11077
1620 11327
1620 11628
1620 12559
1620 13085
1620 13226
1620 13765
1620 13784
1620 14560
1620 14593
1620 14915
1620 15566
1620 15781
1620 15820
1620 16265
1620 16496
1620 16633
1620 17567
1621 476
1621 1199
1621 1520
1621 2787
1621 2818
1621 3886
1621 4101
1621 4210
1621 4677
1621 4778
1621 4961
1621 5054
1621 5388
1621 5495
1621 5612
1621 6080
1621 6486
1621 6562
1621 6943
1621 6991
1621 7334
1621 7554
1621 7827
1621 7986
1621 9590
1621 9638
1621 10183
1621 10210
1621 10469
1621 10649
1621 10830
1621 11078
1621 11328
1621 11629
1621 12560
1621 13086
1621 13227
1621 13766
1621 13785
1621 14449
1621 14594
1621 14916
1621 15567
1621 15782
1621 15821
1621 16266
1621 16497
1621 16634
1621 17568
1622 477
1622 1200
1622 1521
1622 2788
1622 2819
1622 3887
1622 4102
1622 4211
1622 4678
1622 4779
1622 4962
1622 5055
1622 5389
1622 5496
1622 5613
1622 6081
1622 6487
1622 6563
1622 6944
1622 6992
1622 7335
1622 7555
1622 7828
1622 7987
1622 9591
1622 9639
1622 10184
1622 10211
1622 10470
1622 10650
1622 10831
1622 11079
1622 11329
1622 11630
1622 12561
1622 13087
1622 13228
1622 13767
1622 13786
1622 14450
1622 14595
1622 14917
1622 15568
1622 15783
1622 15822
1622 16267
1622 16498
1622 16635
1622 17569
1623 478
1623 1201
1623 1522
1623 2789
1623 2820
1623 3888
1623 4103
1623 4212
1623 4679
1623 4780
1623 4963
1623 5056
1623 5390
1623 5497
1623 5614
1623 6082
1623 6488
1623 6564
1623 6833
1623 6993
1623 7336
1623 7556
1623 7829
1623 7988
1623 9592
1623 9640
1623 10185
1623 10212
1623 10471
1623 10651
1623 10832
1623 11080
1623 11330
1623 11631
1623 12562
1623 13088
1623 13229
1623 13768
1623 13787
1623 14451
1623 14596
1623 14918
1623 15457
1623 15784
1623 15823
1623 16268
1623 16499
1623 16636
1623 17570
1624 479
1624 1202
1624 1523
1624 2790
1624 2821
1624 3889
1624 4104
1624 4213
1624 4680
1624 4781
1624 4964
1624 5057
1624 5391
1624 5498
1624 5615
1624 6083
1624 6489
1624 6565
1624 6834
1624 6994
1624 7337
1624 7557
1624 7830
1624 7989
1624 9593
1624 9641
1624 10186
1624 10213
1624 10472
1624 10652
1624 10833
1624 11081
1624 11331
1624 11632
1624 12563
1624 13089
1624 13230
1624 13769
1624 13788
1624 14452
1624 14597
1624 14919
1624 15458
1624 15785
1624 15824
1624 16269
1624 16500
1624 16637
1624 17571
1625 480
1625 1203
1625 1524
1625 2791
1625 2822
1625 3890
1625 4105
1625 4214
1625 4681
1625 4782
1625 4965
1625 5058
1625 5392
1625 5499
1625 5616
1625 6084
1625 6490
1625 6566
1625 6835
1625 6995
1625 7338
1625 7558
1625 7831
1625 7990
1625 9594
1625 9642
1625 10187
1625 10214
1625 10473
1625 10653
1625 10834
1625 11082
1625 11332
1625 11633
1625 12564
1625 13090
1625 13231
1625 13770
1625 13789
1625 14453
1625 14598
1625 14920
1625 15459
1625 15786
1625 15825
1625 16270
1625 16501
1625 16638
1625 17572
1626 481
1626 1204
1626 1525
1626 2792
1626 2823
1626 3891
1626 4106
1626 4215
1626 4682
1626 4783
1626 4966
1626 5059
1626 5393
1626 5500
1626 5617
1626 6085
1626 6491
1626 6567
1626 6836
1626 6996
1626 7339
1626 7559
1626 7832
1626 7991
1626 9595
1626 9643
1626 10188
1626 10215
1626 10474
1626 10654
1626 10835
1626 11083
1626 11333
1626 11634
1626 12565
1626 13091
1626 13232
1626 13771
1626 13790
1626 14454
1626 14599
1626 14921
1626 15460
1626 15787
1626 15826
1626 16271
1626 16502
1626 16639
1626 17573
1627 482
1627 1205
1627 1526
1627 2793
1627 2824
1627 3892
1627 4107
1627 4216
1627 4683
1627 4784
1627 4967
1627 5060
1627 5394
1627 5501
1627 5618
1627 6086
1627 6492
1627 6568
1627 6837
1627 6997
1627 7340
1627 7560
1627 7833
1627 7992
1627 9596
1627 9644
1627 10189
1627 10216
1627 10475
1627 10655
1627 10836
1627 11084
1627 11334
1627 11635
1627 12566
1627 13092
1627 13233
1627 13772
1627 13791
1627 14455
1627 14600
1627 14922
1627 15461
1627 15788
1627 15827
1627 16272
1627 16503
1627 16640
1627 17574
1628 483
1628 1206
1628 1527
1628 2794
1628 2825
1628 3893
1628 4108
1628 4217
1628 4684
1628 4785
1628 4968
1628 5061
1628 5395
1628 5502
1628 5619
1628 6087
1628 6493
1628 6569
1628 6838
1628 6998
1628 7341
1628 7561
1628 7834
1628 7993
1628 9597
1628 9645
1628 10190
1628 10217
1628 10476
1628 10656
1628 10837
1628 11085
1628 11335
1628 11636
1628 12567
1628 13093
1628 13234
1628 13773
1628 13792
1628 14456
1628 14601
1628 14923
1628 15462
1628 15789
1628 15828
1628 16273
1628 16504
1628 16641
1628 17575
1629 484
1629 1207
1629 1528
1629 2795
1629 2826
1629 3894
1629 4109
1629 4218
1629 4685
1629 4786
1629 4969
1629 5062
1629 5396
1629 5503
1629 5620
1629 6088
1629 6494
1629 6570
1629 6839
1629 6999
1629 7342
1629 7562
1629 7835
1629 7994
1629 9598
1629 9646
1629 10191
1629 10218
1629 10477
1629 10657
1629 10838
1629 11086
1629 11336
1629 11637
1629 12568
1629 13094
1629 13235
1629 13774
1629 13793
1629 14457
1629 14602
1629 14924
1629 15463
1629 15790
1629 15829
1629 16274
1629 16505
1629 16642
1629 17576
1630 485
1630 1208
1630 1529
1630 2796
1630 2827
1630 3895
1630 4110
1630 4219
1630 4686
1630 4787
1630 4970
1630 5063
1630 5397
1630 5504
1630 5621
1630 6089
1630 6495
1630 6571
1630 6840
1630 7000
1630 7343
1630 7563
1630 7836
1630 7995
1630 9599
1630 9647
1630 10192
1630 10219
1630 10478
1630 10658
1630 10839
1630 11087
1630 11337
1630 11638
1630 12569
1630 13095
1630 13236
1630 13775
1630 13794
1630 14458
1630 14603
1630 14925
1630 15464
1630 15791
1630 15830
1630 16275
1630 16506
1630 16643
1630 17577
1631 486
1631 1209
1631 1530
1631 2797
1631 2828
1631 3896
1631 4111
1631 4220
1631 4687
1631 4788
1631 4971
1631 5064
1631 5398
1631 5505
1631 5622
1631 6090
1631 6496
1631 6572
1631 6841
1631 7001
1631 7344
1631 7564
1631 7837
1631 7996
1631 9600
1631 9648
1631 10081
1631 10220
1631 10479
1631 10659
1631 10840
1631 11088
1631 11338
1631 11639
1631 12570
1631 13096
1631 13237
1631 13776
1631 13795
1631 14459
1631 14604
1631 14926
1631 15465
1631 15792
1631 15831
1631 16276
1631 16507
1631 16644
1631 17578
1632 487
1632 1210
1632 1531
1632 2798
1632 2829
1632 3897
1632 4112
1632 4221
1632 4688
1632 4789
1632 4972
1632 5065
1632 5399
1632 5506
1632 5623
1632 6091
1632 6385
1632 6573
1632 6842
1632 7002
1632 7345
1632 7565
1632 7838
1632 7997
1632 9601
1632 9649
1632 10082
1632 10221
1632 10480
1632 10660
1632 10841
1632 10977
1632 11339
1632 11640
1632 12571
1632 13097
1632 13238
1632 13665
1632 13796
1632 14460
1632 14605
1632 14927
1632 15466
1632 15681
1632 15832
1632 16277
1632 16508
1632 16645
1632 17579
1633 488
1633 1211
1633 1532
1633 2799
1633 2830
1633 3898
1633 4113
1633 4222
1633 4689
1633 4790
1633 4973
1633 5066
1633 5400
1633 5507
1633 5624
1633 6092
1633 6386
1633 6574
1633 6843
1633 7003
1633 7346
1633 7566
1633 7839
1633 7998
1633 9602
1633 9650
1633 10083
1633 10222
1633 10481
1633 10661
1633 10842
1633 10978
1633 11340
1633 11641
1633 12572
1633 13098
1633 13239
1633 13666
1633 13797
1633 14461
1633 14606
1633 14928
1633 15467
1633 15682
1633 15833
1633 16278
1633 16509
1633 16646
1633 17580
1634 489
1634 1212
1634 1533
1634 2800
1634 2831
1634 3899
1634 4114
1634 4223
1634 4690
1634 4791
1634 4974
1634 5067
1634 5401
1634 5508
1634 5625
1634 6093
1634 6387
1634 6575
1634 6844
1634 7004
1634 7347
1634 7567
1634 7840
1634 7999
1634 9603
1634 9651
1634 10084
1634 10223
1634 10482
1634 10662
1634 10843
1634 10979
1634 11341
1634 11642
1634 12573
1634 13099
1634 13240
1634 13667
1634 13798
1634 14462
1634 14607
1634 14929
1634 15468
1634 15683
1634 15834
1634 16279
1634 16510
1634 16647
1634 17581
1635 490
1635 1213
1635 1534
1635 2689
1635 2832
1635 3900
1635 4115
1635 4224
1635 4691
1635 4792
1635 4975
1635 5068
1635 5402
1635 5509
1635 5626
1635 6094
1635 6388
1635 6576
1635 6845
1635 7005
1635 7348
1635 7568
1635 7729
1635 8000
1635 9604
1635 9652
1635 10085
1635 10224
1635 10483
1635 10663
1635 10844
1635 10980
1635 11342
1635 11643
1635 12574
1635 13100
1635 13241
1635 13668
1635 13799
1635 14463
1635 14608
1635 14930
1635 15469
1635 15684
1635 15835
1635 16280
1635 16511
1635 16648
1635 17582
1636 491
1636 1214
1636 1535
1636 2690
1636 2833
1636 3901
1636 4116
1636 4225
1636 4692
1636 4793
1636 4976
1636 5069
1636 5403
1636 5510
1636 5627
1636 6095
1636 6389
1636 6577
1636 6846
1636 7006
1636 7349
1636 7569
1636 7730
1636 8001
1636 9605
1636 9653
1636 10086
1636 10225
1636 10484
1636 10664
1636 10845
1636 10981
1636 11343
1636 11644
1636 12575
1636 13101
1636 13242
1636 13669
1636 13800
1636 14464
1636 14609
1636 14931
1636 15470
1636 15685
1636 15836
1636 16281
1636 16512
1636 16649
1636 17583
1637 492
1637 1215
1637 1536
1637 2691
1637 2834
1637 3902
1637 4117
1637 4226
1637 4693
1637 4794
1637 4977
1637 5070
1637 5404
1637 5511
1637 5628
1637 6096
1637 6390
1637 6578
1637 6847
1637 7007
1637 7350
1637 7570
1637 7731
1637 8002
1637 9606
1637 9654
1637 10087
1637 10226
1637 10485
1637 10665
1637 10846
1637 10982
1637 11344
1637 11645
1637 12576
1637 13102
1637 13243
1637 13670
1637 13801
1637 14465
1637 14610
1637 14932
1637 15471
1637 15686
1637 15837
1637 16282
1637 16513
1637 16650
1637 17584
1638 493
1638 1216
1638 1537
1638 2692
1638 2835
1638 3903
1638 4118
1638 4227
1638 4694
1638 4795
1638 4978
1638 5071
1638 5405
1638 5512
1638 5629
1638 6097
1638 6391
1638 6579
1638 6848
1638 7008
1638 7351
1638 7571
1638 7732
1638 8003
1638 9607
1638 9655
1638 10088
1638 10227
1638 10486
1638 10666
1638 10847
1638 10983
1638 11345
1638 11646
1638 12577
1638 13103
1638 13244
1638 13671
1638 13802
1638 14466
1638 14611
1638 14933
1638 15472
1638 15687
1638 15838
1638 16283
1638 16514
1638 16651
1638 17473
1639 494
1639 1217
1639 1538
1639 2693
1639 2836
1639 3904
1639 4119
1639 4228
1639 4695
1639 4796
1639 4979
1639 5072
1639 5406
1639 5513
1639 5630
1639 6098
1639 6392
1639 6580
1639 6849
1639 7009
1639 7352
1639 7572
1639 7733
1639 8004
1639 9608
1639 9656
1639 10089
1639 10228
1639 10487
1639 10667
1639 10848
1639 10984
1639 11346
1639 11647
1639 12578
1639 13104
1639 13245
1639 13672
1639 13803
1639 14467
1639 14612
1639 14934
1639 15473
1639 15688
1639 15839
1639 16284
1639 16515
1639 16652
1639 17474
1640 495
1640 1218
1640 1539
1640 2694
1640 2837
1640 3905
1640 4120
1640 4229
1640 4696
1640 4797
1640 4980
1640 5073
1640 5407
1640 5514
1640 5631
1640 6099
1640 6393
1640 6581
1640 6850
1640 7010
1640 7353
1640 7573
1640 7734
1640 8005
1640 9609
1640 9657
1640 10090
1640 10229
1640 10488
1640 10668
1640 10849
1640 10985
1640 11347
1640 11648
1640 12579
1640 12993
1640 13246
1640 13673
1640 13804
1640 14468
1640 14613
1640 14935
1640 15474
1640 15689
1640 15840
1640 16285
1640 16516
1640 16653
1640 17475
1641 496
1641 1219
1641 1540
1641 2695
1641 2838
1641 3906
1641 4121
1641 4230
1641 4697
1641 4798
1641 4981
1641 5074
1641 5408
1641 5515
1641 5632
1641 6100
1641 6394
1641 6582
1641 6851
1641 7011
1641 7354
1641 7574
1641 7735
1641 8006
1641 9610
1641 9658
1641 10091
1641 10230
1641 10489
1641 10669
1641 10850
1641 10986
1641 11348
1641 11537
1641 12580
1641 12994
1641 13247
1641 13674
1641 13805
1641 14469
1641 14614
1641 14936
1641 15475
1641 15690
1641 15841
1641 16286
1641 16517
1641 16654
1641 17476
1642 497
1642 1220
1642 1541
1642 2696
1642 2839
1642 3907
1642 4122
1642 4231
1642 4698
1642 4799
1642 4982
1642 5075
1642 5409
1642 5516
1642 5633
1642 6101
1642 6395
1642 6583
1642 6852
1642 7012
1642 7355
1642 7575
1642 7736
1642 8007
1642 9611
1642 9659
1642 10092
1642 10231
1642 10490
1642 10670
1642 10851
1642 10987
1642 11349
1642 11538
1642 12581
1642 12995
1642 13248
1642 13675
1642 13806
1642 14470
1642 14615
1642 14937
1642 15476
1642 15691
1642 15842
1642 16287
1642 16518
1642 16655
1642 17477
1643 498
1643 1221
1643 1542
1643 2697
1643 2840
1643 3908
1643 4123
1643 4232
1643 4699
1643 4800
1643 4983
1643 5076
1643 5410
1643 5517
1643 5634
1643 6102
1643 6396
1643 6584
1643 6853
1643 7013
1643 7356
1643 7576
1643 7737
1643 8008
1643 9612
1643 9660
1643 10093
1643 10232
1643 10491
1643 10671
1643 10852
1643 10988
1643 11350
1643 11539
1643 12582
1643 12996
1643 13249
1643 13676
1643 13807
1643 14471
1643 14616
1643 14938
1643 15477
1643 15692
1643 15843
1643 16288
1643 16519
1643 16656
1643 17478
1644 499
1644 1222
1644 1543
1644 2698
1644 2841
1644 3909
1644 4124
1644 4233
1644 4700
1644 4801
1644 4984
1644 5077
1644 5411
1644 5518
1644 5635
1644 6103
1644 6397
1644 6585
1644 6854
1644 7014
1644 7357
1644 7577
1644 7738
1644 8009
1644 9613
1644 9661
1644 10094
1644 10233
1644 10492
1644 10672
1644 10853
1644 10989
1644 11351
1644 11540
1644 12583
1644 12997
1644 13250
1644 13677
1644 13808
1644 14472
1644 14617
1644 14939
1644 15478
1644 15693
1644 15844
1644 16289
1644 16520
1644 16657
1644 17479
1645 500
1645 1223
1645 1544
1645 2699
1645 2842
1645 3910
1645 4125
1645 4234
1645 4701
1645 4802
1645 4985
1645 5078
1645 5412
1645 5519
1645 5636
1645 6104
1645 6398
1645 6586
1645 6855
1645 7015
1645 7358
1645 7578
1645 7739
1645 8010
1645 9614
1645 9662
1645 10095
1645 10234
1645 10493
1645 10673
1645 10854
1645 10990
1645 11352
1645 11541
1645 12584
1645 12998
1645 13251
1645 13678
1645 13809
1645 14473
1645 14618
1645 14940
1645 15479
1645 15694
1645 15845
1645 16290
1645 16521
1645 16658
1645 17480
1646 501
1646 1224
1646 1545
1646 2700
1646 2843
1646 3911
1646 4126
1646 4235
1646 4702
1646 4803
1646 4986
1646 5079
1646 5413
1646 5520
1646 5637
1646 6105
1646 6399
1646 6587
1646 6856
1646 7016
1646 7359
1646 7579
1646 7740
1646 8011
1646 9615
1646 9663
1646 10096
1646 10235
1646 10494
1646 10674
1646 10855
1646 10991
1646 11353
1646 11542
1646 12585
1646 12999
1646 13252
1646 13679
1646 13810
1646 14474
1646 14619
1646 14941
1646 15480
1646 15695
1646 15846
1646 16291
1646 16522
1646 16659
1646 17481
1647 502
1647 1225
1647 1546
1647 2701
1647 2844
1647 3912
1647 4127
1647 4236
1647 4703
1647 4804
1647 4987
1647 5080
1647 5414
1647 5521
1647 5638
1647 6106
1647 6400
1647 6588
1647 6857
1647 7017
1647 7360
1647 7580
1647 7741
1647 8012
1647 9616
1647 9664
1647 10097
1647 10236
1647 10495
1647 10675
1647 10856
1647 10992
1647 11354
1647 11543
1647 12586
1647 13000
1647 13253
1647 13680
1647 13811
1647 14475
1647 14620
1647 14942
1647 15481
1647 15696
1647 15847
1647 16292
1647 16523
1647 16660
1647 17482
1648 503
1648 1226
1648 1547
1648 2702
1648 2845
1648 3913
1648 4128
1648 4237
1648 4704
1648 4805
1648 4988
1648 5081
1648 5415
1648 5522
1648 5639
1648 6107
1648 6401
1648 6589
1648 6858
1648 7018
1648 7361
1648 7581
1648 7742
1648 8013
1648 9617
1648 9665
1648 10098
1648 10237
1648 10496
1648 10676
1648 10857
1648 10993
1648 11355
1648 11544
1648 12587
1648 13001
1648 13254
1648 13681
1648 13812
1648 14476
1648 14621
1648 14943
1648 15482
1648 15697
1648 15848
1648 16293
1648 16524
1648 16661
1648 17483
1649 504
1649 1227
1649 1548
1649 2703
1649 2846
1649 3914
1649 4129
1649 4238
1649 4593
1649 4806
1649 4989
1649 5082
1649 5416
1649 5523
1649 5640
1649 6108
1649 6402
1649 6590
1649 6859
1649 7019
1649 7362
1649 7582
1649 7743
1649 8014
1649 9618
1649 9666
1649 10099
1649 10238
1649 10497
1649 10677
1649 10858
1649 10994
1649 11356
1649 11545
1649 12588
1649 13002
1649 13255
1649 13682
1649 13813
1649 14477
1649 14622
1649 14944
1649 15483
1649 15698
1649 15849
1649 16294
1649 16525
1649 16662
1649 17484
1650 505
1650 1228
1650 1549
1650 2704
1650 2847
1650 3915
1650 4130
1650 4239
1650 4594
1650 4807
1650 4990
1650 5083
1650 5417
1650 5524
1650 5641
1650 6109
1650 6403
1650 6591
1650 6860
1650 7020
1650 7363
1650 7583
1650 7744
1650 8015
1650 9619
1650 9667
1650 10100
1650 10239
1650 10498
1650 10678
1650 10859
1650 10995
1650 11357
1650 11546
1650 12589
1650 13003
1650 13256
1650 13683
1650 13814
1650 14478
1650 14623
1650 14945
1650 15484
1650 15699
1650 15850
1650 16295
1650 16526
1650 16663
1650 17485
1651 506
1651 1229
1651 1550
1651 2705
1651 2848
1651 3916
1651 4131
1651 4240
1651 4595
1651 4808
1651 4991
1651 5084
1651 5418
1651 5525
1651 5642
1651 6110
1651 6404
1651 6592
1651 6861
1651 7021
1651 7364
1651 7584
1651 7745
1651 8016
1651 9620
1651 9668
1651 10101
1651 10240
1651 10499
1651 10679
1651 10860
1651 10996
1651 11358
1651 11547
1651 12590
1651 13004
1651 13257
1651 13684
1651 13815
1651 14479
1651 14624
1651 14946
1651 15485
1651 15700
1651 15851
1651 16296
1651 16527
1651 16664
1651 17486
1652 507
1652 1230
1652 1551
1652 2706
1652 2849
1652 3917
1652 4132
1652 4241
1652 4596
1652 4809
1652 4992
1652 5085
1652 5419
1652 5526
1652 5643
1652 6111
1652 6405
1652 6593
1652 6862
1652 7022
1652 7365
1652 7585
1652 7746
1652 8017
1652 9621
1652 9669
1652 10102
1652 10241
1652 10500
1652 10680
1652 10861
1652 10997
1652 11359
1652 11548
1652 12591
1652 13005
1652 13258
1652 13685
1652 13816
1652 14480
1652 14625
1652 14947
1652 15486
1652 15701
1652 15852
1652 16297
1652 16528
1652 16665
1652 17487
1653 508
1653 1231
1653 1552
1653 2707
1653 2850
1653 3918
1653 4133
1653 4242
1653 4597
1653 4810
1653 4993
1653 5086
1653 5420
1653 5527
1653 5644
1653 6112
1653 6406
1653 6594
1653 6863
1653 7023
1653 7366
1653 7586
1653 7747
1653 8018
1653 9622
1653 9670
1653 10103
1653 10242
1653 10501
1653 10681
1653 10862
1653 10998
1653 11360
1653 11549
1653 12592
1653 13006
1653 13259
1653 13686
1653 13817
1653 14481
1653 14626
1653 14948
1653 15487
1653 15702
1653 15853
1653 16298
1653 16529
1653 16666
1653 17488
1654 509
1654 1232
1654 1553
1654 2708
1654 2851
1654 3919
1654 4134
1654 4243
1654 4598
1654 4811
1654 4994
1654 5087
1654 5421
1654 5528
1654 5645
1654 6113
1654 6407
1654 6595
1654 6864
1654 7024
1654 7367
1654 7587
1654 7748
1654 8019
1654 9623
1654 9671
1654 10104
1654 10243
1654 10502
1654 10682
1654 10863
1654 10999
1654 11361
1654 11550
1654 12593
1654 13007
1654 13260
1654 13687
1654 13818
1654 14482
1654 14627
1654 14949
1654 15488
1654 15703
1654 15854
1654 16299
1654 16530
1654 16667
1654 17489
1655 510
1655 1121
1655 1554
1655 2709
1655 2852
1655 3920
1655 4135
1655 4244
1655 4599
1655 4812
1655 4995
1655 5088
1655 5422
1655 5529
1655 5646
1655 6114
1655 6408
1655 6596
1655 6865
1655 7025
1655 7368
1655 7588
1655 7749
1655 8020
1655 9624
1655 9672
1655 10105
1655 10244
1655 10503
1655 10683
1655 10864
1655 11000
1655 11362
1655 11551
1655 12594
1655 13008
1655 13261
1655 13688
1655 13819
1655 14483
1655 14628
1655 14950
1655 15489
1655 15704
1655 15855
1655 16300
1655 16531
1655 16668
1655 17490
1656 511
1656 1122
1656 1555
1656 2710
1656 2853
1656 3809
1656 4136
1656 4245
1656 4600
1656 4813
1656 4996
1656 5089
1656 5423
1656 5530
1656 5647
1656 6115
1656 6409
1656 6597
1656 6866
1656 7026
1656 7369
1656 7589
1656 7750
1656 8021
1656 9625
1656 9673
1656 10106
1656 10245
1656 10504
1656 10684
1656 10753
1656 11001
1656 11363
1656 11552
1656 12595
1656 13009
1656 13262
1656 13689
1656 13820
1656 14484
1656 14629
1656 14951
1656 15490
1656 15705
1656 15856
1656 16301
1656 16532
1656 16669
1656 17491
1657 512
1657 1123
1657 1556
1657 2711
1657 2854
1657 3810
1657 4137
1657 4246
1657 4601
1657 4814
1657 4997
1657 5090
1657 5424
1657 5531
1657 5648
1657 6116
1657 6410
1657 6598
1657 6867
1657 7027
1657 7370
1657 7590
1657 7751
1657 8022
1657 9626
1657 9674
1657 10107
1657 10246
1657 10505
1657 10685
1657 10754
1657 11002
1657 11364
1657 11553
1657 12596
1657 13010
1657 13263
1657 13690
1657 13821
1657 14485
1657 14630
1657 14952
1657 15491
1657 15706
1657 15857
1657 16302
1657 16533
1657 16670
1657 17492
1658 513
1658 1124
1658 1557
1658 2712
1658 2855
1658 3811
1658 4138
1658 4247
1658 4602
1658 4815
1658 4998
1658 5091
1658 5425
1658 5532
1658 5649
1658 6117
1658 6411
1658 6599
1658 6868
1658 7028
1658 7371
1658 7591
1658 7752
1658 8023
1658 9627
1658 9675
1658 10108
1658 10247
1658 10506
1658 10686
1658 10755
1658 11003
1658 11365
1658 11554
1658 12597
1658 13011
1658 13264
1658 13691
1658 13822
1658 14486
1658 14631
1658 14953
1658 15492
1658 15707
1658 15858
1658 16303
1658 16534
1658 16671
1658 17493
1659 514
1659 1125
1659 1558
1659 2713
1659 2856
1659 3812
1659 4139
1659 4248
1659 4603
1659 4816
1659 4999
1659 5092
1659 5426
1659 5533
1659 5650
1659 6118
1659 6412
1659 6600
1659 6869
1659 7029
1659 7372
1659 7592
1659 7753
1659 8024
1659 9628
1659 9676
1659 10109
1659 10248
1659 10507
1659 10687
1659 10756
1659 11004
1659 11366
1659 11555
1659 12598
1659 13012
1659 13265
1659 13692
1659 13823
1659 14487
1659 14632
1659 14954
1659 15493
1659 15708
1659 15859
1659 16304
1659 16535
1659 16672
1659 17494
1660 515
1660 1126
1660 1559
1660 2714
1660 2857
1660 3813
1660 4140
1660 4249
1660 4604
1660 4705
1660 5000
1660 5093
1660 5427
1660 5534
1660 5651
1660 6119
1660 6413
1660 6601
1660 6870
1660 7030
1660 7373
1660 7593
1660 7754
1660 8025
1660 9629
1660 9677
1660 10110
1660 10249
1660 10508
1660 10688
1660 10757
1660 11005
1660 11367
1660 11556
1660 12599
1660 13013
1660 13266
1660 13693
1660 13824
1660 14488
1660 14633
1660 14955
1660 15494
1660 15709
1660 15860
1660 16305
1660 16536
1660 16673
1660 17495
1661 516
1661 1127
1661 1560
1661 2715
1661 2858
1661 3814
1661 4141
1661 4250
1661 4605
1661 4706
1661 5001
1661 5094
1661 5428
1661 5535
1661 5652
1661 6120
1661 6414
1661 6602
1661 6871
1661 7031
1661 7374
1661 7594
1661 7755
1661 8026
1661 9630
1661 9678
1661 10111
1661 10250
1661 10509
1661 10689
1661 10758
1661 11006
1661 11368
1661 11557
1661 12600
1661 13014
1661 13267
1661 13694
1661 13825
1661 14489
1661 14634
1661 14956
1661 15495
1661 15710
1661 15861
1661 16306
1661 16537
1661 16674
1661 17496
1662 517
1662 1128
1662 1561
1662 2716
1662 2859
1662 3815
1662 4142
1662 4251
1662 4606
1662 4707
1662 5002
1662 5095
1662 5429
1662 5536
1662 5653
1662 6121
1662 6415
1662 6603
1662 6872
1662 7032
1662 7375
1662 7595
1662 7756
1662 8027
1662 9631
1662 9679
1662 10112
1662 10251
1662 10510
1662 10690
1662 10759
1662 11007
1662 11369
1662 11558
1662 12601
1662 13015
1662 13268
1662 13695
1662 13826
1662 14490
1662 14635
1662 14957
1662 15496
1662 15711
1662 15862
1662 16307
1662 16538
1662 16675
1662 17497
1663 518
1663 1129
1663 1562
1663 2717
1663 2860
1663 3816
1663 4143
1663 4252
1663 4607
1663 4708
1663 5003
1663 5096
1663 5430
1663 5537
1663 5654
1663 6122
1663 6416
1663 6604
1663 6873
1663 7033
1663 7376
1663 7596
1663 7757
1663 8028
1663 9632
1663 9680
1663 10113
1663 10252
1663 10511
1663 10691
1663 10760
1663 11008
1663 11370
1663 11559
1663 12602
1663 13016
1663 13269
1663 13696
1663 13827
1663 14491
1663 14636
1663 14958
1663 15497
1663 15712
1663 15863
1663 16308
1663 16539
1663 16676
1663 17498
1664 519
1664 1130
1664 1563
1664 2718
1664 2861
1664 3817
1664 4144
1664 4253
1664 4608
1664 4709
1664 5004
1664 5097
1664 5431
1664 5538
1664 5655
1664 6123
1664 6417
1664 6605
1664 6874
1664 7034
1664 7377
1664 7597
1664 7758
1664 8029
1664 9521
1664 9681
1664 10114
1664 10253
1664 10512
1664 10692
1664 10761
1664 11009
1664 11371
1664 11560
1664 12603
1664 13017
1664 13270
1664 13697
1664 13828
1664 14492
1664 14637
1664 14959
1664 15498
1664 15713
1664 15864
1664 16309
1664 16540
1664 16677
1664 17499
1665 520
1665 1131
1665 1564
1665 2719
1665 2862
1665 3818
1665 4033
1665 4254
1665 4609
1665 4710
1665 5005
1665 5098
1665 5432
1665 5539
1665 5656
1665 6124
1665 6418
1665 6606
1665 6875
1665 7035
1665 7378
1665 7598
1665 7759
1665 8030
1665 9522
1665 9682
1665 10115
1665 10254
1665 10513
1665 10693
1665 10762
1665 11010
1665 11372
1665 11561
1665 12604
1665 13018
1665 13271
1665 13698
1665 13829
1665 14493
1665 14638
1665 14960
1665 15499
1665 15714
1665 15865
1665 16310
1665 16541
1665 16678
1665 17500
1666 521
1666 1132
1666 1565
1666 2720
1666 2863
1666 3819
1666 4034
1666 4255
1666 4610
1666 4711
1666 5006
1666 5099
1666 5433
1666 5540
1666 5657
1666 6125
1666 6419
1666 6607
1666 6876
1666 7036
1666 7379
1666 7599
1666 7760
1666 8031
1666 9523
1666 9683
1666 10116
1666 10255
1666 10514
1666 10694
1666 10763
1666 11011
1666 11373
1666 11562
1666 12605
1666 13019
1666 13272
1666 13699
1666 13830
1666 14494
1666 14639
1666 14961
1666 15500
1666 15715
1666 15866
1666 16311
1666 16542
1666 16679
1666 17501
1667 522
1667 1133
1667 1566
1667 2721
1667 2864
1667 3820
1667 4035
1667 4256
1667 4611
1667 4712
1667 5007
1667 5100
1667 5434
1667 5541
1667 5658
1667 6126
1667 6420
1667 6608
1667 6877
1667 7037
1667 7380
1667 7600
1667 7761
1667 8032
1667 9524
1667 9684
1667 10117
1667 10256
1667 10515
1667 10695
1667 10764
1667 11012
1667 11374
1667 11563
1667 12606
1667 13020
1667 13273
1667 13700
1667 13831
1667 14495
1667 14640
1667 14962
1667 15501
1667 15716
1667 15867
1667 16312
1667 16543
1667 16680
1667 17502
1668 523
1668 1134
1668 1567
1668 2722
1668 2865
1668 3821
1668 4036
1668 4145
1668 4612
1668 4713
1668 5008
1668 5101
1668 5435
1668 5542
1668 5659
1668 6127
1668 6421
1668 6497
1668 6878
1668 7038
1668 7381
1668 7601
1668 7762
1668 8033
1668 9525
1668 9685
1668 10118
1668 10257
1668 10516
1668 10696
1668 10765
1668 11013
1668 11375
1668 11564
1668 12607
1668 13021
1668 13274
1668 13701
1668 13832
1668 14496
1668 14641
1668 14963
1668 15502
1668 15717
1668 15868
1668 16313
1668 16544
1668 16681
1668 17503
1669 524
1669 1135
1669 1568
1669 2723
1669 2866
1669 3822
1669 4037
1669 4146
1669 4613
1669 4714
1669 5009
1669 5102
1669 5436
1669 5543
1669 5660
1669 6128
1669 6422
1669 6498
1669 6879
1669 7039
1669 7382
1669 7602
1669 7763
1669 8034
1669 9526
1669 9686
1669 10119
1669 10258
1669 10517
1669 10697
1669 10766
1669 11014
1669 11376
1669 11565
1669 12608
1669 13022
1669 13275
1669 13702
1669 13833
1669 14497
1669 14642
1669 14964
1669 15503
1669 15718
1669 15869
1669 16314
1669 16545
1669 16682
1669 17504
1670 525
1670 1136
1670 1457
1670 2724
1670 2867
1670 3823
1670 4038
1670 4147
1670 4614
1670 4715
1670 5010
1670 5103
1670 5437
1670 5544
1670 5661
1670 6129
1670 6423
1670 6499
1670 6880
1670 7040
1670 7383
1670 7603
1670 7764
1670 8035
1670 9527
1670 9687
1670 10120
1670 10259
1670 10518
1670 10698
1670 10767
1670 11015
1670 11377
1670 11566
1670 12609
1670 13023
1670 13276
1670 13703
1670 13834
1670 14498
1670 14643
1670 14965
1670 15504
1670 15719
1670 15870
1670 16315
1670 16546
1670 16683
1670 17505
1671 526
1671 1137
1671 1458
1671 2725
1671 2868
1671 3824
1671 4039
1671 4148
1671 4615
1671 4716
1671 5011
1671 5104
1671 5438
1671 5545
1671 5662
1671 6130
1671 6424
1671 6500
1671 6881
1671 7041
1671 7384
1671 7604
1671 7765
1671 8036
1671 9528
1671 9688
1671 10121
1671 10260
1671 10519
1671 10699
1671 10768
1671 11016
1671 11378
1671 11567
1671 12610
1671 13024
1671 13277
1671 13704
1671 13835
1671 14499
1671 14644
1671 14966
1671 15505
1671 15720
1671 15871
1671 16316
1671 16547
1671 16684
1671 17506
1672 527
1672 1138
1672 1459
1672 2726
1672 2869
1672 3825
1672 4040
1672 4149
1672 4616
1672 4717
1672 5012
1672 5105
1672 5439
1672 5546
1672 5663
1672 6131
1672 6425
1672 6501
1672 6882
1672 7042
1672 7385
1672 7605
1672 7766
1672 8037
1672 9529
1672 9689
1672 10122
1672 10261
1672 10520
1672 10700
1672 10769
1672 11017
1672 11379
1672 11568
1672 12611
1672 13025
1672 13278
1672 13705
1672 13836
1672 14500
1672 14645
1672 14967
1672 15506
1672 15721
1672 15872
1672 16317
1672 16548
1672 16685
1672 17507
1673 528
1673 1139
1673 1460
1673 2727
1673 2870
1673 3826
1673 4041
1673 4150
1673 4617
1673 4718
1673 5013
1673 5106
1673 5440
1673 5547
1673 5664
1673 6132
1673 6426
1673 6502
1673 6883
1673 7043
1673 7386
1673 7606
1673 7767
1673 8038
1673 9530
1673 9690
1673 10123
1673 10262
1673 10521
1673 10701
1673 10770
1673 11018
1673 11380
1673 11569
1673 12612
1673 13026
1673 13279
1673 13706
1673 13837
1673 14501
1673 14646
1673 14968
1673 15507
1673 15722
1673 15873
1673 16318
1673 16549
1673 16686
1673 17508
1674 529
1674 1140
1674 1461
1674 2728
1674 2871
1674 3827
1674 4042
1674 4151
1674 4618
1674 4719
1674 5014
1674 5107
1674 5441
1674 5548
1674 5665
1674 6133
1674 6427
1674 6503
1674 6884
1674 7044
1674 7387
1674 7607
1674 7768
1674 8039
1674 9531
1674 9691
1674 10124
1674 10263
1674 10522
1674 10702
1674 10771
1674 11019
1674 11381
1674 11570
1674 12613
1674 13027
1674 13280
1674 13707
1674 13838
1674 14502
1674 14647
1674 14969
1674 15508
1674 15723
1674 15874
1674 16319
1674 16550
1674 16687
1674 17509
1675 530
1675 1141
1675 1462
1675 2729
1675 2872
1675 3828
1675 4043
1675 4152
1675 4619
1675 4720
1675 5015
1675 5108
1675 5442
1675 5549
1675 5666
1675 6134
1675 6428
1675 6504
1675 6885
1675 7045
1675 7388
1675 7608
1675 7769
1675 8040
1675 9532
1675 9692
1675 10125
1675 10264
1675 10523
1675 10703
1675 10772
1675 11020
1675 11382
1675 11571
1675 12614
1675 13028
1675 13281
1675 13708
1675 13839
1675 14503
1675 14648
1675 14970
1675 15509
1675 15724
1675 15875
1675 16320
1675 16551
1675 16688
1675 17510
1676 531
1676 1142
1676 1463
1676 2730
1676 2873
1676 3829
1676 4044
1676 4153
1676 4620
1676 4721
1676 5016
1676 5109
1676 5443
1676 5550
1676 5667
1676 6135
1676 6429
1676 6505
1676 6886
1676 7046
1676 7389
1676 7609
1676 7770
1676 8041
1676 9533
1676 9693
1676 10126
1676 10265
1676 10524
1676 10704
1676 10773
1676 11021
1676 11383
1676 11572
1676 12615
1676 13029
1676 13282
1676 13709
1676 13840
1676 14504
1676 14649
1676 14971
1676 15510
1676 15725
1676 15876
1676 16321
1676 16552
1676 16577
1676 17511
1677 532
1677 1143
1677 1464
1677 2731
1677 2874
1677 3830
1677 4045
1677 4154
1677 4621
1677 4722
1677 5017
1677 5110
1677 5444
1677 5551
1677 5668
1677 6136
1677 6430
1677 6506
1677 6887
1677 7047
1677 7390
1677 7610
1677 7771
1677 8042
1677 9534
1677 9694
1677 10127
1677 10266
1677 10525
1677 10705
1677 10774
1677 11022
1677 11384
1677 11573
1677 12616
1677 13030
1677 13283
1677 13710
1677 13841
1677 14505
1677 14650
1677 14972
1677 15511
1677 15726
1677 15877
1677 16322
1677 16553
1677 16578
1677 17512
1678 533
1678 1144
1678 1465
1678 2732
1678 2875
1678 3831
1678 4046
1678 4155
1678 4622
1678 4723
1678 5018
1678 5111
1678 5445
1678 5552
1678 5669
1678 6137
1678 6431
1678 6507
1678 6888
1678 7048
1678 7391
1678 7611
1678 7772
1678 8043
1678 9535
1678 9695
1678 10128
1678 10267
1678 10526
1678 10706
1678 10775
1678 11023
1678 11385
1678 11574
1678 12617
1678 13031
1678 13284
1678 13711
1678 13842
1678 14506
1678 14651
1678 14973
1678 15512
1678 15727
1678 15878
1678 16323
1678 16554
1678 16579
1678 17513
1679 534
1679 1145
1679 1466
1679 2733
1679 2876
1679 3832
1679 4047
1679 4156
1679 4623
1679 4724
1679 5019
1679 5112
1679 5446
1679 5553
1679 5670
1679 6138
1679 6432
1679 6508
1679 6889
1679 7049
1679 7392
1679 7612
1679 7773
1679 8044
1679 9536
1679 9696
1679 10129
1679 10268
1679 10527
1679 10707
1679 10776
1679 11024
1679 11386
1679 11575
1679 12618
1679 13032
1679 13285
1679 13712
1679 13843
1679 14507
1679 14652
1679 14974
1679 15513
1679 15728
1679 15879
1679 16324
1679 16555
1679 16580
1679 17514
1680 535
1680 1146
1680 1467
1680 2734
1680 2877
1680 3833
1680 4048
1680 4157
1680 4624
1680 4725
1680 5020
1680 5113
1680 5447
1680 5554
1680 5671
1680 6139
1680 6433
1680 6509
1680 6890
1680 7050
1680 7281
1680 7613
1680 7774
1680 8045
1680 9537
1680 9697
1680 10130
1680 10269
1680 10528
1680 10708
1680 10777
1680 11025
1680 11387
1680 11576
1680 12619
1680 13033
1680 13286
1680 13713
1680 13844
1680 14508
1680 14653
1680 14975
1680 15514
1680 15729
1680 15880
1680 16325
1680 16556
1680 16581
1680 17515
1681 562
1681 1318
1681 1590
1681 2909
1681 2995
1681 3950
1681 4244
1681 4300
1681 4784
1681 4882
1681 5077
1681 5157
1681 5587
1681 5706
1681 5753
1681 6211
1681 6588
1681 6645
1681 7027
1681 7070
1681 7187
1681 7407
1681 7681
1681 7941
1681 9683
1681 9795
1681 9919
1681 10222
1681 10349
1681 10559
1681 10924
1681 11196
1681 11287
1681 11450
1681 12692
1681 13111
1681 13351
1681 13483
1681 13778
1681 14651
1681 14752
1681 15102
1681 15574
1681 15836
1681 16002
1681 16175
1681 16442
1681 16696
1681 17629
1682 563
1682 1319
1682 1591
1682 2910
1682 2996
1682 3951
1682 4245
1682 4301
1682 4785
1682 4883
1682 5078
1682 5158
1682 5588
1682 5707
1682 5754
1682 6212
1682 6589
1682 6646
1682 7028
1682 7071
1682 7188
1682 7408
1682 7682
1682 7942
1682 9684
1682 9796
1682 9920
1682 10223
1682 10350
1682 10560
1682 10925
1682 11197
1682 11288
1682 11451
1682 12693
1682 13112
1682 13352
1682 13484
1682 13779
1682 14652
1682 14753
1682 15103
1682 15575
1682 15837
1682 16003
1682 16176
1682 16443
1682 16697
1682 17630
1683 564
1683 1320
1683 1592
1683 2911
1683 2997
1683 3952
1683 4246
1683 4302
1683 4786
1683 4884
1683 5079
1683 5159
1683 5589
1683 5708
1683 5755
1683 6213
1683 6590
1683 6647
1683 7029
1683 7072
1683 7189
1683 7409
1683 7683
1683 7943
1683 9685
1683 9797
1683 9921
1683 10224
1683 10351
1683 10561
1683 10926
1683 11198
1683 11289
1683 11452
1683 12694
1683 13113
1683 13353
1683 13485
1683 13780
1683 14653
1683 14754
1683 15104
1683 15576
1683 15838
1683 16004
1683 16177
1683 16444
1683 16698
1683 17631
1684 565
1684 1321
1684 1593
1684 2912
1684 2998
1684 3953
1684 4247
1684 4303
1684 4787
1684 4885
1684 5080
1684 5160
1684 5590
1684 5709
1684 5756
1684 6214
1684 6591
1684 6648
1684 7030
1684 7073
1684 7190
1684 7410
1684 7684
1684 7944
1684 9686
1684 9798
1684 9922
1684 10225
1684 10352
1684 10562
1684 10927
1684 11199
1684 11290
1684 11453
1684 12695
1684 13114
1684 13354
1684 13486
1684 13781
1684 14654
1684 14755
1684 15105
1684 15577
1684 15839
1684 16005
1684 16178
1684 16445
1684 16699
1684 17632
1685 566
1685 1322
1685 1594
1685 2801
1685 2999
1685 3954
1685 4248
1685 4304
1685 4788
1685 4886
1685 5081
1685 5161
1685 5591
1685 5710
1685 5757
1685 6215
1685 6592
1685 6649
1685 7031
1685 7074
1685 7191
1685 7411
1685 7685
1685 7945
1685 9687
1685 9799
1685 9923
1685 10226
1685 10353
1685 10563
1685 10928
1685 11200
1685 11291
1685 11454
1685 12696
1685 13115
1685 13355
1685 13487
1685 13782
1685 14655
1685 14756
1685 15106
1685 15578
1685 15840
1685 16006
1685 16179
1685 16446
1685 16700
1685 17633
1686 567
1686 1323
1686 1595
1686 2802
1686 3000
1686 3955
1686 4249
1686 4305
1686 4789
1686 4887
1686 5082
1686 5162
1686 5592
1686 5711
1686 5758
1686 6216
1686 6593
1686 6650
1686 7032
1686 7075
1686 7192
1686 7412
1686 7686
1686 7946
1686 9688
1686 9800
1686 9924
1686 10227
1686 10354
1686 10564
1686 10929
1686 11089
1686 11292
1686 11455
1686 12697
1686 13116
1686 13356
1686 13488
1686 13783
1686 14656
1686 14757
1686 15107
1686 15579
1686 15841
1686 16007
1686 16180
1686 16447
1686 16701
1686 17634
1687 568
1687 1324
1687 1596
1687 2803
1687 3001
1687 3956
1687 4250
1687 4306
1687 4790
1687 4888
1687 5083
1687 5163
1687 5593
1687 5712
1687 5759
1687 6217
1687 6594
1687 6651
1687 7033
1687 7076
1687 7193
1687 7413
1687 7687
1687 7947
1687 9689
1687 9801
1687 9925
1687 10228
1687 10355
1687 10565
1687 10930
1687 11090
1687 11293
1687 11456
1687 12698
1687 13117
1687 13357
1687 13489
1687 13784
1687 14657
1687 14758
1687 15108
1687 15580
1687 15842
1687 16008
1687 16181
1687 16448
1687 16702
1687 17635
1688 569
1688 1325
1688 1597
1688 2804
1688 3002
1688 3957
1688 4251
1688 4307
1688 4791
1688 4889
1688 5084
1688 5164
1688 5594
1688 5601
1688 5760
1688 6218
1688 6595
1688 6652
1688 7034
1688 7077
1688 7194
1688 7414
1688 7688
1688 7948
1688 9690
1688 9802
1688 9926
1688 10229
1688 10356
1688 10566
1688 10931
1688 11091
1688 11294
1688 11457
1688 12699
1688 13118
1688 13358
1688 13490
1688 13785
1688 14658
1688 14759
1688 15109
1688 15581
1688 15843
1688 16009
1688 16182
1688 16449
1688 16703
1688 17636
1689 570
1689 1326
1689 1598
1689 2805
1689 3003
1689 3958
1689 4252
1689 4308
1689 4792
1689 4890
1689 5085
1689 5165
1689 5595
1689 5602
1689 5761
1689 6219
1689 6596
1689 6653
1689 7035
1689 7078
1689 7195
1689 7415
1689 7689
1689 7949
1689 9691
1689 9803
1689 9927
1689 10230
1689 10357
1689 10567
1689 10932
1689 11092
1689 11295
1689 11458
1689 12700
1689 13119
1689 13359
1689 13491
1689 13786
1689 14659
1689 14760
1689 15110
1689 15582
1689 15844
1689 16010
1689 16183
1689 16450
1689 16704
1689 17637
1690 571
1690 1327
1690 1599
1690 2806
1690 3004
1690 3959
1690 4253
1690 4309
1690 4793
1690 4891
1690 5086
1690 5166
1690 5596
1690 5603
1690 5762
1690 6220
1690 6597
1690 6654
1690 7036
1690 7079
1690 7196
1690 7416
1690 7690
1690 7950
1690 9692
1690 9804
1690 9928
1690 10231
1690 10358
1690 10568
1690 10933
1690 11093
1690 11296
1690 11459
1690 12701
1690 13120
1690 13360
1690 13492
1690 13787
1690 14660
1690 14761
1690 15111
1690 15583
1690 15845
1690 16011
1690 16184
1690 16451
1690 16705
1690 17638
1691 572
1691 1328
1691 1600
1691 2807
1691 3005
1691 3960
1691 4254
1691 4310
1691 4794
1691 4892
1691 5087
1691 5167
1691 5597
1691 5604
1691 5763
1691 6221
1691 6598
1691 6655
1691 7037
1691 7080
1691 7197
1691 7417
1691 7691
1691 7951
1691 9693
1691 9805
1691 9929
1691 10232
1691 10359
1691 10569
1691 10934
1691 11094
1691 11297
1691 11460
1691 12702
1691 13121
1691 13361
1691 13493
1691 13788
1691 14661
1691 14762
1691 15112
1691 15584
1691 15846
1691 16012
1691 16185
1691 16452
1691 16706
1691 17639
1692 573
1692 1329
1692 1601
1692 2808
1692 3006
1692 3961
1692 4255
1692 4311
1692 4795
1692 4893
1692 5088
1692 5168
1692 5598
1692 5605
1692 5764
1692 6222
1692 6599
1692 6656
1692 7038
1692 7081
1692 7198
1692 7418
1692 7692
1692 7952
1692 9694
1692 9806
1692 9930
1692 10233
1692 10360
1692 10570
1692 10935
1692 11095
1692 11298
1692 11461
1692 12703
1692 13122
1692 13362
1692 13494
1692 13789
1692 14662
1692 14763
1692 15113
1692 15585
1692 15847
1692 16013
1692 16186
1692 16453
1692 16707
1692 17640
1693 574
1693 1330
1693 1602
1693 2809
1693 3007
1693 3962
1693 4256
1693 4312
1693 4796
1693 4894
1693 5089
1693 5169
1693 5599
1693 5606
1693 5765
1693 6223
1693 6600
1693 6657
1693 7039
1693 7082
1693 7199
1693 7419
1693 7693
1693 7841
1693 9695
1693 9807
1693 9931
1693 10234
1693 10361
1693 10571
1693 10936
1693 11096
1693 11299
1693 11462
1693 12704
1693 13123
1693 13363
1693 13495
1693 13790
1693 14663
1693 14764
1693 15114
1693 15586
1693 15848
1693 16014
1693 16187
1693 16454
1693 16708
1693 17641
1694 575
1694 1331
1694 1603
1694 2810
1694 3008
1694 3963
1694 4145
1694 4313
1694 4797
1694 4895
1694 5090
1694 5170
1694 5600
1694 5607
1694 5766
1694 6224
1694 6601
1694 6658
1694 7040
1694 7083
1694 7200
1694 7420
1694 7694
1694 7842
1694 9696
1694 9808
1694 9932
1694 10235
1694 10362
1694 10572
1694 10937
1694 11097
1694 11300
1694 11463
1694 12705
1694 13124
1694 13364
1694 13496
1694 13791
1694 14664
1694 14765
1694 15115
1694 15587
1694 15849
1694 16015
1694 16188
1694 16455
1694 16709
1694 17642
1695 576
1695 1332
1695 1604
1695 2811
1695 3009
1695 3964
1695 4146
1695 4314
1695 4798
1695 4896
1695 5091
1695 5171
1695 5489
1695 5608
1695 5767
1695 6225
1695 6602
1695 6659
1695 7041
1695 7084
1695 7201
1695 7421
1695 7695
1695 7843
1695 9697
1695 9809
1695 9933
1695 10236
1695 10363
1695 10573
1695 10938
1695 11098
1695 11301
1695 11464
1695 12706
1695 13125
1695 13365
1695 13497
1695 13792
1695 14665
1695 14766
1695 15116
1695 15588
1695 15850
1695 16016
1695 16189
1695 16456
1695 16710
1695 17643
1696 577
1696 1333
1696 1605
1696 2812
1696 3010
1696 3965
1696 4147
1696 4315
1696 4799
1696 4897
1696 5092
1696 5172
1696 5490
1696 5609
1696 5768
1696 6226
1696 6603
1696 6660
1696 7042
1696 7085
1696 7202
1696 7422
1696 7696
1696 7844
1696 9698
1696 9810
1696 9934
1696 10237
1696 10364
1696 10574
1696 10939
1696 11099
1696 11302
1696 11465
1696 12707
1696 13126
1696 13366
1696 13498
1696 13793
1696 14666
1696 14767
1696 15117
1696 15589
1696 15851
1696 15905
1696 16190
1696 16457
1696 16711
1696 17644
1697 578
1697 1334
1697 1606
1697 2813
1697 3011
1697 3966
1697 4148
1697 4316
1697 4800
1697 4898
1697 5093
1697 5173
1697 5491
1697 5610
1697 5769
1697 6227
1697 6604
1697 6661
1697 7043
1697 7086
1697 7203
1697 7423
1697 7697
1697 7845
1697 9699
1697 9811
1697 9935
1697 10238
1697 10365
1697 10575
1697 10940
1697 11100
1697 11303
1697 11466
1697 12708
1697 13127
1697 13367
1697 13499
1697 13794
1697 14667
1697 14768
1697 15118
1697 15590
1697 15852
1697 15906
1697 16191
1697 16458
1697 16712
1697 17645
1698 579
1698 1335
1698 1607
1698 2814
1698 3012
1698 3967
1698 4149
1698 4317
1698 4801
1698 4899
1698 5094
1698 5174
1698 5492
1698 5611
1698 5770
1698 6228
1698 6605
1698 6662
1698 7044
1698 7087
1698 7204
1698 7424
1698 7698
1698 7846
1698 9700
1698 9812
1698 9936
1698 10239
1698 10366
1698 10576
1698 10941
1698 11101
1698 11304
1698 11467
1698 12709
1698 13128
1698 13368
1698 13500
1698 13795
1698 14668
1698 14769
1698 15119
1698 15591
1698 15853
1698 15907
1698 16192
1698 16459
1698 16713
1698 17646
1699 580
1699 1336
1699 1608
1699 2815
1699 3013
1699 3968
1699 4150
1699 4318
1699 4802
1699 4900
1699 5095
1699 5175
1699 5493
1699 5612
1699 5771
1699 6229
1699 6606
1699 6663
1699 7045
1699 7088
1699 7205
1699 7425
1699 7699
1699 7847
1699 9701
1699 9813
1699 9937
1699 10240
1699 10367
1699 10577
1699 10942
1699 11102
1699 11305
1699 11468
1699 12710
1699 13129
1699 13369
1699 13501
1699 13796
1699 14669
1699 14770
1699 15120
1699 15592
1699 15854
1699 15908
1699 16193
1699 16460
1699 16714
1699 17647
1700 581
1700 1337
1700 1609
1700 2816
1700 3014
1700 3969
1700 4151
1700 4319
1700 4803
1700 4901
1700 5096
1700 5176
1700 5494
1700 5613
1700 5772
1700 6230
1700 6607
1700 6664
1700 7046
1700 7089
1700 7206
1700 7426
1700 7700
1700 7848
1700 9702
1700 9814
1700 9938
1700 10241
1700 10368
1700 10578
1700 10943
1700 11103
1700 11306
1700 11469
1700 12711
1700 13130
1700 13370
1700 13502
1700 13797
1700 14670
1700 14771
1700 15009
1700 15593
1700 15855
1700 15909
1700 16194
1700 16461
1700 16715
1700 17648
1701 582
1701 1338
1701 1610
1701 2817
1701 3015
1701 3970
1701 4152
1701 4320
1701 4804
1701 4902
1701 5097
1701 5177
1701 5495
1701 5614
1701 5773
1701 6231
1701 6608
1701 6665
1701 7047
1701 7090
1701 7207
1701 7427
1701 7701
1701 7849
1701 9703
1701 9815
1701 9939
1701 10242
1701 10369
1701 10579
1701 10944
1701 11104
1701 11307
1701 11470
1701 12712
1701 13131
1701 13371
1701 13503
1701 13798
1701 14671
1701 14772
1701 15010
1701 15594
1701 15856
1701 15910
1701 16195
1701 16462
1701 16716
1701 17649
1702 583
1702 1339
1702 1611
1702 2818
1702 3016
1702 3971
1702 4153
1702 4321
1702 4805
1702 4903
1702 5098
1702 5178
1702 5496
1702 5615
1702 5774
1702 6232
1702 6497
1702 6666
1702 7048
1702 7091
1702 7208
1702 7428
1702 7702
1702 7850
1702 9704
1702 9816
1702 9940
1702 10243
1702 10370
1702 10580
1702 10945
1702 11105
1702 11308
1702 11471
1702 12713
1702 13132
1702 13372
1702 13504
1702 13799
1702 14672
1702 14773
1702 15011
1702 15595
1702 15857
1702 15911
1702 16196
1702 16463
1702 16717
1702 17650
1703 584
1703 1340
1703 1612
1703 2819
1703 3017
1703 3972
1703 4154
1703 4322
1703 4806
1703 4904
1703 5099
1703 5179
1703 5497
1703 5616
1703 5775
1703 6233
1703 6498
1703 6667
1703 7049
1703 7092
1703 7209
1703 7429
1703 7703
1703 7851
1703 9705
1703 9817
1703 9941
1703 10244
1703 10371
1703 10581
1703 10946
1703 11106
1703 11309
1703 11472
1703 12714
1703 13133
1703 13373
1703 13505
1703 13800
1703 14561
1703 14774
1703 15012
1703 15596
1703 15858
1703 15912
1703 16197
1703 16464
1703 16718
1703 17651
1704 585
1704 1341
1704 1613
1704 2820
1704 3018
1704 3973
1704 4155
1704 4323
1704 4807
1704 4905
1704 5100
1704 5180
1704 5498
1704 5617
1704 5776
1704 6234
1704 6499
1704 6668
1704 7050
1704 7093
1704 7210
1704 7430
1704 7704
1704 7852
1704 9706
1704 9818
1704 9942
1704 10245
1704 10372
1704 10582
1704 10947
1704 11107
1704 11310
1704 11473
1704 12715
1704 13134
1704 13374
1704 13506
1704 13801
1704 14562
1704 14775
1704 15013
1704 15597
1704 15859
1704 15913
1704 16198
1704 16353
1704 16719
1704 17652
1705 586
1705 1342
1705 1614
1705 2821
1705 3019
1705 3974
1705 4156
1705 4324
1705 4808
1705 4906
1705 5101
1705 5181
1705 5499
1705 5618
1705 5777
1705 6235
1705 6500
1705 6669
1705 7051
1705 7094
1705 7211
1705 7431
1705 7705
1705 7853
1705 9707
1705 9819
1705 9943
1705 10246
1705 10373
1705 10583
1705 10948
1705 11108
1705 11311
1705 11474
1705 12716
1705 13135
1705 13375
1705 13507
1705 13802
1705 14563
1705 14776
1705 15014
1705 15598
1705 15860
1705 15914
1705 16199
1705 16354
1705 16720
1705 17653
1706 587
1706 1343
1706 1615
1706 2822
1706 3020
1706 3975
1706 4157
1706 4325
1706 4809
1706 4907
1706 5102
1706 5182
1706 5500
1706 5619
1706 5778
1706 6236
1706 6501
1706 6670
1706 7052
1706 7095
1706 7212
1706 7432
1706 7706
1706 7854
1706 9708
1706 9820
1706 9944
1706 10247
1706 10374
1706 10584
1706 10949
1706 11109
1706 11312
1706 11475
1706 12717
1706 13136
1706 13376
1706 13508
1706 13803
1706 14564
1706 14777
1706 15015
1706 15599
1706 15861
1706 15915
1706 16200
1706 16355
1706 16721
1706 17654
1707 588
1707 1344
1707 1616
1707 2823
1707 3021
1707 3976
1707 4158
1707 4326
1707 4810
1707 4908
1707 5103
1707 5183
1707 5501
1707 5620
1707 5779
1707 6237
1707 6502
1707 6671
1707 7053
1707 7096
1707 7213
1707 7433
1707 7707
1707 7855
1707 9709
1707 9821
1707 9945
1707 10248
1707 10375
1707 10585
1707 10950
1707 11110
1707 11201
1707 11476
1707 12718
1707 13137
1707 13377
1707 13509
1707 13804
1707 14565
1707 14778
1707 15016
1707 15600
1707 15862
1707 15916
1707 16201
1707 16356
1707 16722
1707 17655
1708 589
1708 1233
1708 1617
1708 2824
1708 3022
1708 3977
1708 4159
1708 4327
1708 4811
1708 4909
1708 5104
1708 5184
1708 5502
1708 5621
1708 5780
1708 6238
1708 6503
1708 6672
1708 7054
1708 7097
1708 7214
1708 7434
1708 7708
1708 7856
1708 9710
1708 9822
1708 9946
1708 10249
1708 10376
1708 10586
1708 10951
1708 11111
1708 11202
1708 11477
1708 12719
1708 13138
1708 13378
1708 13510
1708 13805
1708 14566
1708 14779
1708 15017
1708 15601
1708 15863
1708 15917
1708 16202
1708 16357
1708 16723
1708 17656
1709 590
1709 1234
1709 1618
1709 2825
1709 3023
1709 3978
1709 4160
1709 4328
1709 4812
1709 4910
1709 5105
1709 5185
1709 5503
1709 5622
1709 5781
1709 6239
1709 6504
1709 6673
1709 7055
1709 7098
1709 7215
1709 7435
1709 7709
1709 7857
1709 9711
1709 9823
1709 9947
1709 10250
1709 10377
1709 10587
1709 10952
1709 11112
1709 11203
1709 11478
1709 12720
1709 13139
1709 13379
1709 13511
1709 13806
1709 14567
1709 14780
1709 15018
1709 15602
1709 15864
1709 15918
1709 16203
1709 16358
1709 16724
1709 17657
1710 591
1710 1235
1710 1619
1710 2826
1710 3024
1710 3979
1710 4161
1710 4329
1710 4813
1710 4911
1710 5106
1710 5186
1710 5504
1710 5623
1710 5782
1710 6240
1710 6505
1710 6674
1710 7056
1710 7099
1710 7216
1710 7436
1710 7710
1710 7858
1710 9712
1710 9824
1710 9948
1710 10251
1710 10378
1710 10588
1710 10953
1710 11113
1710 11204
1710 11479
1710 12721
1710 13140
1710 13380
1710 13512
1710 13807
1710 14568
1710 14781
1710 15019
1710 15603
1710 15865
1710 15919
1710 16204
1710 16359
1710 16725
1710 17658
1711 592
1711 1236
1711 1620
1711 2827
1711 2913
1711 3980
1711 4162
1711 4330
1711 4814
1711 4912
1711 5107
1711 5187
1711 5505
1711 5624
1711 5783
1711 6241
1711 6506
1711 6675
1711 6945
1711 7100
1711 7217
1711 7437
1711 7711
1711 7859
1711 9713
1711 9825
1711 9949
1711 10252
1711 10379
1711 10589
1711 10954
1711 11114
1711 11205
1711 11480
1711 12722
1711 13141
1711 13381
1711 13513
1711 13808
1711 14569
1711 14782
1711 15020
1711 15604
1711 15866
1711 15920
1711 16205
1711 16360
1711 16726
1711 17659
1712 593
1712 1237
1712 1621
1712 2828
1712 2914
1712 3981
1712 4163
1712 4331
1712 4815
1712 4913
1712 5108
1712 5188
1712 5506
1712 5625
1712 5784
1712 6242
1712 6507
1712 6676
1712 6946
1712 7101
1712 7218
1712 7438
1712 7712
1712 7860
1712 9714
1712 9826
1712 9950
1712 10253
1712 10380
1712 10590
1712 10955
1712 11115
1712 11206
1712 11481
1712 12723
1712 13142
1712 13382
1712 13514
1712 13809
1712 14570
1712 14783
1712 15021
1712 15605
1712 15867
1712 15921
1712 16206
1712 16361
1712 16727
1712 17660
1713 594
1713 1238
1713 1622
1713 2829
1713 2915
1713 3982
1713 4164
1713 4332
1713 4816
1713 4914
1713 5109
1713 5189
1713 5507
1713 5626
1713 5785
1713 6243
1713 6508
1713 6677
1713 6947
1713 7102
1713 7219
1713 7439
1713 7713
1713 7861
1713 9715
1713 9827
1713 9951
1713 10254
1713 10381
1713 10591
1713 10956
1713 11116
1713 11207
1713 11482
1713 12724
1713 13143
1713 13383
1713 13515
1713 13810
1713 14571
1713 14784
1713 15022
1713 15606
1713 15868
1713 15922
1713 16207
1713 16362
1713 16728
1713 17661
1714 595
1714 1239
1714 1623
1714 2830
1714 2916
1714 3983
1714 4165
1714 4333
1714 4705
1714 4915
1714 5110
1714 5190
1714 5508
1714 5627
1714 5786
1714 6244
1714 6509
1714 6678
1714 6948
1714 7103
1714 7220
1714 7440
1714 7714
1714 7862
1714 9716
1714 9828
1714 9952
1714 10255
1714 10382
1714 10592
1714 10957
1714 11117
1714 11208
1714 11483
1714 12725
1714 13144
1714 13384
1714 13516
1714 13811
1714 14572
1714 14673
1714 15023
1714 15607
1714 15869
1714 15923
1714 16208
1714 16363
1714 16729
1714 17662
1715 596
1715 1240
1715 1624
1715 2831
1715 2917
1715 3984
1715 4166
1715 4334
1715 4706
1715 4916
1715 5111
1715 5191
1715 5509
1715 5628
1715 5787
1715 6245
1715 6510
1715 6679
1715 6949
1715 7104
1715 7221
1715 7441
1715 7715
1715 7863
1715 9717
1715 9829
1715 9953
1715 10256
1715 10383
1715 10593
1715 10958
1715 11118
1715 11209
1715 11484
1715 12726
1715 13145
1715 13385
1715 13517
1715 13812
1715 14573
1715 14674
1715 15024
1715 15608
1715 15870
1715 15924
1715 16209
1715 16364
1715 16730
1715 17663
1716 597
1716 1241
1716 1625
1716 2832
1716 2918
1716 3985
1716 4167
1716 4335
1716 4707
1716 4917
1716 5112
1716 5192
1716 5510
1716 5629
1716 5788
1716 6246
1716 6511
1716 6680
1716 6950
1716 7105
1716 7222
1716 7442
1716 7716
1716 7864
1716 9718
1716 9830
1716 9954
1716 10257
1716 10384
1716 10594
1716 10959
1716 11119
1716 11210
1716 11485
1716 12727
1716 13146
1716 13386
1716 13518
1716 13813
1716 14574
1716 14675
1716 15025
1716 15609
1716 15871
1716 15925
1716 16210
1716 16365
1716 16731
1716 17664
1717 598
1717 1242
1717 1626
1717 2833
1717 2919
1717 3986
1717 4168
1717 4336
1717 4708
1717 4918
1717 5113
1717 5193
1717 5511
1717 5630
1717 5789
1717 6247
1717 6512
1717 6681
1717 6951
1717 7106
1717 7223
1717 7443
1717 7717
1717 7865
1717 9719
1717 9831
1717 9955
1717 10258
1717 10385
1717 10595
1717 10960
1717 11120
1717 11211
1717 11486
1717 12728
1717 13147
1717 13387
1717 13519
1717 13814
1717 14575
1717 14676
1717 15026
1717 15610
1717 15872
1717 15926
1717 16211
1717 16366
1717 16732
1717 17665
1718 599
1718 1243
1718 1627
1718 2834
1718 2920
1718 3987
1718 4169
1718 4337
1718 4709
1718 4919
1718 5114
1718 5194
1718 5512
1718 5631
1718 5790
1718 6248
1718 6513
1718 6682
1718 6952
1718 7107
1718 7224
1718 7444
1718 7718
1718 7866
1718 9720
1718 9832
1718 9956
1718 10259
1718 10386
1718 10596
1718 10961
1718 11121
1718 11212
1718 11487
1718 12729
1718 13148
1718 13388
1718 13520
1718 13815
1718 14576
1718 14677
1718 15027
1718 15611
1718 15873
1718 15927
1718 16212
1718 16367
1718 16733
1718 17666
1719 600
1719 1244
1719 1628
1719 2835
1719 2921
1719 3988
1719 4170
1719 4338
1719 4710
1719 4920
1719 5115
1719 5195
1719 5513
1719 5632
1719 5791
1719 6249
1719 6514
1719 6683
1719 6953
1719 7108
1719 7225
1719 7445
1719 7719
1719 7867
1719 9721
1719 9833
1719 9957
1719 10260
1719 10387
1719 10597
1719 10962
1719 11122
1719 11213
1719 11488
1719 12730
1719 13149
1719 13389
1719 13521
1719 13816
1719 14577
1719 14678
1719 15028
1719 15612
1719 15874
1719 15928
1719 16213
1719 16368
1719 16734
1719 17667
1720 601
1720 1245
1720 1629
1720 2836
1720 2922
1720 3989
1720 4171
1720 4339
1720 4711
1720 4921
1720 5116
1720 5196
1720 5514
1720 5633
1720 5792
1720 6250
1720 6515
1720 6684
1720 6954
1720 7109
1720 7226
1720 7446
1720 7720
1720 7868
1720 9722
1720 9834
1720 9958
1720 10261
1720 10388
1720 10598
1720 10963
1720 11123
1720 11214
1720 11489
1720 12731
1720 13150
1720 13390
1720 13522
1720 13817
1720 14578
1720 14679
1720 15029
1720 15613
1720 15875
1720 15929
1720 16214
1720 16369
1720 16735
1720 17668
1721 602
1721 1246
1721 1630
1721 2837
1721 2923
1721 3990
1721 4172
1721 4340
1721 4712
1721 4922
1721 5117
1721 5197
1721 5515
1721 5634
1721 5793
1721 6251
1721 6516
1721 6685
1721 6955
1721 7110
1721 7227
1721 7447
1721 7721
1721 7869
1721 9723
1721 9835
1721 9959
1721 10262
1721 10389
1721 10599
1721 10964
1721 11124
1721 11215
1721 11490
1721 12732
1721 13151
1721 13391
1721 13523
1721 13818
1721 14579
1721 14680
1721 15030
1721 15614
1721 15876
1721 15930
1721 16215
1721 16370
1721 16736
1721 17669
1722 603
1722 1247
1722 1631
1722 2838
1722 2924
1722 3991
1722 4173
1722 4341
1722 4713
1722 4923
1722 5118
1722 5198
1722 5516
1722 5635
1722 5794
1722 6252
1722 6517
1722 6686
1722 6956
1722 7111
1722 7228
1722 7448
1722 7722
1722 7870
1722 9724
1722 9836
1722 9960
1722 10263
1722 10390
1722 10600
1722 10965
1722 11125
1722 11216
1722 11491
1722 12733
1722 13152
1722 13392
1722 13524
1722 13819
1722 14580
1722 14681
1722 15031
1722 15615
1722 15877
1722 15931
1722 16216
1722 16371
1722 16737
1722 17670
1723 604
1723 1248
1723 1632
1723 2839
1723 2925
1723 3992
1723 4174
1723 4342
1723 4714
1723 4924
1723 5119
1723 5199
1723 5517
1723 5636
1723 5795
1723 6253
1723 6518
1723 6687
1723 6957
1723 7112
1723 7229
1723 7449
1723 7723
1723 7871
1723 9725
1723 9837
1723 9961
1723 10264
1723 10391
1723 10601
1723 10966
1723 11126
1723 11217
1723 11492
1723 12734
1723 13153
1723 13393
1723 13525
1723 13820
1723 14581
1723 14682
1723 15032
1723 15616
1723 15878
1723 15932
1723 16217
1723 16372
1723 16738
1723 17671
1724 605
1724 1249
1724 1633
1724 2840
1724 2926
1724 3993
1724 4175
1724 4343
1724 4715
1724 4925
1724 5120
1724 5200
1724 5518
1724 5637
1724 5796
1724 6254
1724 6519
1724 6688
1724 6958
1724 7113
1724 7230
1724 7450
1724 7724
1724 7872
1724 9726
1724 9838
1724 9962
1724 10265
1724 10392
1724 10602
1724 10967
1724 11127
1724 11218
1724 11493
1724 12735
1724 13154
1724 13394
1724 13526
1724 13821
1724 14582
1724 14683
1724 15033
1724 15617
1724 15879
1724 15933
1724 16218
1724 16373
1724 16739
1724 17672
1725 606
1725 1250
1725 1634
1725 2841
1725 2927
1725 3994
1725 4176
1725 4344
1725 4716
1725 4926
1725 5121
1725 5201
1725 5519
1725 5638
1725 5797
1725 6255
1725 6520
1725 6689
1725 6959
1725 7114
1725 7231
1725 7451
1725 7725
1725 7873
1725 9727
1725 9839
1725 9963
1725 10266
1725 10393
1725 10603
1725 10968
1725 11128
1725 11219
1725 11494
1725 12736
1725 13155
1725 13395
1725 13527
1725 13822
1725 14583
1725 14684
1725 15034
1725 15618
1725 15880
1725 15934
1725 16219
1725 16374
1725 16740
1725 17673
1726 607
1726 1251
1726 1635
1726 2842
1726 2928
1726 3995
1726 4177
1726 4345
1726 4717
1726 4927
1726 5122
1726 5202
1726 5520
1726 5639
1726 5798
1726 6256
1726 6521
1726 6690
1726 6960
1726 7115
1726 7232
1726 7452
1726 7726
1726 7874
1726 9728
1726 9840
1726 9964
1726 10267
1726 10394
1726 10604
1726 10969
1726 11129
1726 11220
1726 11495
1726 12737
1726 13156
1726 13396
1726 13528
1726 13823
1726 14584
1726 14685
1726 15035
1726 15619
1726 15881
1726 15935
1726 16220
1726 16375
1726 16741
1726 17674
1727 608
1727 1252
1727 1636
1727 2843
1727 2929
1727 3996
1727 4178
1727 4346
1727 4718
1727 4928
1727 5123
1727 5203
1727 5521
1727 5640
1727 5799
1727 6257
1727 6522
1727 6691
1727 6961
1727 7116
1727 7233
1727 7453
1727 7727
1727 7875
1727 9729
1727 9841
1727 9965
1727 10268
1727 10395
1727 10605
1727 10970
1727 11130
1727 11221
1727 11496
1727 12738
1727 13157
1727 13397
1727 13529
1727 13824
1727 14585
1727 14686
1727 15036
1727 15620
1727 15882
1727 15936
1727 16221
1727 16376
1727 16742
1727 17675
1728 609
1728 1253
1728 1637
1728 2844
1728 2930
1728 3997
1728 4179
1728 4347
1728 4719
1728 4817
1728 5124
1728 5204
1728 5522
1728 5641
1728 5800
1728 6258
1728 6523
1728 6692
1728 6962
1728 7117
1728 7234
1728 7454
1728 7728
1728 7876
1728 9730
1728 9842
1728 9966
1728 10269
1728 10396
1728 10606
1728 10971
1728 11131
1728 11222
1728 11497
1728 12739
1728 13158
1728 13398
1728 13530
1728 13825
1728 14586
1728 14687
1728 15037
1728 15621
1728 15883
1728 15937
1728 16222
1728 16377
1728 16743
1728 17676
1729 610
1729 1254
1729 1638
1729 2845
1729 2931
1729 3998
1729 4180
1729 4348
1729 4720
1729 4818
1729 5125
1729 5205
1729 5523
1729 5642
1729 5801
1729 6259
1729 6524
1729 6693
1729 6963
1729 7118
1729 7235
1729 7455
1729 7617
1729 7877
1729 9731
1729 9843
1729 9967
1729 10270
1729 10397
1729 10607
1729 10972
1729 11132
1729 11223
1729 11498
1729 12740
1729 13159
1729 13399
1729 13531
1729 13826
1729 14587
1729 14688
1729 15038
1729 15622
1729 15884
1729 15938
1729 16223
1729 16378
1729 16744
1729 17677
1730 611
1730 1255
1730 1639
1730 2846
1730 2932
1730 3999
1730 4181
1730 4349
1730 4721
1730 4819
1730 5126
1730 5206
1730 5524
1730 5643
1730 5802
1730 6260
1730 6525
1730 6694
1730 6964
1730 7119
1730 7236
1730 7456
1730 7618
1730 7878
1730 9732
1730 9844
1730 9968
1730 10271
1730 10398
1730 10608
1730 10973
1730 11133
1730 11224
1730 11499
1730 12741
1730 13160
1730 13400
1730 13532
1730 13827
1730 14588
1730 14689
1730 15039
1730 15623
1730 15885
1730 15939
1730 16224
1730 16379
1730 16745
1730 17678
1731 612
1731 1256
1731 1640
1731 2847
1731 2933
1731 4000
1731 4182
1731 4350
1731 4722
1731 4820
1731 5127
1731 5207
1731 5525
1731 5644
1731 5803
1731 6261
1731 6526
1731 6695
1731 6965
1731 7120
1731 7237
1731 7457
1731 7619
1731 7879
1731 9733
1731 9845
1731 9857
1731 10272
1731 10399
1731 10609
1731 10974
1731 11134
1731 11225
1731 11500
1731 12742
1731 13161
1731 13401
1731 13533
1731 13828
1731 14589
1731 14690
1731 15040
1731 15624
1731 15886
1731 15940
1731 16225
1731 16380
1731 16746
1731 17679
1732 613
1732 1257
1732 1641
1732 2848
1732 2934
1732 4001
1732 4183
1732 4351
1732 4723
1732 4821
1732 5128
1732 5208
1732 5526
1732 5645
1732 5804
1732 6262
1732 6527
1732 6696
1732 6966
1732 7121
1732 7238
1732 7458
1732 7620
1732 7880
1732 9734
1732 9846
1732 9858
1732 10273
1732 10400
1732 10610
1732 10975
1732 11135
1732 11226
1732 11501
1732 12743
1732 13162
1732 13402
1732 13534
1732 13829
1732 14590
1732 14691
1732 15041
1732 15625
1732 15887
1732 15941
1732 16226
1732 16381
1732 16747
1732 17680
1733 614
1733 1258
1733 1642
1733 2849
1733 2935
1733 4002
1733 4184
1733 4352
1733 4724
1733 4822
1733 5129
1733 5209
1733 5527
1733 5646
1733 5805
1733 6263
1733 6528
1733 6697
1733 6967
1733 7122
1733 7239
1733 7459
1733 7621
1733 7881
1733 9735
1733 9847
1733 9859
1733 10274
1733 10401
1733 10611
1733 10976
1733 11136
1733 11227
1733 11502
1733 12744
1733 13163
1733 13403
1733 13535
1733 13830
1733 14591
1733 14692
1733 15042
1733 15626
1733 15888
1733 15942
1733 16227
1733 16382
1733 16748
1733 17681
1734 615
1734 1259
1734 1643
1734 2850
1734 2936
1734 4003
1734 4185
1734 4353
1734 4725
1734 4823
1734 5130
1734 5210
1734 5528
1734 5647
1734 5806
1734 6264
1734 6529
1734 6698
1734 6968
1734 7123
1734 7240
1734 7460
1734 7622
1734 7882
1734 9736
1734 9848
1734 9860
1734 10275
1734 10402
1734 10612
1734 10865
1734 11137
1734 11228
1734 11503
1734 12745
1734 13164
1734 13404
1734 13536
1734 13831
1734 14592
1734 14693
1734 15043
1734 15627
1734 15889
1734 15943
1734 16228
1734 16383
1734 16749
1734 17682
1735 616
1735 1260
1735 1644
1735 2851
1735 2937
1735 4004
1735 4186
1735 4354
1735 4726
1735 4824
1735 5131
1735 5211
1735 5529
1735 5648
1735 5807
1735 6265
1735 6530
1735 6699
1735 6969
1735 7124
1735 7241
1735 7461
1735 7623
1735 7883
1735 9737
1735 9849
1735 9861
1735 10276
1735 10403
1735 10613
1735 10866
1735 11138
1735 11229
1735 11504
1735 12746
1735 13165
1735 13405
1735 13537
1735 13832
1735 14593
1735 14694
1735 15044
1735 15628
1735 15890
1735 15944
1735 16229
1735 16384
1735 16750
1735 17683
1736 617
1736 1261
1736 1645
1736 2852
1736 2938
1736 4005
1736 4187
1736 4355
1736 4727
1736 4825
1736 5132
1736 5212
1736 5530
1736 5649
1736 5808
1736 6266
1736 6531
1736 6700
1736 6970
1736 7125
1736 7242
1736 7462
1736 7624
1736 7884
1736 9738
1736 9850
1736 9862
1736 10277
1736 10404
1736 10614
1736 10867
1736 11139
1736 11230
1736 11505
1736 12747
1736 13166
1736 13406
1736 13538
1736 13833
1736 14594
1736 14695
1736 15045
1736 15629
1736 15891
1736 15945
1736 16230
1736 16385
1736 16751
1736 17684
1737 618
1737 1262
1737 1646
1737 2853
1737 2939
1737 4006
1737 4188
1737 4356
1737 4728
1737 4826
1737 5133
1737 5213
1737 5531
1737 5650
1737 5809
1737 6267
1737 6532
1737 6701
1737 6971
1737 7126
1737 7243
1737 7463
1737 7625
1737 7885
1737 9739
1737 9851
1737 9863
1737 10278
1737 10405
1737 10615
1737 10868
1737 11140
1737 11231
1737 11506
1737 12748
1737 13167
1737 13407
1737 13539
1737 13834
1737 14595
1737 14696
1737 15046
1737 15630
1737 15892
1737 15946
1737 16231
1737 16386
1737 16752
1737 17685
1738 619
1738 1263
1738 1647
1738 2854
1738 2940
1738 4007
1738 4189
1738 4357
1738 4729
1738 4827
1738 5134
1738 5214
1738 5532
1738 5651
1738 5810
1738 6268
1738 6533
1738 6702
1738 6972
1738 7127
1738 7244
1738 7464
1738 7626
1738 7886
1738 9740
1738 9852
1738 9864
1738 10279
1738 10406
1738 10616
1738 10869
1738 11141
1738 11232
1738 11507
1738 12749
1738 13168
1738 13408
1738 13540
1738 13835
1738 14596
1738 14697
1738 15047
1738 15631
1738 15893
1738 15947
1738 16232
1738 16387
1738 16753
1738 17686
1739 620
1739 1264
1739 1648
1739 2855
1739 2941
1739 4008
1739 4190
1739 4358
1739 4730
1739 4828
1739 5135
1739 5215
1739 5533
1739 5652
1739 5811
1739 6269
1739 6534
1739 6703
1739 6973
1739 7128
1739 7245
1739 7465
1739 7627
1739 7887
1739 9741
1739 9853
1739 9865
1739 10280
1739 10407
1739 10617
1739 10870
1739 11142
1739 11233
1739 11508
1739 12750
1739 13169
1739 13409
1739 13541
1739 13836
1739 14597
1739 14698
1739 15048
1739 15632
1739 15894
1739 15948
1739 16233
1739 16388
1739 16754
1739 17687
1740 621
1740 1265
1740 1649
1740 2856
1740 2942
1740 4009
1740 4191
1740 4359
1740 4731
1740 4829
1740 5136
1740 5216
1740 5534
1740 5653
1740 5812
1740 6270
1740 6535
1740 6704
1740 6974
1740 7129
1740 7246
1740 7466
1740 7628
1740 7888
1740 9742
1740 9854
1740 9866
1740 10281
1740 10408
1740 10618
1740 10871
1740 11143
1740 11234
1740 11509
1740 12751
1740 13170
1740 13410
1740 13542
1740 13837
1740 14598
1740 14699
1740 15049
1740 15633
1740 15895
1740 15949
1740 16234
1740 16389
1740 16755
1740 17688
1741 622
1741 1266
1741 1650
1741 2857
1741 2943
1741 4010
1741 4192
1741 4360
1741 4732
1741 4830
1741 5137
1741 5217
1741 5535
1741 5654
1741 5813
1741 6271
1741 6536
1741 6705
1741 6975
1741 7130
1741 7247
1741 7467
1741 7629
1741 7889
1741 9743
1741 9855
1741 9867
1741 10282
1741 10409
1741 10619
1741 10872
1741 11144
1741 11235
1741 11510
1741 12752
1741 13171
1741 13411
1741 13543
1741 13838
1741 14599
1741 14700
1741 15050
1741 15634
1741 15896
1741 15950
1741 16235
1741 16390
1741 16756
1741 17689
1742 623
1742 1267
1742 1651
1742 2858
1742 2944
1742 4011
1742 4193
1742 4361
1742 4733
1742 4831
1742 5138
1742 5218
1742 5536
1742 5655
1742 5814
1742 6272
1742 6537
1742 6706
1742 6976
1742 7131
1742 7248
1742 7468
1742 7630
1742 7890
1742 9744
1742 9856
1742 9868
1742 10283
1742 10410
1742 10620
1742 10873
1742 11145
1742 11236
1742 11511
1742 12753
1742 13172
1742 13412
1742 13544
1742 13839
1742 14600
1742 14701
1742 15051
1742 15635
1742 15897
1742 15951
1742 16236
1742 16391
1742 16757
1742 17690
1743 624
1743 1268
1743 1652
1743 2859
1743 2945
1743 4012
1743 4194
1743 4362
1743 4734
1743 4832
1743 5139
1743 5219
1743 5537
1743 5656
1743 5815
1743 6161
1743 6538
1743 6707
1743 6977
1743 7132
1743 7249
1743 7469
1743 7631
1743 7891
1743 9633
1743 9745
1743 9869
1743 10284
1743 10411
1743 10621
1743 10874
1743 11146
1743 11237
1743 11512
1743 12754
1743 13173
1743 13413
1743 13545
1743 13840
1743 14601
1743 14702
1743 15052
1743 15636
1743 15898
1743 15952
1743 16237
1743 16392
1743 16758
1743 17691
1744 625
1744 1269
1744 1653
1744 2860
1744 2946
1744 4013
1744 4195
1744 4363
1744 4735
1744 4833
1744 5140
1744 5220
1744 5538
1744 5657
1744 5816
1744 6162
1744 6539
1744 6708
1744 6978
1744 7133
1744 7250
1744 7470
1744 7632
1744 7892
1744 9634
1744 9746
1744 9870
1744 10285
1744 10412
1744 10622
1744 10875
1744 11147
1744 11238
1744 11513
1744 12755
1744 13174
1744 13414
1744 13546
1744 13841
1744 14602
1744 14703
1744 15053
1744 15637
1744 15899
1744 15953
1744 16238
1744 16393
1744 16759
1744 17692
1745 626
1745 1270
1745 1654
1745 2861
1745 2947
1745 4014
1745 4196
1745 4364
1745 4736
1745 4834
1745 5141
1745 5221
1745 5539
1745 5658
1745 5817
1745 6163
1745 6540
1745 6709
1745 6979
1745 7134
1745 7251
1745 7471
1745 7633
1745 7893
1745 9635
1745 9747
1745 9871
1745 10286
1745 10413
1745 10623
1745 10876
1745 11148
1745 11239
1745 11514
1745 12756
1745 13175
1745 13415
1745 13547
1745 13842
1745 14603
1745 14704
1745 15054
1745 15638
1745 15900
1745 15954
1745 16239
1745 16394
1745 16760
1745 17693
1746 627
1746 1271
1746 1655
1746 2862
1746 2948
1746 4015
1746 4197
1746 4365
1746 4737
1746 4835
1746 5142
1746 5222
1746 5540
1746 5659
1746 5818
1746 6164
1746 6541
1746 6710
1746 6980
1746 7135
1746 7252
1746 7472
1746 7634
1746 7894
1746 9636
1746 9748
1746 9872
1746 10287
1746 10414
1746 10624
1746 10877
1746 11149
1746 11240
1746 11515
1746 12757
1746 13176
1746 13416
1746 13548
1746 13843
1746 14604
1746 14705
1746 15055
1746 15639
1746 15901
1746 15955
1746 16240
1746 16395
1746 16761
1746 17694
1747 628
1747 1272
1747 1656
1747 2863
1747 2949
1747 4016
1747 4198
1747 4366
1747 4738
1747 4836
1747 5143
1747 5223
1747 5541
1747 5660
1747 5819
1747 6165
1747 6542
1747 6711
1747 6981
1747 7136
1747 7253
1747 7473
1747 7635
1747 7895
1747 9637
1747 9749
1747 9873
1747 10288
1747 10415
1747 10625
1747 10878
1747 11150
1747 11241
1747 11516
1747 12758
1747 13177
1747 13417
1747 13549
1747 13844
1747 14605
1747 14706
1747 15056
1747 15640
1747 15902
1747 15956
1747 16129
1747 16396
1747 16762
1747 17695
1748 629
1748 1273
1748 1657
1748 2864
1748 2950
1748 4017
1748 4199
1748 4367
1748 4739
1748 4837
1748 5144
1748 5224
1748 5542
1748 5661
1748 5820
1748 6166
1748 6543
1748 6712
1748 6982
1748 7137
1748 7254
1748 7474
1748 7636
1748 7896
1748 9638
1748 9750
1748 9874
1748 10289
1748 10416
1748 10626
1748 10879
1748 11151
1748 11242
1748 11517
1748 12759
1748 13178
1748 13418
1748 13550
1748 13845
1748 14606
1748 14707
1748 15057
1748 15641
1748 15903
1748 15957
1748 16130
1748 16397
1748 16763
1748 17696
1749 630
1749 1274
1749 1658
1749 2865
1749 2951
1749 4018
1749 4200
1749 4368
1749 4740
1749 4838
1749 5145
1749 5225
1749 5543
1749 5662
1749 5821
1749 6167
1749 6544
1749 6713
1749 6983
1749 7138
1749 7255
1749 7475
1749 7637
1749 7897
1749 9639
1749 9751
1749 9875
1749 10290
1749 10305
1749 10627
1749 10880
1749 11152
1749 11243
1749 11518
1749 12760
1749 13179
1749 13419
1749 13551
1749 13846
1749 14607
1749 14708
1749 15058
1749 15642
1749 15904
1749 15958
1749 16131
1749 16398
1749 16764
1749 17585
1750 631
1750 1275
1750 1659
1750 2866
1750 2952
1750 4019
1750 4201
1750 4257
1750 4741
1750 4839
1750 5146
1750 5226
1750 5544
1750 5663
1750 5822
1750 6168
1750 6545
1750 6714
1750 6984
1750 7139
1750 7256
1750 7476
1750 7638
1750 7898
1750 9640
1750 9752
1750 9876
1750 10291
1750 10306
1750 10628
1750 10881
1750 11153
1750 11244
1750 11519
1750 12761
1750 13180
1750 13420
1750 13552
1750 13847
1750 14608
1750 14709
1750 15059
1750 15643
1750 15793
1750 15959
1750 16132
1750 16399
1750 16765
1750 17586
1751 632
1751 1276
1751 1660
1751 2867
1751 2953
1751 4020
1751 4202
1751 4258
1751 4742
1751 4840
1751 5147
1751 5227
1751 5545
1751 5664
1751 5823
1751 6169
1751 6546
1751 6715
1751 6985
1751 7140
1751 7257
1751 7477
1751 7639
1751 7899
1751 9641
1751 9753
1751 9877
1751 10292
1751 10307
1751 10629
1751 10882
1751 11154
1751 11245
1751 11520
1751 12762
1751 13181
1751 13421
1751 13441
1751 13848
1751 14609
1751 14710
1751 15060
1751 15644
1751 15794
1751 15960
1751 16133
1751 16400
1751 16766
1751 17587
1752 633
1752 1277
1752 1661
1752 2868
1752 2954
1752 4021
1752 4203
1752 4259
1752 4743
1752 4841
1752 5148
1752 5228
1752 5546
1752 5665
1752 5824
1752 6170
1752 6547
1752 6716
1752 6986
1752 7141
1752 7258
1752 7478
1752 7640
1752 7900
1752 9642
1752 9754
1752 9878
1752 10293
1752 10308
1752 10630
1752 10883
1752 11155
1752 11246
1752 11521
1752 12763
1752 13182
1752 13422
1752 13442
1752 13849
1752 14610
1752 14711
1752 15061
1752 15645
1752 15795
1752 15961
1752 16134
1752 16401
1752 16767
1752 17588
1753 634
1753 1278
1753 1662
1753 2869
1753 2955
1753 4022
1753 4204
1753 4260
1753 4744
1753 4842
1753 5149
1753 5229
1753 5547
1753 5666
1753 5713
1753 6171
1753 6548
1753 6717
1753 6987
1753 7142
1753 7259
1753 7479
1753 7641
1753 7901
1753 9643
1753 9755
1753 9879
1753 10294
1753 10309
1753 10631
1753 10884
1753 11156
1753 11247
1753 11522
1753 12764
1753 13183
1753 13423
1753 13443
1753 13850
1753 14611
1753 14712
1753 15062
1753 15646
1753 15796
1753 15962
1753 16135
1753 16402
1753 16768
1753 17589
1754 635
1754 1279
1754 1663
1754 2870
1754 2956
1754 4023
1754 4205
1754 4261
1754 4745
1754 4843
1754 5150
1754 5230
1754 5548
1754 5667
1754 5714
1754 6172
1754 6549
1754 6718
1754 6988
1754 7143
1754 7260
1754 7480
1754 7642
1754 7902
1754 9644
1754 9756
1754 9880
1754 10295
1754 10310
1754 10632
1754 10885
1754 11157
1754 11248
1754 11523
1754 12765
1754 13184
1754 13424
1754 13444
1754 13851
1754 14612
1754 14713
1754 15063
1754 15647
1754 15797
1754 15963
1754 16136
1754 16403
1754 16769
1754 17590
1755 636
1755 1280
1755 1664
1755 2871
1755 2957
1755 4024
1755 4206
1755 4262
1755 4746
1755 4844
1755 5151
1755 5231
1755 5549
1755 5668
1755 5715
1755 6173
1755 6550
1755 6719
1755 6989
1755 7144
1755 7261
1755 7481
1755 7643
1755 7903
1755 9645
1755 9757
1755 9881
1755 10296
1755 10311
1755 10633
1755 10886
1755 11158
1755 11249
1755 11524
1755 12766
1755 13185
1755 13425
1755 13445
1755 13852
1755 14613
1755 14714
1755 15064
1755 15648
1755 15798
1755 15964
1755 16137
1755 16404
1755 16770
1755 17591
1756 637
1756 1281
1756 1665
1756 2872
1756 2958
1756 4025
1756 4207
1756 4263
1756 4747
1756 4845
1756 5152
1756 5232
1756 5550
1756 5669
1756 5716
1756 6174
1756 6551
1756 6720
1756 6990
1756 7145
1756 7262
1756 7482
1756 7644
1756 7904
1756 9646
1756 9758
1756 9882
1756 10297
1756 10312
1756 10634
1756 10887
1756 11159
1756 11250
1756 11525
1756 12767
1756 13186
1756 13426
1756 13446
1756 13853
1756 14614
1756 14715
1756 15065
1756 15649
1756 15799
1756 15965
1756 16138
1756 16405
1756 16771
1756 17592
1757 638
1757 1282
1757 1666
1757 2873
1757 2959
1757 4026
1757 4208
1757 4264
1757 4748
1757 4846
1757 5041
1757 5233
1757 5551
1757 5670
1757 5717
1757 6175
1757 6552
1757 6609
1757 6991
1757 7146
1757 7263
1757 7483
1757 7645
1757 7905
1757 9647
1757 9759
1757 9883
1757 10298
1757 10313
1757 10635
1757 10888
1757 11160
1757 11251
1757 11526
1757 12768
1757 13187
1757 13427
1757 13447
1757 13854
1757 14615
1757 14716
1757 15066
1757 15650
1757 15800
1757 15966
1757 16139
1757 16406
1757 16772
1757 17593
1758 639
1758 1283
1758 1667
1758 2874
1758 2960
1758 4027
1758 4209
1758 4265
1758 4749
1758 4847
1758 5042
1758 5234
1758 5552
1758 5671
1758 5718
1758 6176
1758 6553
1758 6610
1758 6992
1758 7147
1758 7264
1758 7484
1758 7646
1758 7906
1758 9648
1758 9760
1758 9884
1758 10299
1758 10314
1758 10636
1758 10889
1758 11161
1758 11252
1758 11527
1758 12657
1758 13188
1758 13428
1758 13448
1758 13855
1758 14616
1758 14717
1758 15067
1758 15651
1758 15801
1758 15967
1758 16140
1758 16407
1758 16773
1758 17594
1759 640
1759 1284
1759 1668
1759 2875
1759 2961
1759 4028
1759 4210
1759 4266
1759 4750
1759 4848
1759 5043
1759 5235
1759 5553
1759 5672
1759 5719
1759 6177
1759 6554
1759 6611
1759 6993
1759 7148
1759 7265
1759 7485
1759 7647
1759 7907
1759 9649
1759 9761
1759 9885
1759 10300
1759 10315
1759 10637
1759 10890
1759 11162
1759 11253
1759 11528
1759 12658
1759 13189
1759 13429
1759 13449
1759 13856
1759 14617
1759 14718
1759 15068
1759 15652
1759 15802
1759 15968
1759 16141
1759 16408
1759 16774
1759 17595
1760 641
1760 1285
1760 1669
1760 2876
1760 2962
1760 4029
1760 4211
1760 4267
1760 4751
1760 4849
1760 5044
1760 5236
1760 5554
1760 5673
1760 5720
1760 6178
1760 6555
1760 6612
1760 6994
1760 7149
1760 7266
1760 7486
1760 7648
1760 7908
1760 9650
1760 9762
1760 9886
1760 10301
1760 10316
1760 10638
1760 10891
1760 11163
1760 11254
1760 11529
1760 12659
1760 13190
1760 13430
1760 13450
1760 13857
1760 14618
1760 14719
1760 15069
1760 15653
1760 15803
1760 15969
1760 16142
1760 16409
1760 16775
1760 17596
1761 642
1761 1286
1761 1670
1761 2877
1761 2963
1761 4030
1761 4212
1761 4268
1761 4752
1761 4850
1761 5045
1761 5237
1761 5555
1761 5674
1761 5721
1761 6179
1761 6556
1761 6613
1761 6995
1761 7150
1761 7267
1761 7487
1761 7649
1761 7909
1761 9651
1761 9763
1761 9887
1761 10302
1761 10317
1761 10639
1761 10892
1761 11164
1761 11255
1761 11530
1761 12660
1761 13191
1761 13431
1761 13451
1761 13858
1761 14619
1761 14720
1761 15070
1761 15654
1761 15804
1761 15970
1761 16143
1761 16410
1761 16776
1761 17597
1762 643
1762 1287
1762 1671
1762 2878
1762 2964
1762 4031
1762 4213
1762 4269
1762 4753
1762 4851
1762 5046
1762 5238
1762 5556
1762 5675
1762 5722
1762 6180
1762 6557
1762 6614
1762 6996
1762 7151
1762 7268
1762 7488
1762 7650
1762 7910
1762 9652
1762 9764
1762 9888
1762 10303
1762 10318
1762 10640
1762 10893
1762 11165
1762 11256
1762 11531
1762 12661
1762 13192
1762 13432
1762 13452
1762 13859
1762 14620
1762 14721
1762 15071
1762 15655
1762 15805
1762 15971
1762 16144
1762 16411
1762 16777
1762 17598
1763 644
1763 1288
1763 1672
1763 2879
1763 2965
1763 4032
1763 4214
1763 4270
1763 4754
1763 4852
1763 5047
1763 5239
1763 5557
1763 5676
1763 5723
1763 6181
1763 6558
1763 6615
1763 6997
1763 7152
1763 7269
1763 7489
1763 7651
1763 7911
1763 9653
1763 9765
1763 9889
1763 10304
1763 10319
1763 10529
1763 10894
1763 11166
1763 11257
1763 11532
1763 12662
1763 13193
1763 13433
1763 13453
1763 13860
1763 14621
1763 14722
1763 15072
1763 15656
1763 15806
1763 15972
1763 16145
1763 16412
1763 16778
1763 17599
1764 645
1764 1289
1764 1673
1764 2880
1764 2966
1764 3921
1764 4215
1764 4271
1764 4755
1764 4853
1764 5048
1764 5240
1764 5558
1764 5677
1764 5724
1764 6182
1764 6559
1764 6616
1764 6998
1764 7153
1764 7270
1764 7490
1764 7652
1764 7912
1764 9654
1764 9766
1764 9890
1764 10193
1764 10320
1764 10530
1764 10895
1764 11167
1764 11258
1764 11533
1764 12663
1764 13194
1764 13434
1764 13454
1764 13861
1764 14622
1764 14723
1764 15073
1764 15657
1764 15807
1764 15973
1764 16146
1764 16413
1764 16779
1764 17600
1765 646
1765 1290
1765 1674
1765 2881
1765 2967
1765 3922
1765 4216
1765 4272
1765 4756
1765 4854
1765 5049
1765 5241
1765 5559
1765 5678
1765 5725
1765 6183
1765 6560
1765 6617
1765 6999
1765 7154
1765 7271
1765 7491
1765 7653
1765 7913
1765 9655
1765 9767
1765 9891
1765 10194
1765 10321
1765 10531
1765 10896
1765 11168
1765 11259
1765 11534
1765 12664
1765 13195
1765 13435
1765 13455
1765 13862
1765 14623
1765 14724
1765 15074
1765 15658
1765 15808
1765 15974
1765 16147
1765 16414
1765 16780
1765 17601
1766 647
1766 1291
1766 1675
1766 2882
1766 2968
1766 3923
1766 4217
1766 4273
1766 4757
1766 4855
1766 5050
1766 5242
1766 5560
1766 5679
1766 5726
1766 6184
1766 6561
1766 6618
1766 7000
1766 7155
1766 7272
1766 7492
1766 7654
1766 7914
1766 9656
1766 9768
1766 9892
1766 10195
1766 10322
1766 10532
1766 10897
1766 11169
1766 11260
1766 11535
1766 12665
1766 13196
1766 13436
1766 13456
1766 13863
1766 14624
1766 14725
1766 15075
1766 15659
1766 15809
1766 15975
1766 16148
1766 16415
1766 16781
1766 17602
1767 648
1767 1292
1767 1676
1767 2883
1767 2969
1767 3924
1767 4218
1767 4274
1767 4758
1767 4856
1767 5051
1767 5243
1767 5561
1767 5680
1767 5727
1767 6185
1767 6562
1767 6619
1767 7001
1767 7156
1767 7273
1767 7493
1767 7655
1767 7915
1767 9657
1767 9769
1767 9893
1767 10196
1767 10323
1767 10533
1767 10898
1767 11170
1767 11261
1767 11536
1767 12666
1767 13197
1767 13437
1767 13457
1767 13864
1767 14625
1767 14726
1767 15076
1767 15660
1767 15810
1767 15976
1767 16149
1767 16416
1767 16782
1767 17603
1768 649
1768 1293
1768 1677
1768 2884
1768 2970
1768 3925
1768 4219
1768 4275
1768 4759
1768 4857
1768 5052
1768 5244
1768 5562
1768 5681
1768 5728
1768 6186
1768 6563
1768 6620
1768 7002
1768 7157
1768 7274
1768 7494
1768 7656
1768 7916
1768 9658
1768 9770
1768 9894
1768 10197
1768 10324
1768 10534
1768 10899
1768 11171
1768 11262
1768 11425
1768 12667
1768 13198
1768 13438
1768 13458
1768 13865
1768 14626
1768 14727
1768 15077
1768 15661
1768 15811
1768 15977
1768 16150
1768 16417
1768 16783
1768 17604
1769 650
1769 1294
1769 1678
1769 2885
1769 2971
1769 3926
1769 4220
1769 4276
1769 4760
1769 4858
1769 5053
1769 5245
1769 5563
1769 5682
1769 5729
1769 6187
1769 6564
1769 6621
1769 7003
1769 7158
1769 7275
1769 7495
1769 7657
1769 7917
1769 9659
1769 9771
1769 9895
1769 10198
1769 10325
1769 10535
1769 10900
1769 11172
1769 11263
1769 11426
1769 12668
1769 13199
1769 13439
1769 13459
1769 13866
1769 14627
1769 14728
1769 15078
1769 15662
1769 15812
1769 15978
1769 16151
1769 16418
1769 16784
1769 17605
1770 651
1770 1295
1770 1679
1770 2886
1770 2972
1770 3927
1770 4221
1770 4277
1770 4761
1770 4859
1770 5054
1770 5246
1770 5564
1770 5683
1770 5730
1770 6188
1770 6565
1770 6622
1770 7004
1770 7159
1770 7276
1770 7496
1770 7658
1770 7918
1770 9660
1770 9772
1770 9896
1770 10199
1770 10326
1770 10536
1770 10901
1770 11173
1770 11264
1770 11427
1770 12669
1770 13200
1770 13440
1770 13460
1770 13867
1770 14628
1770 14729
1770 15079
1770 15663
1770 15813
1770 15979
1770 16152
1770 16419
1770 16785
1770 17606
1771 652
1771 1296
1771 1680
1771 2887
1771 2973
1771 3928
1771 4222
1771 4278
1771 4762
1771 4860
1771 5055
1771 5247
1771 5565
1771 5684
1771 5731
1771 6189
1771 6566
1771 6623
1771 7005
1771 7160
1771 7277
1771 7497
1771 7659
1771 7919
1771 9661
1771 9773
1771 9897
1771 10200
1771 10327
1771 10537
1771 10902
1771 11174
1771 11265
1771 11428
1771 12670
1771 13201
1771 13329
1771 13461
1771 13868
1771 14629
1771 14730
1771 15080
1771 15664
1771 15814
1771 15980
1771 16153
1771 16420
1771 16786
1771 17607
1772 653
1772 1297
1772 1569
1772 2888
1772 2974
1772 3929
1772 4223
1772 4279
1772 4763
1772 4861
1772 5056
1772 5248
1772 5566
1772 5685
1772 5732
1772 6190
1772 6567
1772 6624
1772 7006
1772 7161
1772 7278
1772 7498
1772 7660
1772 7920
1772 9662
1772 9774
1772 9898
1772 10201
1772 10328
1772 10538
1772 10903
1772 11175
1772 11266
1772 11429
1772 12671
1772 13202
1772 13330
1772 13462
1772 13869
1772 14630
1772 14731
1772 15081
1772 15665
1772 15815
1772 15981
1772 16154
1772 16421
1772 16787
1772 17608
1773 654
1773 1298
1773 1570
1773 2889
1773 2975
1773 3930
1773 4224
1773 4280
1773 4764
1773 4862
1773 5057
1773 5249
1773 5567
1773 5686
1773 5733
1773 6191
1773 6568
1773 6625
1773 7007
1773 7162
1773 7279
1773 7499
1773 7661
1773 7921
1773 9663
1773 9775
1773 9899
1773 10202
1773 10329
1773 10539
1773 10904
1773 11176
1773 11267
1773 11430
1773 12672
1773 13203
1773 13331
1773 13463
1773 13870
1773 14631
1773 14732
1773 15082
1773 15666
1773 15816
1773 15982
1773 16155
1773 16422
1773 16788
1773 17609
1774 655
1774 1299
1774 1571
1774 2890
1774 2976
1774 3931
1774 4225
1774 4281
1774 4765
1774 4863
1774 5058
1774 5250
1774 5568
1774 5687
1774 5734
1774 6192
1774 6569
1774 6626
1774 7008
1774 7163
1774 7280
1774 7500
1774 7662
1774 7922
1774 9664
1774 9776
1774 9900
1774 10203
1774 10330
1774 10540
1774 10905
1774 11177
1774 11268
1774 11431
1774 12673
1774 13204
1774 13332
1774 13464
1774 13871
1774 14632
1774 14733
1774 15083
1774 15667
1774 15817
1774 15983
1774 16156
1774 16423
1774 16789
1774 17610
1775 656
1775 1300
1775 1572
1775 2891
1775 2977
1775 3932
1775 4226
1775 4282
1775 4766
1775 4864
1775 5059
1775 5251
1775 5569
1775 5688
1775 5735
1775 6193
1775 6570
1775 6627
1775 7009
1775 7164
1775 7169
1775 7501
1775 7663
1775 7923
1775 9665
1775 9777
1775 9901
1775 10204
1775 10331
1775 10541
1775 10906
1775 11178
1775 11269
1775 11432
1775 12674
1775 13205
1775 13333
1775 13465
1775 13872
1775 14633
1775 14734
1775 15084
1775 15668
1775 15818
1775 15984
1775 16157
1775 16424
1775 16790
1775 17611
1776 657
1776 1301
1776 1573
1776 2892
1776 2978
1776 3933
1776 4227
1776 4283
1776 4767
1776 4865
1776 5060
1776 5252
1776 5570
1776 5689
1776 5736
1776 6194
1776 6571
1776 6628
1776 7010
1776 7165
1776 7170
1776 7502
1776 7664
1776 7924
1776 9666
1776 9778
1776 9902
1776 10205
1776 10332
1776 10542
1776 10907
1776 11179
1776 11270
1776 11433
1776 12675
1776 13206
1776 13334
1776 13466
1776 13873
1776 14634
1776 14735
1776 15085
1776 15669
1776 15819
1776 15985
1776 16158
1776 16425
1776 16791
1776 17612
1777 658
1777 1302
1777 1574
1777 2893
1777 2979
1777 3934
1777 4228
1777 4284
1777 4768
1777 4866
1777 5061
1777 5253
1777 5571
1777 5690
1777 5737
1777 6195
1777 6572
1777 6629
1777 7011
1777 7166
1777 7171
1777 7503
1777 7665
1777 7925
1777 9667
1777 9779
1777 9903
1777 10206
1777 10333
1777 10543
1777 10908
1777 11180
1777 11271
1777 11434
1777 12676
1777 13207
1777 13335
1777 13467
1777 13874
1777 14635
1777 14736
1777 15086
1777 15670
1777 15820
1777 15986
1777 16159
1777 16426
1777 16792
1777 17613
1778 659
1778 1303
1778 1575
1778 2894
1778 2980
1778 3935
1778 4229
1778 4285
1778 4769
1778 4867
1778 5062
1778 5254
1778 5572
1778 5691
1778 5738
1778 6196
1778 6573
1778 6630
1778 7012
1778 7167
1778 7172
1778 7504
1778 7666
1778 7926
1778 9668
1778 9780
1778 9904
1778 10207
1778 10334
1778 10544
1778 10909
1778 11181
1778 11272
1778 11435
1778 12677
1778 13208
1778 13336
1778 13468
1778 13875
1778 14636
1778 14737
1778 15087
1778 15671
1778 15821
1778 15987
1778 16160
1778 16427
1778 16793
1778 17614
1779 660
1779 1304
1779 1576
1779 2895
1779 2981
1779 3936
1779 4230
1779 4286
1779 4770
1779 4868
1779 5063
1779 5255
1779 5573
1779 5692
1779 5739
1779 6197
1779 6574
1779 6631
1779 7013
1779 7168
1779 7173
1779 7393
1779 7667
1779 7927
1779 9669
1779 9781
1779 9905
1779 10208
1779 10335
1779 10545
1779 10910
1779 11182
1779 11273
1779 11436
1779 12678
1779 13209
1779 13337
1779 13469
1779 13876
1779 14637
1779 14738
1779 15088
1779 15672
1779 15822
1779 15988
1779 16161
1779 16428
1779 16794
1779 17615
1780 661
1780 1305
1780 1577
1780 2896
1780 2982
1780 3937
1780 4231
1780 4287
1780 4771
1780 4869
1780 5064
1780 5256
1780 5574
1780 5693
1780 5740
1780 6198
1780 6575
1780 6632
1780 7014
1780 7057
1780 7174
1780 7394
1780 7668
1780 7928
1780 9670
1780 9782
1780 9906
1780 10209
1780 10336
1780 10546
1780 10911
1780 11183
1780 11274
1780 11437
1780 12679
1780 13210
1780 13338
1780 13470
1780 13877
1780 14638
1780 14739
1780 15089
1780 15673
1780 15823
1780 15989
1780 16162
1780 16429
1780 16795
1780 17616
1781 662
1781 1306
1781 1578
1781 2897
1781 2983
1781 3938
1781 4232
1781 4288
1781 4772
1781 4870
1781 5065
1781 5257
1781 5575
1781 5694
1781 5741
1781 6199
1781 6576
1781 6633
1781 7015
1781 7058
1781 7175
1781 7395
1781 7669
1781 7929
1781 9671
1781 9783
1781 9907
1781 10210
1781 10337
1781 10547
1781 10912
1781 11184
1781 11275
1781 11438
1781 12680
1781 13211
1781 13339
1781 13471
1781 13878
1781 14639
1781 14740
1781 15090
1781 15674
1781 15824
1781 15990
1781 16163
1781 16430
1781 16796
1781 17617
1782 663
1782 1307
1782 1579
1782 2898
1782 2984
1782 3939
1782 4233
1782 4289
1782 4773
1782 4871
1782 5066
1782 5258
1782 5576
1782 5695
1782 5742
1782 6200
1782 6577
1782 6634
1782 7016
1782 7059
1782 7176
1782 7396
1782 7670
1782 7930
1782 9672
1782 9784
1782 9908
1782 10211
1782 10338
1782 10548
1782 10913
1782 11185
1782 11276
1782 11439
1782 12681
1782 13212
1782 13340
1782 13472
1782 13879
1782 14640
1782 14741
1782 15091
1782 15675
1782 15825
1782 15991
1782 16164
1782 16431
1782 16797
1782 17618
1783 664
1783 1308
1783 1580
1783 2899
1783 2985
1783 3940
1783 4234
1783 4290
1783 4774
1783 4872
1783 5067
1783 5259
1783 5577
1783 5696
1783 5743
1783 6201
1783 6578
1783 6635
1783 7017
1783 7060
1783 7177
1783 7397
1783 7671
1783 7931
1783 9673
1783 9785
1783 9909
1783 10212
1783 10339
1783 10549
1783 10914
1783 11186
1783 11277
1783 11440
1783 12682
1783 13213
1783 13341
1783 13473
1783 13880
1783 14641
1783 14742
1783 15092
1783 15676
1783 15826
1783 15992
1783 16165
1783 16432
1783 16798
1783 17619
1784 665
1784 1309
1784 1581
1784 2900
1784 2986
1784 3941
1784 4235
1784 4291
1784 4775
1784 4873
1784 5068
1784 5260
1784 5578
1784 5697
1784 5744
1784 6202
1784 6579
1784 6636
1784 7018
1784 7061
1784 7178
1784 7398
1784 7672
1784 7932
1784 9674
1784 9786
1784 9910
1784 10213
1784 10340
1784 10550
1784 10915
1784 11187
1784 11278
1784 11441
1784 12683
1784 13214
1784 13342
1784 13474
1784 13881
1784 14642
1784 14743
1784 15093
1784 15677
1784 15827
1784 15993
1784 16166
1784 16433
1784 16799
1784 17620
1785 666
1785 1310
1785 1582
1785 2901
1785 2987
1785 3942
1785 4236
1785 4292
1785 4776
1785 4874
1785 5069
1785 5261
1785 5579
1785 5698
1785 5745
1785 6203
1785 6580
1785 6637
1785 7019
1785 7062
1785 7179
1785 7399
1785 7673
1785 7933
1785 9675
1785 9787
1785 9911
1785 10214
1785 10341
1785 10551
1785 10916
1785 11188
1785 11279
1785 11442
1785 12684
1785 13215
1785 13343
1785 13475
1785 13882
1785 14643
1785 14744
1785 15094
1785 15678
1785 15828
1785 15994
1785 16167
1785 16434
1785 16800
1785 17621
1786 667
1786 1311
1786 1583
1786 2902
1786 2988
1786 3943
1786 4237
1786 4293
1786 4777
1786 4875
1786 5070
1786 5262
1786 5580
1786 5699
1786 5746
1786 6204
1786 6581
1786 6638
1786 7020
1786 7063
1786 7180
1786 7400
1786 7674
1786 7934
1786 9676
1786 9788
1786 9912
1786 10215
1786 10342
1786 10552
1786 10917
1786 11189
1786 11280
1786 11443
1786 12685
1786 13216
1786 13344
1786 13476
1786 13883
1786 14644
1786 14745
1786 15095
1786 15679
1786 15829
1786 15995
1786 16168
1786 16435
1786 16689
1786 17622
1787 668
1787 1312
1787 1584
1787 2903
1787 2989
1787 3944
1787 4238
1787 4294
1787 4778
1787 4876
1787 5071
1787 5263
1787 5581
1787 5700
1787 5747
1787 6205
1787 6582
1787 6639
1787 7021
1787 7064
1787 7181
1787 7401
1787 7675
1787 7935
1787 9677
1787 9789
1787 9913
1787 10216
1787 10343
1787 10553
1787 10918
1787 11190
1787 11281
1787 11444
1787 12686
1787 13105
1787 13345
1787 13477
1787 13884
1787 14645
1787 14746
1787 15096
1787 15680
1787 15830
1787 15996
1787 16169
1787 16436
1787 16690
1787 17623
1788 669
1788 1313
1788 1585
1788 2904
1788 2990
1788 3945
1788 4239
1788 4295
1788 4779
1788 4877
1788 5072
1788 5264
1788 5582
1788 5701
1788 5748
1788 6206
1788 6583
1788 6640
1788 7022
1788 7065
1788 7182
1788 7402
1788 7676
1788 7936
1788 9678
1788 9790
1788 9914
1788 10217
1788 10344
1788 10554
1788 10919
1788 11191
1788 11282
1788 11445
1788 12687
1788 13106
1788 13346
1788 13478
1788 13885
1788 14646
1788 14747
1788 15097
1788 15569
1788 15831
1788 15997
1788 16170
1788 16437
1788 16691
1788 17624
1789 670
1789 1314
1789 1586
1789 2905
1789 2991
1789 3946
1789 4240
1789 4296
1789 4780
1789 4878
1789 5073
1789 5153
1789 5583
1789 5702
1789 5749
1789 6207
1789 6584
1789 6641
1789 7023
1789 7066
1789 7183
1789 7403
1789 7677
1789 7937
1789 9679
1789 9791
1789 9915
1789 10218
1789 10345
1789 10555
1789 10920
1789 11192
1789 11283
1789 11446
1789 12688
1789 13107
1789 13347
1789 13479
1789 13886
1789 14647
1789 14748
1789 15098
1789 15570
1789 15832
1789 15998
1789 16171
1789 16438
1789 16692
1789 17625
1790 671
1790 1315
1790 1587
1790 2906
1790 2992
1790 3947
1790 4241
1790 4297
1790 4781
1790 4879
1790 5074
1790 5154
1790 5584
1790 5703
1790 5750
1790 6208
1790 6585
1790 6642
1790 7024
1790 7067
1790 7184
1790 7404
1790 7678
1790 7938
1790 9680
1790 9792
1790 9916
1790 10219
1790 10346
1790 10556
1790 10921
1790 11193
1790 11284
1790 11447
1790 12689
1790 13108
1790 13348
1790 13480
1790 13887
1790 14648
1790 14749
1790 15099
1790 15571
1790 15833
1790 15999
1790 16172
1790 16439
1790 16693
1790 17626
1791 672
1791 1316
1791 1588
1791 2907
1791 2993
1791 3948
1791 4242
1791 4298
1791 4782
1791 4880
1791 5075
1791 5155
1791 5585
1791 5704
1791 5751
1791 6209
1791 6586
1791 6643
1791 7025
1791 7068
1791 7185
1791 7405
1791 7679
1791 7939
1791 9681
1791 9793
1791 9917
1791 10220
1791 10347
1791 10557
1791 10922
1791 11194
1791 11285
1791 11448
1791 12690
1791 13109
1791 13349
1791 13481
1791 13888
1791 14649
1791 14750
1791 15100
1791 15572
1791 15834
1791 16000
1791 16173
1791 16440
1791 16694
1791 17627
1792 561
1792 1317
1792 1589
1792 2908
1792 2994
1792 3949
1792 4243
1792 4299
1792 4783
1792 4881
1792 5076
1792 5156
1792 5586
1792 5705
1792 5752
1792 6210
1792 6587
1792 6644
1792 7026
1792 7069
1792 7186
1792 7406
1792 7680
1792 7940
1792 9682
1792 9794
1792 9918
1792 10221
1792 10348
1792 10558
1792 10923
1792 11195
1792 11286
1792 11449
1792 12691
1792 13110
1792 13350
1792 13482
1792 13777
1792 14650
1792 14751
1792 15101
1792 15573
1792 15835
1792 16001
1792 16174
1792 16441
1792 16695
1792 17628
